Record_ID,Timestamp,Latitude,Longitude,Road_ID,Vehicle_Count,Avg_Speed_kmh,Vehicle_Type,Traffic_Density,Weather,Visibility_m,Road_Condition,Accident_Occurred,Accident_Severity,Alert_Generated,temperature,Humidity,Year,Month,Day,Hour,DayOfWeek,Accident_Flag,Alert_Flag
1,2023-10-03 09:50:00,32.00471402,76.97196097,RD-285,419,90,Mixed,Medium,Fog,5663,Under Maintenance,Yes,Major,Yes,31.24,61.12,2023,10,3,9,Tuesday,1,1
2,2019-06-09 08:01:00,10.63273152,77.82865203,RD-384,232,104,Mixed,Very High,Rain,896,Wet,No,None,No,48.52,33.07,2019,6,9,8,Sunday,0,0
3,2020-01-08 01:38:00,12.25816513,88.81018932,RD-282,339,100,Bus,Medium,Storm,9369,Under Maintenance,No,None,No,41.96,43.97,2020,1,8,1,Wednesday,0,0
4,2022-10-18 05:43:00,34.28995023,95.41525335,RD-128,74,63,Car,Low,Clear,2510,Slippery,Yes,Fatal,No,37.96,59.52,2022,10,18,5,Tuesday,1,0
5,2023-06-29 23:11:00,31.69899297,77.67548589,RD-49,187,73,Mixed,Low,Storm,3447,Wet,No,None,No,24.68,48.61,2023,6,29,23,Thursday,0,0
6,2020-03-02 15:55:00,30.47145511,89.65525914,RD-237,186,45,Car,Medium,Snow,8988,Wet,No,None,Yes,24.68,40.91,2020,3,2,15,Monday,0,1
7,2021-12-24 18:54:00,26.0953018,95.7416618,RD-53,41,116,Bike,Medium,Clear,5567,Wet,No,None,Yes,21.74,60.25,2021,12,24,18,Friday,0,1
8,2021-07-19 16:37:00,16.4810515,70.83698156,RD-412,348,72,Car,Medium,Storm,1814,Under Maintenance,No,None,No,45.99,49.37,2021,7,19,16,Monday,0,0
9,2022-12-29 09:36:00,35.10881155,83.34685653,RD-407,74,52,Truck,High,Storm,4515,Under Maintenance,No,None,No,38.03,45.49,2022,12,29,9,Thursday,0,0
10,2018-10-10 12:24:00,22.26419583,68.32376572,RD-72,35,65,Truck,Low,Fog,2851,Wet,No,None,No,41.24,57.84,2018,10,10,12,Wednesday,0,0
11,2018-08-27 23:43:00,16.1379664,91.93016289,RD-63,206,9,Bus,Low,Snow,662,Slippery,No,None,No,20.62,38.0,2018,8,27,23,Monday,0,0
12,2018-03-13 00:20:00,18.60166359,76.31983034,RD-7,419,11,Truck,Low,Clear,828,Wet,No,None,No,49.1,85.66,2018,3,13,0,Tuesday,0,0
13,2020-11-26 00:13:00,8.488389441,77.65025732,RD-32,239,79,Bike,Low,Clear,1442,Slippery,No,None,No,44.97,82.06,2020,11,26,0,Thursday,0,0
14,2020-09-26 07:28:00,15.39961279,87.93132121,RD-426,74,107,Car,High,Clear,6256,Dry,No,None,No,26.37,72.46,2020,9,26,7,Saturday,0,0
15,2019-04-07 03:14:00,13.45072715,90.88621461,RD-400,487,10,Car,Low,Rain,6931,Dry,No,None,No,25.45,36.37,2019,4,7,3,Sunday,0,0
16,2023-10-18 15:12:00,11.93114262,79.59971728,RD-114,250,33,Mixed,Very High,Clear,5510,Dry,No,None,Yes,25.5,76.55,2023,10,18,15,Wednesday,0,1
17,2018-03-18 23:53:00,8.932059802,87.30008196,RD-67,405,55,Mixed,Medium,Rain,7462,Slippery,No,None,Yes,29.13,78.48,2018,3,18,23,Sunday,0,1
18,2022-05-28 21:12:00,14.57938786,95.73427793,RD-102,493,85,Mixed,Low,Fog,3274,Under Maintenance,No,None,No,35.74,76.07,2022,5,28,21,Saturday,0,0
19,2023-08-31 12:39:00,11.00204282,93.72016657,RD-422,301,32,Car,Medium,Rain,5632,Slippery,No,None,No,32.96,36.84,2023,8,31,12,Thursday,0,0
20,2018-04-12 22:53:00,9.309070968,88.33752916,RD-206,161,61,Car,Low,Snow,2445,Slippery,No,None,No,28.74,68.63,2018,4,12,22,Thursday,0,0
21,2019-03-19 08:49:00,11.98234551,95.34885279,RD-191,435,67,Mixed,High,Rain,5979,Dry,No,None,Yes,38.36,80.06,2019,3,19,8,Tuesday,0,1
22,2019-03-30 22:44:00,13.86969754,93.4022034,RD-352,320,42,Car,High,Snow,3450,Wet,No,None,No,24.18,64.64,2019,3,30,22,Saturday,0,0
23,2023-03-22 01:16:00,20.06290743,89.14126312,RD-323,192,87,Bike,Very High,Snow,3951,Slippery,No,None,Yes,28.76,68.78,2023,3,22,1,Wednesday,0,1
24,2021-02-09 05:12:00,24.9271749,94.60018501,RD-481,98,53,Mixed,High,Snow,2824,Dry,No,None,No,30.99,57.5,2021,2,9,5,Tuesday,0,0
25,2020-03-29 09:37:00,17.34571001,91.70432346,RD-331,273,112,Truck,High,Snow,4564,Slippery,No,None,Yes,33.68,61.72,2020,3,29,9,Sunday,0,1
26,2023-01-26 05:49:00,12.09652305,82.56536885,RD-44,469,16,Mixed,High,Clear,665,Under Maintenance,No,None,No,43.56,32.06,2023,1,26,5,Thursday,0,0
27,2023-11-07 02:57:00,35.26939105,82.56617519,RD-299,198,49,Truck,Low,Snow,699,Slippery,No,None,No,25.99,68.34,2023,11,7,2,Tuesday,0,0
28,2018-10-03 15:45:00,22.93075765,68.25493292,RD-301,36,106,Bus,Medium,Storm,2171,Dry,No,None,No,35.43,34.89,2018,10,3,15,Wednesday,0,0
29,2022-08-17 05:26:00,29.51452965,68.87724229,RD-133,260,87,Truck,Very High,Fog,8915,Slippery,No,None,No,37.77,56.1,2022,8,17,5,Wednesday,0,0
30,2019-01-04 08:40:00,28.1386191,89.64060025,RD-470,469,101,Bike,Medium,Storm,9075,Slippery,No,None,No,21.39,47.56,2019,1,4,8,Friday,0,0
31,2021-05-10 13:02:00,16.26200596,84.0882981,RD-417,200,49,Car,Very High,Clear,3553,Slippery,No,None,No,38.23,62.73,2021,5,10,13,Monday,0,0
32,2022-09-14 05:46:00,24.23599584,90.06778547,RD-39,137,9,Bike,Very High,Snow,4081,Dry,No,None,No,25.12,38.0,2022,9,14,5,Wednesday,0,0
33,2020-04-24 17:59:00,25.46275936,95.54022176,RD-12,425,69,Bus,Low,Rain,867,Dry,No,None,No,21.95,71.5,2020,4,24,17,Friday,0,0
34,2023-11-04 09:23:00,18.2019397,81.12338901,RD-34,325,39,Bike,Medium,Clear,7072,Slippery,No,None,No,48.47,77.7,2023,11,4,9,Saturday,0,0
35,2021-09-30 15:55:00,27.4522304,70.56492243,RD-102,428,39,Bike,Medium,Fog,8860,Dry,No,None,No,48.97,39.8,2021,9,30,15,Thursday,0,0
36,2020-05-23 03:48:00,30.92961999,86.17022383,RD-463,153,115,Bus,Medium,Rain,5111,Slippery,No,None,No,44.25,36.26,2020,5,23,3,Saturday,0,0
37,2022-02-14 20:16:00,18.56210597,70.89228056,RD-331,429,115,Bike,Very High,Rain,3705,Slippery,No,None,No,29.14,38.73,2022,2,14,20,Monday,0,0
38,2020-07-09 05:39:00,8.432545775,86.01778674,RD-228,321,35,Bus,Very High,Snow,4536,Slippery,No,None,No,22.93,82.63,2020,7,9,5,Thursday,0,0
39,2019-07-03 16:02:00,18.13074219,83.30442647,RD-415,167,40,Car,Very High,Fog,1490,Slippery,No,None,No,40.53,61.69,2019,7,3,16,Wednesday,0,0
40,2023-11-05 04:04:00,11.3876525,88.65429602,RD-66,238,44,Mixed,Low,Fog,9360,Wet,No,None,No,33.2,58.04,2023,11,5,4,Sunday,0,0
41,2021-04-10 01:22:00,12.51262879,78.17782716,RD-48,390,103,Car,Very High,Rain,3772,Wet,No,None,No,23.66,36.4,2021,4,10,1,Saturday,0,0
42,2023-12-01 17:38:00,18.61253483,72.17199223,RD-464,41,44,Car,Low,Fog,8171,Under Maintenance,No,None,No,34.86,68.97,2023,12,1,17,Friday,0,0
43,2018-06-18 06:55:00,14.02101185,74.85010437,RD-434,88,65,Car,Medium,Storm,6840,Slippery,No,None,No,21.03,82.08,2018,6,18,6,Monday,0,0
44,2022-02-14 19:57:00,35.11177965,87.82539613,RD-425,286,16,Bike,Low,Snow,8431,Slippery,No,None,Yes,47.28,79.69,2022,2,14,19,Monday,0,1
45,2018-12-08 23:37:00,26.93128475,81.86680189,RD-415,65,86,Car,High,Snow,4184,Dry,No,None,No,27.76,67.56,2018,12,8,23,Saturday,0,0
46,2022-08-02 00:41:00,23.03256062,83.68370694,RD-170,433,96,Bus,High,Storm,7148,Slippery,No,None,No,39.88,34.52,2022,8,2,0,Tuesday,0,0
47,2022-02-20 08:22:00,8.282005938,77.36695425,RD-63,358,17,Bus,Medium,Storm,888,Dry,No,None,No,29.35,36.74,2022,2,20,8,Sunday,0,0
48,2018-08-22 22:39:00,11.00491455,92.26436288,RD-22,63,34,Bus,High,Fog,8060,Under Maintenance,No,None,Yes,35.6,32.96,2018,8,22,22,Wednesday,0,1
49,2019-05-04 14:13:00,30.86585755,96.98419731,RD-483,423,44,Bus,Very High,Rain,6707,Wet,No,None,No,36.4,45.45,2019,5,4,14,Saturday,0,0
50,2022-10-02 02:12:00,19.30256913,77.05397714,RD-237,482,21,Car,High,Fog,7990,Wet,No,None,No,25.55,38.14,2022,10,2,2,Sunday,0,0
51,2018-06-05 12:01:00,9.319302687,88.84089674,RD-26,29,77,Truck,Low,Storm,4108,Dry,No,None,Yes,49.09,45.6,2018,6,5,12,Tuesday,0,1
52,2019-01-14 01:21:00,31.94121372,72.96190708,RD-87,211,107,Mixed,Very High,Snow,8017,Slippery,Yes,Fatal,No,43.25,53.1,2019,1,14,1,Monday,1,0
53,2021-04-03 22:43:00,16.77673438,89.53052615,RD-474,232,26,Truck,High,Snow,432,Dry,No,None,Yes,48.18,86.58,2021,4,3,22,Saturday,0,1
54,2023-05-01 06:54:00,19.20257304,80.49468976,RD-294,138,60,Bike,Medium,Snow,2550,Under Maintenance,No,None,No,46.84,66.62,2023,5,1,6,Monday,0,0
55,2018-03-16 11:44:00,36.25670305,85.55386502,RD-222,339,66,Car,High,Fog,3991,Wet,No,None,No,37.94,80.1,2018,3,16,11,Friday,0,0
56,2022-02-16 22:12:00,8.44986949,74.8892583,RD-421,155,61,Truck,Very High,Storm,8290,Slippery,Yes,Minor,No,47.66,72.62,2022,2,16,22,Wednesday,1,0
57,2023-10-04 00:34:00,28.9184074,92.69804532,RD-371,378,19,Car,High,Rain,3303,Slippery,No,None,No,22.65,36.75,2023,10,4,0,Wednesday,0,0
58,2018-12-09 09:12:00,35.51764111,73.02672393,RD-203,237,97,Bus,High,Fog,5631,Slippery,No,None,No,25.88,74.16,2018,12,9,9,Sunday,0,0
59,2018-07-30 02:25:00,9.851927888,94.92955778,RD-255,450,58,Bike,Low,Snow,3503,Wet,No,None,No,21.36,46.51,2018,7,30,2,Monday,0,0
60,2023-03-11 21:44:00,33.11623371,69.77620266,RD-16,324,20,Truck,Low,Storm,5172,Slippery,No,None,No,29.76,68.35,2023,3,11,21,Saturday,0,0
61,2021-12-08 02:40:00,20.07100911,76.35146493,RD-196,393,88,Mixed,Low,Rain,7340,Under Maintenance,No,None,No,31.66,50.46,2021,12,8,2,Wednesday,0,0
62,2023-03-21 17:25:00,33.46189896,84.32541943,RD-350,137,93,Bus,High,Clear,8294,Under Maintenance,No,None,No,28.14,89.86,2023,3,21,17,Tuesday,0,0
63,2018-03-22 08:41:00,16.93996319,92.89558893,RD-219,150,108,Bus,Low,Fog,3898,Wet,No,None,No,44.86,45.81,2018,3,22,8,Thursday,0,0
64,2020-08-02 00:39:00,36.49721889,84.73372085,RD-89,297,28,Bike,Low,Clear,4074,Wet,No,None,Yes,30.7,46.75,2020,8,2,0,Sunday,0,1
65,2020-04-25 19:09:00,26.76443288,74.26729702,RD-182,479,84,Bus,Low,Storm,2711,Wet,No,None,No,28.43,85.84,2020,4,25,19,Saturday,0,0
66,2022-09-27 12:18:00,26.18562045,92.91196821,RD-110,79,119,Bus,Medium,Clear,3887,Dry,No,None,No,36.28,31.48,2022,9,27,12,Tuesday,0,0
67,2022-05-28 12:49:00,31.3711981,85.28870121,RD-466,170,84,Truck,Very High,Snow,4459,Wet,No,None,Yes,24.23,71.8,2022,5,28,12,Saturday,0,1
68,2022-10-14 05:36:00,20.66099602,74.73806212,RD-96,458,29,Bus,Medium,Fog,6423,Wet,No,None,No,44.07,73.52,2022,10,14,5,Friday,0,0
69,2023-05-07 00:46:00,15.50141933,84.2934633,RD-141,12,50,Bike,High,Rain,4600,Dry,No,None,No,22.24,80.18,2023,5,7,0,Sunday,0,0
70,2019-12-19 14:47:00,15.62497559,87.58367859,RD-144,398,59,Car,High,Snow,2572,Slippery,No,None,No,49.61,88.47,2019,12,19,14,Thursday,0,0
71,2022-01-06 16:25:00,17.58750877,87.7352962,RD-229,379,116,Bike,Low,Storm,8502,Dry,No,None,No,43.17,88.54,2022,1,6,16,Thursday,0,0
72,2021-09-18 03:30:00,25.9032264,88.99613366,RD-453,484,5,Bike,Very High,Fog,7899,Under Maintenance,No,None,No,25.96,33.92,2021,9,18,3,Saturday,0,0
73,2019-11-08 16:20:00,32.31330219,93.9764031,RD-77,21,54,Car,Medium,Storm,5741,Under Maintenance,Yes,Fatal,Yes,20.17,79.31,2019,11,8,16,Friday,1,1
74,2018-01-19 22:29:00,22.48775847,91.91983943,RD-18,298,54,Truck,Very High,Storm,1095,Slippery,No,None,No,44.46,68.78,2018,1,19,22,Friday,0,0
75,2019-06-08 13:52:00,19.69999868,85.62321305,RD-315,498,37,Mixed,High,Storm,3454,Dry,No,None,Yes,41.21,68.84,2019,6,8,13,Saturday,0,1
76,2018-06-21 20:48:00,31.02158442,68.93279676,RD-318,36,117,Mixed,High,Fog,9263,Slippery,No,None,No,41.87,37.7,2018,6,21,20,Thursday,0,0
77,2019-10-11 16:31:00,16.4003693,89.73614869,RD-316,378,75,Bike,Low,Snow,5138,Under Maintenance,No,None,No,43.14,69.01,2019,10,11,16,Friday,0,0
78,2023-11-18 09:35:00,27.9820228,96.27382326,RD-126,390,106,Truck,Medium,Storm,8882,Dry,No,None,No,22.22,88.95,2023,11,18,9,Saturday,0,0
79,2019-01-12 12:36:00,11.0683514,76.86143201,RD-332,22,113,Truck,Medium,Rain,4984,Dry,No,None,Yes,30.75,84.71,2019,1,12,12,Saturday,0,1
80,2018-02-22 07:01:00,11.28390972,85.60005989,RD-152,375,96,Truck,Very High,Snow,1235,Under Maintenance,No,None,No,23.48,56.35,2018,2,22,7,Thursday,0,0
81,2020-04-13 20:43:00,26.67760883,90.29133166,RD-256,132,107,Truck,Very High,Storm,9755,Wet,No,None,No,45.89,32.4,2020,4,13,20,Monday,0,0
82,2019-03-21 15:44:00,10.39976491,86.5335804,RD-211,212,32,Bike,High,Fog,3554,Slippery,No,None,No,38.7,51.74,2019,3,21,15,Thursday,0,0
83,2020-10-14 12:36:00,12.49648375,94.75391793,RD-452,263,36,Bus,Low,Storm,4448,Under Maintenance,No,None,No,29.93,79.58,2020,10,14,12,Wednesday,0,0
84,2022-10-02 23:43:00,26.10670266,81.72685883,RD-282,212,92,Mixed,High,Storm,5753,Under Maintenance,No,None,No,21.91,72.09,2022,10,2,23,Sunday,0,0
85,2019-10-19 23:39:00,20.70790722,83.42355651,RD-246,173,12,Mixed,Very High,Clear,8745,Dry,No,None,No,29.33,57.56,2019,10,19,23,Saturday,0,0
86,2023-06-17 00:13:00,24.27759713,69.10905832,RD-32,370,48,Car,Low,Clear,2282,Dry,No,None,No,29.76,33.31,2023,6,17,0,Saturday,0,0
87,2023-10-28 23:46:00,36.33134447,94.10641805,RD-45,195,100,Bike,Very High,Snow,3773,Slippery,Yes,Minor,No,41.89,55.61,2023,10,28,23,Saturday,1,0
88,2021-10-16 21:59:00,26.3268701,75.60620154,RD-144,329,32,Mixed,Medium,Clear,379,Under Maintenance,No,None,No,39.13,58.14,2021,10,16,21,Saturday,0,0
89,2020-05-06 07:05:00,25.13467332,96.37421115,RD-197,443,116,Bike,Very High,Fog,7855,Under Maintenance,No,None,Yes,46.62,85.71,2020,5,6,7,Wednesday,0,1
90,2020-08-17 12:18:00,19.02400436,73.8610845,RD-71,131,71,Bike,High,Clear,4111,Dry,Yes,Fatal,No,34.17,68.47,2020,8,17,12,Monday,1,0
91,2018-03-09 08:53:00,26.29545025,75.35021467,RD-215,188,11,Truck,Low,Fog,3929,Under Maintenance,No,None,No,23.59,48.7,2018,3,9,8,Friday,0,0
92,2023-10-12 11:13:00,8.376986245,82.05414339,RD-103,141,10,Car,Low,Storm,6461,Dry,No,None,No,41.4,61.52,2023,10,12,11,Thursday,0,0
93,2023-03-05 10:53:00,24.16228723,87.15450223,RD-330,309,97,Bike,Low,Snow,9111,Wet,No,None,No,42.82,33.96,2023,3,5,10,Sunday,0,0
94,2023-02-20 02:41:00,9.998023455,80.77927362,RD-453,27,49,Mixed,High,Clear,1178,Wet,No,None,Yes,36.84,88.35,2023,2,20,2,Monday,0,1
95,2022-01-14 17:56:00,14.38499516,78.20267942,RD-409,27,18,Mixed,High,Clear,3350,Slippery,No,None,No,43.13,51.6,2022,1,14,17,Friday,0,0
96,2021-08-30 15:20:00,24.33050906,83.66252235,RD-270,485,49,Car,High,Snow,7844,Slippery,No,None,No,34.81,58.67,2021,8,30,15,Monday,0,0
97,2022-12-18 20:51:00,27.37056591,95.79065122,RD-128,15,63,Bike,Medium,Fog,1046,Under Maintenance,No,None,No,35.68,51.32,2022,12,18,20,Sunday,0,0
98,2019-01-06 14:37:00,19.15909967,95.89660789,RD-323,196,44,Truck,Low,Fog,7235,Under Maintenance,No,None,No,32.83,70.95,2019,1,6,14,Sunday,0,0
99,2022-01-22 08:31:00,20.15041756,77.51329887,RD-411,200,87,Car,Low,Clear,1496,Under Maintenance,No,None,No,20.76,69.73,2022,1,22,8,Saturday,0,0
100,2020-03-23 15:02:00,22.44264977,87.72460059,RD-279,52,50,Bike,Low,Fog,5846,Under Maintenance,No,None,No,23.24,72.92,2020,3,23,15,Monday,0,0
101,2019-11-04 11:37:00,30.01316362,88.93545661,RD-407,259,63,Car,Low,Fog,367,Wet,No,None,No,20.94,46.09,2019,11,4,11,Monday,0,0
102,2023-02-16 00:39:00,8.511205376,86.94909672,RD-10,206,93,Truck,Medium,Clear,274,Dry,No,None,Yes,39.09,48.94,2023,2,16,0,Thursday,0,1
103,2018-07-21 22:58:00,20.96497196,71.27729737,RD-196,212,41,Bus,Low,Clear,7626,Dry,No,None,No,29.43,37.52,2018,7,21,22,Saturday,0,0
104,2021-04-07 22:55:00,8.413934339,83.6447939,RD-401,462,86,Bus,Medium,Clear,3646,Under Maintenance,Yes,None,No,35.26,69.33,2021,4,7,22,Wednesday,1,0
105,2021-07-26 19:40:00,17.25511396,90.13429662,RD-366,274,72,Bus,Very High,Rain,7101,Wet,No,None,No,47.23,32.39,2021,7,26,19,Monday,0,0
106,2022-08-26 23:27:00,23.07561002,73.82347714,RD-184,416,69,Truck,High,Clear,7329,Under Maintenance,Yes,None,No,27.48,65.86,2022,8,26,23,Friday,1,0
107,2022-04-27 14:05:00,10.31765923,78.09805608,RD-246,276,101,Truck,High,Rain,4352,Dry,No,None,No,32.31,82.18,2022,4,27,14,Wednesday,0,0
108,2018-01-25 23:31:00,22.07119231,73.91021273,RD-279,198,32,Car,Low,Storm,6054,Slippery,No,None,No,42.67,83.45,2018,1,25,23,Thursday,0,0
109,2023-03-25 16:00:00,34.81264321,93.72092808,RD-401,344,45,Mixed,High,Fog,5705,Wet,No,None,No,26.86,56.94,2023,3,25,16,Saturday,0,0
110,2021-01-06 22:32:00,27.87492779,92.89741687,RD-249,482,87,Truck,Low,Rain,1640,Dry,No,None,No,22.31,57.56,2021,1,6,22,Wednesday,0,0
111,2023-06-23 06:42:00,30.68532748,72.90689049,RD-177,282,101,Truck,Medium,Storm,5068,Dry,No,None,No,28.69,34.62,2023,6,23,6,Friday,0,0
112,2022-11-06 19:15:00,24.83201233,90.05595681,RD-468,187,19,Bus,High,Fog,3708,Slippery,No,None,No,24.84,70.25,2022,11,6,19,Sunday,0,0
113,2018-06-21 05:35:00,33.99441042,78.55530597,RD-290,446,113,Bus,High,Fog,7362,Slippery,No,None,No,47.89,79.28,2018,6,21,5,Thursday,0,0
114,2023-08-23 04:20:00,12.25920947,87.89895853,RD-258,99,91,Bus,Medium,Fog,9478,Slippery,Yes,Fatal,No,44.24,44.68,2023,8,23,4,Wednesday,1,0
115,2022-11-10 03:46:00,21.04379496,82.30767624,RD-165,279,97,Mixed,Medium,Snow,9471,Slippery,No,None,Yes,39.0,55.28,2022,11,10,3,Thursday,0,1
116,2022-10-10 17:43:00,25.3139638,81.6873891,RD-199,48,43,Bus,Very High,Snow,7087,Wet,No,None,No,46.14,80.33,2022,10,10,17,Monday,0,0
117,2021-10-09 07:04:00,33.33078491,93.55725956,RD-139,129,82,Bus,Medium,Rain,5206,Under Maintenance,No,None,Yes,44.11,82.63,2021,10,9,7,Saturday,0,1
118,2020-02-13 07:23:00,16.93229712,86.4719637,RD-93,64,98,Mixed,Low,Rain,9092,Wet,No,None,No,25.6,44.59,2020,2,13,7,Thursday,0,0
119,2019-06-22 11:49:00,8.032711355,74.83727034,RD-14,249,70,Bus,Low,Fog,4563,Wet,No,None,No,46.78,63.03,2019,6,22,11,Saturday,0,0
120,2018-08-17 05:19:00,36.25800922,71.21200977,RD-164,274,81,Car,High,Storm,1112,Dry,No,None,No,36.18,41.55,2018,8,17,5,Friday,0,0
121,2019-10-09 10:21:00,8.75334182,95.06879845,RD-306,200,108,Car,High,Rain,8017,Dry,No,None,No,44.22,36.11,2019,10,9,10,Wednesday,0,0
122,2022-12-07 08:34:00,12.41863509,72.44819259,RD-113,292,32,Bike,Medium,Clear,9118,Dry,No,None,Yes,46.88,84.67,2022,12,7,8,Wednesday,0,1
123,2021-01-09 14:42:00,20.23934355,89.28821769,RD-16,172,35,Car,Low,Clear,2523,Dry,No,None,No,29.54,79.23,2021,1,9,14,Saturday,0,0
124,2018-08-07 07:31:00,22.39472458,82.379636,RD-459,356,16,Mixed,Medium,Rain,2683,Dry,No,None,Yes,23.3,75.6,2018,8,7,7,Tuesday,0,1
125,2019-02-19 01:17:00,32.19951277,72.0618961,RD-416,254,17,Bus,Medium,Storm,5811,Wet,Yes,Major,No,26.84,32.93,2019,2,19,1,Tuesday,1,0
126,2021-08-23 11:06:00,20.98672055,90.52301262,RD-399,473,7,Bike,Low,Clear,6735,Slippery,No,None,Yes,32.81,80.62,2021,8,23,11,Monday,0,1
127,2022-01-17 10:36:00,23.87544496,94.23005155,RD-144,325,67,Truck,High,Fog,4272,Under Maintenance,No,None,Yes,44.54,56.28,2022,1,17,10,Monday,0,1
128,2018-02-04 19:31:00,13.79999625,71.52369162,RD-30,223,33,Truck,High,Fog,8606,Wet,No,None,No,45.82,50.54,2018,2,4,19,Sunday,0,0
129,2023-04-14 20:24:00,24.50560228,69.94557601,RD-415,295,119,Car,High,Snow,3900,Under Maintenance,No,None,No,20.21,62.79,2023,4,14,20,Friday,0,0
130,2018-03-21 19:28:00,18.10312855,92.64564859,RD-242,99,68,Bike,High,Snow,2709,Under Maintenance,No,None,Yes,35.32,35.48,2018,3,21,19,Wednesday,0,1
131,2018-08-12 02:30:00,10.86323616,82.52764973,RD-272,368,98,Truck,Very High,Snow,559,Slippery,No,None,No,32.52,75.4,2018,8,12,2,Sunday,0,0
132,2021-07-10 16:53:00,35.44742385,87.56152245,RD-184,389,80,Truck,Very High,Storm,4578,Under Maintenance,No,None,No,26.66,64.95,2021,7,10,16,Saturday,0,0
133,2020-01-22 18:18:00,10.36884428,80.80292978,RD-393,176,89,Truck,High,Fog,5810,Slippery,No,None,No,23.6,41.2,2020,1,22,18,Wednesday,0,0
134,2020-07-08 19:47:00,27.65848898,79.96041944,RD-300,189,70,Car,Low,Storm,8686,Wet,No,None,No,30.13,41.29,2020,7,8,19,Wednesday,0,0
135,2021-09-14 12:37:00,34.33760143,76.69011492,RD-120,490,54,Car,Low,Clear,4658,Slippery,No,None,No,48.29,41.05,2021,9,14,12,Tuesday,0,0
136,2023-09-02 02:35:00,13.19693497,84.32491652,RD-499,113,84,Bike,Medium,Fog,1030,Slippery,No,None,No,29.7,33.42,2023,9,2,2,Saturday,0,0
137,2019-12-11 13:50:00,14.87641232,72.63442932,RD-82,67,100,Car,Very High,Snow,8883,Dry,No,None,No,35.56,65.27,2019,12,11,13,Wednesday,0,0
138,2019-01-26 09:45:00,20.37449619,88.79969232,RD-52,330,96,Car,High,Snow,562,Dry,No,None,No,41.09,80.42,2019,1,26,9,Saturday,0,0
139,2020-04-14 12:28:00,16.54078908,83.93346273,RD-127,213,77,Mixed,High,Clear,2938,Slippery,No,None,No,30.91,31.05,2020,4,14,12,Tuesday,0,0
140,2018-11-18 12:49:00,30.01196105,92.57810454,RD-337,135,21,Car,Low,Fog,279,Slippery,No,None,No,49.15,32.94,2018,11,18,12,Sunday,0,0
141,2022-12-05 04:33:00,17.80644789,94.70940921,RD-124,474,60,Bike,Medium,Storm,1464,Under Maintenance,No,None,No,48.87,64.37,2022,12,5,4,Monday,0,0
142,2022-11-30 05:17:00,36.58923067,94.11701615,RD-137,354,118,Car,Low,Storm,4686,Under Maintenance,No,None,No,27.55,79.17,2022,11,30,5,Wednesday,0,0
143,2019-06-23 15:54:00,32.90482974,85.43569652,RD-274,166,87,Car,Very High,Clear,7528,Slippery,No,None,No,34.92,49.6,2019,6,23,15,Sunday,0,0
144,2018-05-29 20:12:00,33.96497988,77.24329485,RD-418,451,11,Mixed,Low,Fog,9995,Under Maintenance,No,None,Yes,29.03,50.98,2018,5,29,20,Tuesday,0,1
145,2023-05-28 07:01:00,9.846264273,78.35791959,RD-406,264,40,Bike,High,Storm,5962,Wet,No,None,Yes,28.55,65.78,2023,5,28,7,Sunday,0,1
146,2018-11-27 00:19:00,13.11294532,86.92354586,RD-470,435,44,Truck,Low,Snow,3056,Under Maintenance,No,None,No,21.11,46.45,2018,11,27,0,Tuesday,0,0
147,2021-04-28 13:25:00,12.9116838,88.64704593,RD-378,37,5,Mixed,Low,Snow,2850,Under Maintenance,No,None,No,38.29,31.6,2021,4,28,13,Wednesday,0,0
148,2018-05-25 21:46:00,27.4869748,72.67728052,RD-29,220,46,Car,High,Storm,8257,Slippery,No,None,No,35.08,74.11,2018,5,25,21,Friday,0,0
149,2020-07-08 11:45:00,8.345429851,96.94053076,RD-392,498,40,Bus,Very High,Fog,7629,Under Maintenance,No,None,No,21.54,67.54,2020,7,8,11,Wednesday,0,0
150,2021-08-02 16:27:00,31.3863598,71.11758987,RD-486,275,117,Mixed,Very High,Storm,2181,Slippery,No,None,No,28.36,64.85,2021,8,2,16,Monday,0,0
151,2019-11-05 19:42:00,23.86433453,85.60567488,RD-113,276,43,Mixed,Very High,Clear,9725,Dry,No,None,Yes,47.25,74.5,2019,11,5,19,Tuesday,0,1
152,2019-01-30 02:23:00,24.42307792,83.39968713,RD-295,467,5,Bike,Very High,Fog,9366,Under Maintenance,No,None,No,27.19,70.51,2019,1,30,2,Wednesday,0,0
153,2019-09-16 16:31:00,23.58275624,85.13865716,RD-434,263,116,Truck,High,Storm,8288,Slippery,No,None,No,24.35,42.35,2019,9,16,16,Monday,0,0
154,2023-09-24 12:37:00,23.5250308,83.47918104,RD-409,197,92,Truck,Very High,Snow,9058,Slippery,No,None,No,34.68,51.15,2023,9,24,12,Sunday,0,0
155,2018-09-18 12:49:00,13.73869616,69.67939356,RD-199,39,67,Truck,High,Fog,7347,Under Maintenance,No,None,No,49.57,37.57,2018,9,18,12,Tuesday,0,0
156,2021-05-13 19:45:00,16.21221193,96.88183715,RD-182,314,78,Mixed,High,Rain,3028,Dry,No,None,No,27.26,37.79,2021,5,13,19,Thursday,0,0
157,2018-04-09 16:12:00,22.14090628,96.45703419,RD-479,464,79,Bus,Low,Fog,8091,Slippery,No,None,No,40.16,70.57,2018,4,9,16,Monday,0,0
158,2018-06-29 23:52:00,27.65749043,83.20620645,RD-430,462,106,Bike,Low,Snow,2892,Slippery,No,None,No,42.85,81.52,2018,6,29,23,Friday,0,0
159,2019-03-27 03:14:00,15.88665904,74.04211802,RD-433,197,90,Bus,High,Fog,3245,Under Maintenance,No,None,No,27.13,87.76,2019,3,27,3,Wednesday,0,0
160,2023-05-28 01:25:00,31.37791282,73.30532059,RD-89,293,60,Truck,Low,Clear,8718,Wet,Yes,Minor,No,41.85,67.7,2023,5,28,1,Sunday,1,0
161,2022-01-02 04:52:00,31.50720187,69.65440743,RD-91,285,35,Mixed,Low,Snow,5889,Slippery,No,None,No,31.03,41.05,2022,1,2,4,Sunday,0,0
162,2018-08-14 10:13:00,15.94250281,85.7439097,RD-122,489,5,Truck,Medium,Snow,8332,Under Maintenance,No,None,Yes,38.97,36.34,2018,8,14,10,Tuesday,0,1
163,2018-09-05 02:34:00,24.24187574,81.86885996,RD-304,196,45,Bus,Medium,Clear,6892,Under Maintenance,No,None,No,39.01,78.77,2018,9,5,2,Wednesday,0,0
164,2022-04-22 20:17:00,18.11876278,80.07304173,RD-163,405,15,Truck,Medium,Rain,7076,Dry,No,None,No,36.07,64.73,2022,4,22,20,Friday,0,0
165,2022-02-24 18:25:00,13.52988633,83.23118689,RD-413,142,10,Car,Very High,Fog,5553,Slippery,No,None,No,22.71,67.1,2022,2,24,18,Thursday,0,0
166,2022-01-30 14:41:00,31.37399872,93.31273488,RD-378,39,55,Bike,Low,Clear,4930,Slippery,No,None,No,45.06,76.89,2022,1,30,14,Sunday,0,0
167,2022-02-11 20:41:00,36.75295533,70.05084089,RD-358,170,68,Bus,Very High,Fog,1653,Slippery,No,None,No,29.62,72.2,2022,2,11,20,Friday,0,0
168,2021-04-10 03:46:00,24.40585617,83.77858876,RD-184,147,113,Car,High,Fog,9142,Under Maintenance,No,None,No,25.6,80.07,2021,4,10,3,Saturday,0,0
169,2022-02-24 18:07:00,34.50445444,88.32948995,RD-468,432,85,Truck,Very High,Rain,7878,Slippery,No,None,No,21.22,33.37,2022,2,24,18,Thursday,0,0
170,2023-02-15 17:44:00,26.62289542,96.14997567,RD-303,356,82,Bike,Low,Fog,4369,Dry,No,None,No,37.73,74.85,2023,2,15,17,Wednesday,0,0
171,2018-10-20 16:17:00,24.40598735,89.45107245,RD-15,341,100,Bike,Medium,Clear,9087,Dry,No,None,No,40.33,81.05,2018,10,20,16,Saturday,0,0
172,2022-07-15 19:01:00,21.92420152,83.89532175,RD-361,75,24,Bike,Very High,Fog,5169,Slippery,No,None,No,20.5,47.17,2022,7,15,19,Friday,0,0
173,2018-11-18 12:35:00,14.83573403,90.23629293,RD-359,231,8,Mixed,Low,Fog,3893,Slippery,No,None,Yes,35.36,68.43,2018,11,18,12,Sunday,0,1
174,2023-03-15 09:45:00,10.44340287,96.91468859,RD-181,197,43,Bike,Medium,Rain,8230,Under Maintenance,No,None,Yes,26.79,48.85,2023,3,15,9,Wednesday,0,1
175,2023-09-21 10:16:00,20.82774162,93.77329633,RD-486,434,51,Car,High,Fog,9643,Dry,No,None,No,39.36,87.48,2023,9,21,10,Thursday,0,0
176,2023-10-27 02:32:00,24.27798749,70.58379218,RD-291,462,26,Bus,High,Snow,7477,Wet,No,None,No,25.23,32.01,2023,10,27,2,Friday,0,0
177,2021-04-27 05:51:00,22.77403997,84.67001056,RD-289,46,97,Car,High,Storm,9677,Slippery,No,None,No,40.73,64.79,2021,4,27,5,Tuesday,0,0
178,2018-08-07 18:38:00,28.17154843,90.80775052,RD-73,215,46,Truck,Very High,Snow,3222,Slippery,No,None,No,31.6,39.99,2018,8,7,18,Tuesday,0,0
179,2023-01-16 11:06:00,13.57086472,87.48438899,RD-289,380,105,Mixed,High,Rain,3359,Under Maintenance,No,None,No,48.1,72.73,2023,1,16,11,Monday,0,0
180,2021-03-27 14:10:00,18.27188639,80.09206802,RD-486,483,81,Mixed,Very High,Fog,1232,Dry,No,None,No,24.13,40.55,2021,3,27,14,Saturday,0,0
181,2019-12-12 03:08:00,20.05145087,77.35088686,RD-97,379,83,Truck,Very High,Clear,4360,Slippery,No,None,No,30.23,44.12,2019,12,12,3,Thursday,0,0
182,2020-05-15 23:35:00,13.40917586,86.1831431,RD-429,401,39,Bus,Very High,Fog,5113,Under Maintenance,No,None,No,23.4,59.66,2020,5,15,23,Friday,0,0
183,2022-10-28 13:42:00,34.2874622,79.95869305,RD-415,488,29,Mixed,Very High,Fog,6742,Slippery,Yes,Major,No,47.74,84.89,2022,10,28,13,Friday,1,0
184,2018-05-19 15:38:00,27.76383226,79.36792843,RD-452,66,119,Truck,Medium,Rain,1025,Under Maintenance,Yes,Major,No,46.32,42.7,2018,5,19,15,Saturday,1,0
185,2023-06-23 18:59:00,10.66400804,92.26551297,RD-497,76,7,Truck,Medium,Fog,5014,Under Maintenance,No,None,Yes,27.74,38.65,2023,6,23,18,Friday,0,1
186,2023-11-13 23:31:00,28.67114316,77.15400727,RD-253,37,55,Truck,Very High,Clear,1218,Under Maintenance,No,None,No,39.8,75.54,2023,11,13,23,Monday,0,0
187,2018-05-27 10:28:00,23.88584057,86.70279417,RD-278,151,16,Truck,Medium,Clear,3598,Slippery,No,None,Yes,44.52,60.04,2018,5,27,10,Sunday,0,1
188,2021-07-27 20:30:00,23.19427354,93.3295697,RD-159,148,18,Bike,Low,Storm,6645,Slippery,No,None,No,36.66,84.71,2021,7,27,20,Tuesday,0,0
189,2020-05-25 11:08:00,36.70378748,86.0313855,RD-90,422,44,Bus,Medium,Storm,546,Dry,No,None,Yes,35.89,38.8,2020,5,25,11,Monday,0,1
190,2023-05-06 17:10:00,25.92782381,82.2908338,RD-252,241,36,Truck,High,Fog,1105,Slippery,Yes,Major,No,27.26,68.76,2023,5,6,17,Saturday,1,0
191,2019-06-22 12:43:00,34.0051176,69.02377842,RD-20,447,54,Bike,Very High,Clear,3879,Wet,No,None,Yes,22.79,43.97,2019,6,22,12,Saturday,0,1
192,2018-06-12 20:12:00,34.49291926,87.76560408,RD-47,469,72,Bike,Medium,Fog,6892,Dry,No,None,No,46.92,39.41,2018,6,12,20,Tuesday,0,0
193,2021-02-23 21:18:00,10.94114032,96.92825479,RD-29,116,33,Car,Medium,Snow,6653,Under Maintenance,No,None,Yes,47.01,71.01,2021,2,23,21,Tuesday,0,1
194,2020-08-23 23:56:00,8.242505435,91.44448605,RD-120,146,35,Truck,Very High,Rain,939,Dry,No,None,Yes,38.99,65.62,2020,8,23,23,Sunday,0,1
195,2023-10-17 01:29:00,20.62274037,86.3995194,RD-309,387,100,Bike,Very High,Rain,2197,Wet,No,None,No,30.17,75.29,2023,10,17,1,Tuesday,0,0
196,2023-05-19 04:42:00,30.30926445,81.60519056,RD-113,173,28,Car,Low,Clear,9710,Wet,No,None,No,30.48,48.57,2023,5,19,4,Friday,0,0
197,2019-07-18 23:56:00,31.9016827,74.50540172,RD-11,156,15,Car,Low,Snow,3831,Under Maintenance,No,None,No,41.78,56.88,2019,7,18,23,Thursday,0,0
198,2023-07-25 22:13:00,30.83732735,88.07116677,RD-270,400,34,Truck,Very High,Clear,2505,Slippery,No,None,No,46.91,54.33,2023,7,25,22,Tuesday,0,0
199,2023-10-20 12:07:00,20.9713508,73.14175561,RD-245,282,117,Mixed,Very High,Snow,863,Wet,No,None,Yes,46.61,89.05,2023,10,20,12,Friday,0,1
200,2023-02-14 22:59:00,29.74895944,93.72440507,RD-1,392,23,Bike,Low,Clear,9425,Slippery,No,None,Yes,43.4,47.53,2023,2,14,22,Tuesday,0,1
201,2018-02-23 02:52:00,28.84451921,78.26566903,RD-170,313,40,Mixed,Low,Storm,6474,Under Maintenance,No,None,No,39.26,47.69,2018,2,23,2,Friday,0,0
202,2022-08-28 14:30:00,17.10075828,79.59409587,RD-470,188,10,Car,Medium,Fog,4485,Slippery,No,None,No,22.52,51.27,2022,8,28,14,Sunday,0,0
203,2021-10-01 09:49:00,12.89289625,74.26520669,RD-315,96,6,Mixed,Medium,Rain,8809,Slippery,No,None,No,24.85,63.88,2021,10,1,9,Friday,0,0
204,2018-03-06 07:20:00,26.0211428,81.96820819,RD-104,85,107,Mixed,High,Rain,2209,Dry,No,None,No,46.96,45.14,2018,3,6,7,Tuesday,0,0
205,2020-06-04 06:04:00,27.63550537,87.73318021,RD-413,464,23,Truck,High,Snow,6597,Slippery,No,None,No,38.19,84.92,2020,6,4,6,Thursday,0,0
206,2022-10-03 21:28:00,24.47115004,76.78059594,RD-67,354,50,Car,Low,Storm,9069,Slippery,Yes,Fatal,No,20.28,45.94,2022,10,3,21,Monday,1,0
207,2019-10-13 16:56:00,14.18220685,88.35329024,RD-175,87,116,Bus,Very High,Snow,3197,Dry,Yes,None,No,23.04,83.75,2019,10,13,16,Sunday,1,0
208,2021-09-24 06:28:00,16.02352629,85.99688421,RD-368,67,44,Bike,Very High,Storm,8988,Slippery,No,None,No,39.91,36.21,2021,9,24,6,Friday,0,0
209,2019-02-18 15:15:00,28.54610187,78.79925994,RD-91,232,22,Truck,Medium,Snow,7403,Dry,No,None,No,20.15,69.39,2019,2,18,15,Monday,0,0
210,2023-06-02 23:02:00,35.91604856,77.07132213,RD-471,482,109,Truck,High,Clear,8200,Dry,No,None,No,24.82,84.42,2023,6,2,23,Friday,0,0
211,2023-12-14 15:44:00,35.40023245,92.97855123,RD-411,212,40,Bus,Medium,Clear,6083,Slippery,No,None,No,36.46,40.12,2023,12,14,15,Thursday,0,0
212,2023-10-07 12:51:00,23.07008625,68.34611526,RD-433,468,50,Truck,Very High,Rain,627,Slippery,Yes,Minor,No,40.76,88.1,2023,10,7,12,Saturday,1,0
213,2023-09-09 19:52:00,33.71022477,88.76126565,RD-445,400,60,Car,Medium,Snow,4227,Slippery,No,None,No,39.56,57.17,2023,9,9,19,Saturday,0,0
214,2018-05-07 05:09:00,8.854084809,80.1003621,RD-166,372,56,Truck,Medium,Snow,9757,Dry,No,None,No,26.73,86.74,2018,5,7,5,Monday,0,0
215,2022-06-01 04:20:00,32.97341153,88.8130614,RD-31,71,58,Truck,Medium,Clear,8757,Wet,No,None,No,41.37,70.61,2022,6,1,4,Wednesday,0,0
216,2022-09-25 01:33:00,21.80837388,82.71787768,RD-12,460,60,Bus,Low,Snow,4214,Dry,No,None,No,27.12,48.1,2022,9,25,1,Sunday,0,0
217,2019-07-16 10:59:00,30.66429271,70.43195848,RD-76,152,118,Bike,High,Rain,8361,Wet,No,None,No,29.76,41.3,2019,7,16,10,Tuesday,0,0
218,2023-04-30 03:49:00,8.161904378,96.47951813,RD-301,76,24,Bike,Medium,Rain,1703,Under Maintenance,No,None,No,42.39,48.22,2023,4,30,3,Sunday,0,0
219,2022-11-04 19:49:00,33.18826275,70.4953207,RD-361,135,105,Mixed,Medium,Snow,4166,Wet,Yes,Fatal,No,39.49,35.58,2022,11,4,19,Friday,1,0
220,2022-06-17 01:37:00,25.25440905,72.59461059,RD-470,318,5,Car,Medium,Rain,1701,Under Maintenance,No,None,No,45.48,38.63,2022,6,17,1,Friday,0,0
221,2019-03-09 07:35:00,14.96668155,80.18972313,RD-73,434,27,Bus,High,Rain,8555,Slippery,No,None,Yes,39.73,36.28,2019,3,9,7,Saturday,0,1
222,2021-09-06 06:04:00,18.07700858,95.39407816,RD-397,154,42,Bike,Very High,Snow,6786,Dry,No,None,No,37.05,55.38,2021,9,6,6,Monday,0,0
223,2023-05-21 23:12:00,13.81931652,76.49909486,RD-57,378,24,Bus,Low,Snow,7078,Dry,No,None,No,22.81,77.73,2023,5,21,23,Sunday,0,0
224,2018-04-10 15:25:00,20.30776698,84.49120208,RD-434,450,8,Mixed,Low,Clear,780,Under Maintenance,No,None,No,31.03,38.48,2018,4,10,15,Tuesday,0,0
225,2022-07-22 08:05:00,17.57017491,83.12165713,RD-270,437,119,Bike,Medium,Clear,4437,Dry,Yes,None,No,27.96,37.82,2022,7,22,8,Friday,1,0
226,2021-12-17 21:55:00,23.50059213,77.57427812,RD-441,464,117,Bus,Very High,Storm,1324,Dry,No,None,Yes,27.32,68.61,2021,12,17,21,Friday,0,1
227,2023-10-17 19:30:00,31.62874881,88.19364058,RD-187,212,106,Car,Very High,Snow,6292,Under Maintenance,No,None,Yes,49.19,41.83,2023,10,17,19,Tuesday,0,1
228,2023-01-14 15:28:00,36.48598269,82.54240759,RD-492,262,73,Car,Very High,Storm,4059,Wet,No,None,No,31.79,35.86,2023,1,14,15,Saturday,0,0
229,2018-11-06 14:55:00,15.29227158,84.77031221,RD-38,457,10,Mixed,Very High,Snow,9955,Slippery,No,None,No,46.76,40.01,2018,11,6,14,Tuesday,0,0
230,2020-10-22 22:36:00,11.08873962,74.09450722,RD-192,119,67,Bike,Medium,Storm,461,Wet,Yes,Minor,No,38.93,85.42,2020,10,22,22,Thursday,1,0
231,2018-04-24 22:57:00,19.47435025,94.86992276,RD-361,157,94,Bike,Low,Fog,989,Wet,No,None,No,43.84,79.29,2018,4,24,22,Tuesday,0,0
232,2018-09-24 17:52:00,12.16307401,71.20656047,RD-483,136,5,Car,High,Snow,7710,Under Maintenance,No,None,No,35.08,51.24,2018,9,24,17,Monday,0,0
233,2021-05-10 16:30:00,32.19296586,88.01780767,RD-340,394,118,Mixed,Medium,Rain,4548,Under Maintenance,Yes,None,Yes,37.31,69.35,2021,5,10,16,Monday,1,1
234,2021-08-11 17:10:00,22.53262151,93.69098721,RD-203,361,67,Truck,High,Storm,1359,Under Maintenance,Yes,Major,Yes,34.78,62.24,2021,8,11,17,Wednesday,1,1
235,2018-12-24 05:40:00,25.97890909,70.43659889,RD-301,495,83,Car,Low,Fog,1864,Under Maintenance,No,None,No,25.86,70.63,2018,12,24,5,Monday,0,0
236,2019-05-19 18:36:00,12.36776407,68.83380869,RD-52,130,84,Car,Medium,Fog,8068,Wet,Yes,Fatal,No,41.67,70.96,2019,5,19,18,Sunday,1,0
237,2020-11-02 09:56:00,29.73865566,77.66145861,RD-173,383,91,Bus,Medium,Clear,2926,Under Maintenance,No,None,No,28.42,67.72,2020,11,2,9,Monday,0,0
238,2021-01-09 04:11:00,36.23387255,90.90849006,RD-155,350,109,Mixed,Very High,Fog,4888,Dry,No,None,No,20.73,45.97,2021,1,9,4,Saturday,0,0
239,2023-05-03 14:14:00,21.98917229,88.80362901,RD-166,40,90,Truck,High,Storm,7929,Wet,No,None,No,39.36,32.34,2023,5,3,14,Wednesday,0,0
240,2018-02-15 11:27:00,35.91126184,91.84255548,RD-70,282,58,Mixed,High,Fog,7703,Under Maintenance,Yes,Major,No,25.31,57.33,2018,2,15,11,Thursday,1,0
241,2023-04-23 11:29:00,9.006766721,79.52745781,RD-500,354,73,Mixed,High,Fog,5584,Dry,No,None,No,48.21,83.46,2023,4,23,11,Sunday,0,0
242,2021-08-15 14:01:00,9.035958701,96.81901153,RD-81,50,47,Car,Very High,Clear,720,Dry,No,None,No,48.62,64.17,2021,8,15,14,Sunday,0,0
243,2019-09-19 04:05:00,35.84037441,78.61707705,RD-375,490,9,Car,Very High,Clear,5282,Under Maintenance,No,None,No,47.45,79.94,2019,9,19,4,Thursday,0,0
244,2018-03-21 06:47:00,28.30770233,91.35611284,RD-486,213,74,Car,Very High,Snow,7955,Under Maintenance,No,None,No,31.1,89.5,2018,3,21,6,Wednesday,0,0
245,2023-01-01 05:15:00,13.47200208,78.17338624,RD-224,381,70,Bus,Very High,Rain,5225,Dry,No,None,No,20.46,39.82,2023,1,1,5,Sunday,0,0
246,2019-03-10 09:24:00,18.55236917,74.33486937,RD-406,421,14,Truck,Medium,Fog,2398,Dry,No,None,Yes,47.85,71.51,2019,3,10,9,Sunday,0,1
247,2020-04-10 07:17:00,22.72483897,77.76340312,RD-328,58,40,Truck,Low,Rain,682,Wet,No,None,No,32.85,70.46,2020,4,10,7,Friday,0,0
248,2022-08-02 20:40:00,28.37649433,73.58765517,RD-492,99,114,Mixed,Low,Fog,4527,Wet,No,None,No,49.0,88.8,2022,8,2,20,Tuesday,0,0
249,2018-06-20 06:29:00,32.41877025,71.74420759,RD-250,237,39,Car,Low,Clear,464,Dry,No,None,Yes,48.91,89.14,2018,6,20,6,Wednesday,0,1
250,2018-05-03 13:05:00,10.39703574,78.55495331,RD-333,320,49,Mixed,High,Storm,6804,Under Maintenance,No,None,No,45.59,71.2,2018,5,3,13,Thursday,0,0
251,2020-06-09 03:43:00,27.04064958,72.25703138,RD-163,401,27,Car,High,Snow,1595,Under Maintenance,No,None,No,28.83,44.62,2020,6,9,3,Tuesday,0,0
252,2021-06-13 18:46:00,21.824631,82.56753466,RD-90,41,66,Mixed,Low,Fog,1913,Slippery,No,None,No,31.55,77.91,2021,6,13,18,Sunday,0,0
253,2020-06-20 02:15:00,25.33104599,69.02695456,RD-363,188,51,Mixed,Medium,Storm,320,Dry,No,None,No,45.53,36.42,2020,6,20,2,Saturday,0,0
254,2018-03-06 11:15:00,22.74741659,80.50850499,RD-496,355,20,Bus,Very High,Clear,5362,Under Maintenance,No,None,No,29.51,76.84,2018,3,6,11,Tuesday,0,0
255,2020-06-17 13:56:00,21.07009846,95.78216012,RD-288,206,41,Bus,Low,Snow,8521,Wet,No,None,No,25.08,84.61,2020,6,17,13,Wednesday,0,0
256,2021-12-22 08:43:00,13.95987109,78.40650245,RD-356,244,46,Mixed,High,Rain,9332,Dry,No,None,No,36.7,52.97,2021,12,22,8,Wednesday,0,0
257,2021-11-23 10:56:00,21.69774146,71.99159865,RD-456,303,39,Car,High,Snow,640,Wet,No,None,No,48.08,67.84,2021,11,23,10,Tuesday,0,0
258,2023-06-02 23:51:00,13.499999,76.85070518,RD-476,86,116,Mixed,Very High,Rain,4610,Under Maintenance,No,None,No,40.88,55.81,2023,6,2,23,Friday,0,0
259,2023-04-17 16:48:00,9.293733124,90.94705949,RD-315,284,44,Car,High,Fog,6966,Wet,Yes,Fatal,No,37.1,56.27,2023,4,17,16,Monday,1,0
260,2019-06-12 07:53:00,18.84091024,77.09611378,RD-403,271,20,Bike,High,Rain,9315,Under Maintenance,No,None,No,22.92,48.62,2019,6,12,7,Wednesday,0,0
261,2021-02-22 20:19:00,8.723716424,79.12138217,RD-183,131,73,Truck,Very High,Rain,9111,Slippery,No,None,No,38.45,75.73,2021,2,22,20,Monday,0,0
262,2021-11-16 15:50:00,24.31380393,90.87480898,RD-115,133,15,Mixed,Very High,Snow,4168,Wet,Yes,Minor,Yes,49.7,86.17,2021,11,16,15,Tuesday,1,1
263,2021-07-03 19:53:00,10.09938115,75.55625433,RD-341,384,55,Bike,Low,Fog,8798,Under Maintenance,No,None,No,24.2,86.45,2021,7,3,19,Saturday,0,0
264,2018-06-29 14:04:00,20.68905563,81.87042973,RD-302,54,97,Mixed,Low,Clear,5967,Dry,No,None,No,35.55,40.49,2018,6,29,14,Friday,0,0
265,2020-09-18 09:47:00,36.42414228,69.8318832,RD-418,463,116,Bus,Very High,Snow,6331,Wet,No,None,Yes,46.32,82.48,2020,9,18,9,Friday,0,1
266,2023-10-06 21:42:00,8.286564098,73.04804689,RD-90,25,114,Truck,Medium,Fog,4879,Under Maintenance,No,None,No,42.22,74.25,2023,10,6,21,Friday,0,0
267,2018-08-05 18:18:00,18.63878246,74.07397196,RD-194,447,79,Mixed,High,Storm,5576,Dry,No,None,No,40.91,45.17,2018,8,5,18,Sunday,0,0
268,2023-11-28 11:38:00,27.52462282,81.44386629,RD-158,358,114,Bus,Low,Clear,9170,Slippery,No,None,No,41.07,34.04,2023,11,28,11,Tuesday,0,0
269,2021-05-16 10:43:00,12.60859023,91.80843102,RD-376,219,84,Bus,High,Rain,207,Slippery,No,None,Yes,30.78,46.08,2021,5,16,10,Sunday,0,1
270,2021-08-01 08:38:00,24.26127561,78.28079467,RD-353,169,93,Bike,High,Storm,8954,Under Maintenance,No,None,No,28.81,84.73,2021,8,1,8,Sunday,0,0
271,2018-08-27 04:32:00,15.4875204,79.03414498,RD-151,294,54,Bus,High,Rain,8757,Wet,No,None,No,44.28,67.99,2018,8,27,4,Monday,0,0
272,2018-01-08 21:27:00,14.46029206,76.72915269,RD-66,61,71,Bike,Medium,Fog,6543,Slippery,No,None,No,44.3,73.26,2018,1,8,21,Monday,0,0
273,2022-07-08 11:05:00,33.95452297,77.29424059,RD-91,90,71,Car,High,Clear,6815,Wet,No,None,No,46.01,45.43,2022,7,8,11,Friday,0,0
274,2019-09-24 22:52:00,13.89513389,79.70162761,RD-374,371,69,Car,High,Clear,947,Slippery,No,None,No,47.4,73.16,2019,9,24,22,Tuesday,0,0
275,2023-07-31 11:17:00,18.91999961,94.08269523,RD-1,377,16,Car,Low,Snow,6425,Wet,No,None,No,35.34,31.69,2023,7,31,11,Monday,0,0
276,2018-11-12 01:26:00,12.91832764,68.70690779,RD-486,390,11,Car,High,Fog,5520,Wet,No,None,No,35.05,52.52,2018,11,12,1,Monday,0,0
277,2019-12-18 21:11:00,16.23274445,86.11297456,RD-360,334,47,Mixed,Medium,Rain,4333,Dry,No,None,Yes,43.95,67.61,2019,12,18,21,Wednesday,0,1
278,2019-07-19 22:03:00,16.50009372,93.74280425,RD-486,361,113,Bike,Medium,Rain,4052,Wet,Yes,None,Yes,39.5,38.77,2019,7,19,22,Friday,1,1
279,2018-01-29 14:18:00,17.47641769,80.0918426,RD-294,294,50,Car,High,Rain,5115,Dry,No,None,No,41.06,79.38,2018,1,29,14,Monday,0,0
280,2020-11-01 13:02:00,26.59094117,86.87649467,RD-201,358,100,Bus,Medium,Rain,3855,Under Maintenance,No,None,Yes,43.87,44.1,2020,11,1,13,Sunday,0,1
281,2023-11-25 13:23:00,29.53518955,84.98572281,RD-436,499,26,Bike,Very High,Clear,5971,Under Maintenance,No,None,No,46.7,69.14,2023,11,25,13,Saturday,0,0
282,2023-08-04 19:48:00,22.80942187,77.82031337,RD-395,396,80,Mixed,Medium,Clear,3067,Wet,No,None,No,30.14,54.31,2023,8,4,19,Friday,0,0
283,2018-06-09 17:19:00,25.70380345,71.98511756,RD-495,444,10,Car,Very High,Rain,4265,Wet,No,None,No,31.27,65.76,2018,6,9,17,Saturday,0,0
284,2018-02-24 02:35:00,31.58479366,74.36889942,RD-291,77,42,Bike,Medium,Snow,1611,Wet,No,None,No,22.82,36.45,2018,2,24,2,Saturday,0,0
285,2018-08-05 13:07:00,36.98725918,69.66590889,RD-17,53,43,Truck,Medium,Storm,4814,Slippery,No,None,No,37.35,31.01,2018,8,5,13,Sunday,0,0
286,2019-03-15 20:47:00,21.2386736,90.17709615,RD-94,290,106,Car,Low,Fog,5118,Slippery,No,None,No,21.08,84.57,2019,3,15,20,Friday,0,0
287,2020-02-22 20:21:00,35.15660037,83.45140727,RD-309,159,64,Bike,High,Rain,9541,Wet,No,None,Yes,33.97,46.18,2020,2,22,20,Saturday,0,1
288,2018-10-27 20:55:00,22.2207327,90.78337363,RD-163,179,109,Car,Low,Fog,3859,Slippery,No,None,No,36.28,79.18,2018,10,27,20,Saturday,0,0
289,2019-08-18 14:33:00,30.67799282,76.41570317,RD-472,84,89,Truck,Very High,Rain,9862,Wet,No,None,No,28.6,89.96,2019,8,18,14,Sunday,0,0
290,2018-02-28 05:12:00,24.62346831,91.33549204,RD-415,17,66,Bus,Low,Snow,4684,Dry,No,None,No,37.72,42.69,2018,2,28,5,Wednesday,0,0
291,2022-07-27 22:37:00,33.63713753,76.96692713,RD-496,484,96,Bus,Low,Storm,7847,Under Maintenance,No,None,Yes,20.92,45.91,2022,7,27,22,Wednesday,0,1
292,2023-04-26 04:56:00,21.01239285,71.51868456,RD-314,181,100,Truck,Medium,Rain,4539,Dry,No,None,No,21.12,69.77,2023,4,26,4,Wednesday,0,0
293,2023-01-08 06:29:00,28.17863504,83.48051113,RD-114,446,31,Bike,Very High,Rain,5797,Wet,No,None,No,44.68,87.93,2023,1,8,6,Sunday,0,0
294,2022-10-06 20:37:00,21.52314136,95.41357119,RD-328,134,53,Mixed,Medium,Storm,3525,Dry,No,None,Yes,30.81,84.95,2022,10,6,20,Thursday,0,1
295,2021-03-01 19:53:00,32.85379464,80.01742742,RD-290,223,117,Car,Very High,Rain,1384,Dry,No,None,No,23.81,60.17,2021,3,1,19,Monday,0,0
296,2019-03-11 11:55:00,36.8366917,82.94627096,RD-54,460,19,Mixed,Very High,Clear,7792,Under Maintenance,No,None,No,35.67,77.71,2019,3,11,11,Monday,0,0
297,2022-06-28 13:34:00,15.05613477,81.08739294,RD-480,292,37,Car,Medium,Snow,1354,Slippery,No,None,No,43.1,38.14,2022,6,28,13,Tuesday,0,0
298,2023-03-29 02:05:00,21.75582993,81.26560924,RD-255,148,100,Mixed,High,Clear,8685,Under Maintenance,No,None,Yes,26.47,88.65,2023,3,29,2,Wednesday,0,1
299,2023-10-27 00:35:00,10.35644371,74.21630365,RD-73,164,50,Car,High,Snow,4528,Dry,No,None,No,38.69,87.86,2023,10,27,0,Friday,0,0
300,2019-01-17 02:20:00,12.08886789,80.25198875,RD-170,144,102,Bus,Very High,Clear,2793,Wet,No,None,Yes,22.56,39.82,2019,1,17,2,Thursday,0,1
301,2018-10-23 10:24:00,34.94535529,82.41012814,RD-382,389,75,Car,High,Clear,2484,Slippery,No,None,Yes,21.55,47.97,2018,10,23,10,Tuesday,0,1
302,2020-07-14 01:00:00,23.76479952,89.60089569,RD-40,356,17,Car,Medium,Rain,3637,Wet,No,None,Yes,35.94,36.01,2020,7,14,1,Tuesday,0,1
303,2018-04-30 11:02:00,19.4583645,72.05512313,RD-122,468,57,Truck,Medium,Snow,2840,Wet,No,None,No,36.22,46.3,2018,4,30,11,Monday,0,0
304,2018-08-30 07:56:00,27.47299335,84.57680362,RD-178,194,43,Truck,Medium,Snow,5910,Wet,No,None,Yes,39.12,78.96,2018,8,30,7,Thursday,0,1
305,2023-06-05 04:55:00,24.24467736,87.20360059,RD-164,226,54,Car,Low,Rain,2030,Dry,No,None,Yes,41.78,52.7,2023,6,5,4,Monday,0,1
306,2021-12-06 20:19:00,16.37281397,79.10098703,RD-86,176,74,Car,Low,Snow,3760,Under Maintenance,No,None,No,49.28,35.3,2021,12,6,20,Monday,0,0
307,2021-06-11 21:43:00,14.57182068,83.92576681,RD-326,316,119,Bike,Medium,Snow,2867,Dry,No,None,No,35.49,50.53,2021,6,11,21,Friday,0,0
308,2018-04-05 14:17:00,25.11695275,88.6115195,RD-454,473,64,Bus,Very High,Rain,8197,Slippery,Yes,Major,No,29.69,88.88,2018,4,5,14,Thursday,1,0
309,2022-10-27 09:50:00,13.45969983,81.48793512,RD-494,286,13,Car,Low,Fog,9218,Under Maintenance,No,None,No,43.86,67.78,2022,10,27,9,Thursday,0,0
310,2021-01-07 19:24:00,12.03599092,77.6671767,RD-46,99,110,Car,Very High,Storm,1166,Wet,No,None,No,28.12,54.97,2021,1,7,19,Thursday,0,0
311,2018-09-12 13:25:00,17.23323931,91.91639345,RD-421,228,8,Bus,Medium,Clear,8631,Dry,No,None,No,33.17,39.99,2018,9,12,13,Wednesday,0,0
312,2019-02-23 15:40:00,32.97889083,96.67568956,RD-363,450,98,Bike,Very High,Snow,9706,Under Maintenance,No,None,No,22.35,89.17,2019,2,23,15,Saturday,0,0
313,2020-05-24 21:50:00,9.067763787,74.28243103,RD-344,188,96,Truck,Medium,Storm,3899,Under Maintenance,No,None,No,20.76,79.25,2020,5,24,21,Sunday,0,0
314,2019-07-15 05:22:00,32.16472136,93.79244767,RD-328,118,25,Truck,Very High,Rain,8891,Under Maintenance,No,None,No,48.88,46.89,2019,7,15,5,Monday,0,0
315,2019-06-04 19:09:00,26.00824125,83.81743706,RD-374,126,16,Bus,Low,Snow,1007,Wet,No,None,No,45.08,34.2,2019,6,4,19,Tuesday,0,0
316,2023-10-13 08:40:00,9.170809969,80.98977461,RD-454,282,81,Car,Very High,Storm,1644,Dry,No,None,No,40.88,33.4,2023,10,13,8,Friday,0,0
317,2021-08-14 15:03:00,25.45912858,93.90173109,RD-172,424,54,Truck,Medium,Clear,4026,Wet,No,None,No,32.27,37.22,2021,8,14,15,Saturday,0,0
318,2019-10-08 16:25:00,20.35456274,94.39982711,RD-229,407,17,Car,High,Storm,5761,Wet,No,None,No,25.2,64.85,2019,10,8,16,Tuesday,0,0
319,2022-07-11 03:05:00,32.39270064,75.90704597,RD-6,480,56,Mixed,High,Fog,3299,Wet,Yes,Major,Yes,24.69,85.73,2022,7,11,3,Monday,1,1
320,2020-05-11 23:52:00,34.30876261,78.39279587,RD-136,395,95,Car,Low,Snow,7437,Dry,Yes,Major,No,27.51,59.8,2020,5,11,23,Monday,1,0
321,2018-08-06 18:43:00,16.30830167,92.70580301,RD-108,483,96,Truck,Medium,Clear,9739,Dry,No,None,Yes,36.48,80.58,2018,8,6,18,Monday,0,1
322,2019-10-18 04:16:00,30.74093026,82.23391138,RD-128,419,86,Car,Very High,Clear,1832,Dry,No,None,No,41.44,56.75,2019,10,18,4,Friday,0,0
323,2021-04-03 05:17:00,16.98428205,76.35283214,RD-355,415,105,Car,Medium,Clear,9983,Dry,No,None,No,39.81,72.52,2021,4,3,5,Saturday,0,0
324,2020-02-25 18:29:00,16.57342826,95.9031018,RD-35,115,84,Bike,Medium,Fog,9420,Slippery,No,None,Yes,28.4,73.91,2020,2,25,18,Tuesday,0,1
325,2021-03-08 10:42:00,13.58651188,74.29410441,RD-180,293,25,Bike,Low,Storm,2640,Wet,No,None,No,48.65,40.44,2021,3,8,10,Monday,0,0
326,2021-08-02 04:36:00,27.67618182,85.69977912,RD-132,399,59,Car,Very High,Clear,6446,Dry,No,None,No,42.14,51.67,2021,8,2,4,Monday,0,0
327,2023-05-14 11:57:00,15.58887889,80.40957619,RD-403,240,14,Bus,Medium,Fog,4633,Dry,No,None,No,36.63,68.24,2023,5,14,11,Sunday,0,0
328,2022-03-01 17:13:00,21.48089192,81.08774495,RD-56,156,82,Bus,High,Snow,9383,Wet,No,None,No,38.35,34.24,2022,3,1,17,Tuesday,0,0
329,2021-05-11 04:11:00,31.55171454,71.07365698,RD-369,321,96,Bus,Very High,Snow,3907,Under Maintenance,No,None,No,32.59,51.69,2021,5,11,4,Tuesday,0,0
330,2023-05-17 20:40:00,30.96547241,75.45701086,RD-1,30,33,Bus,High,Rain,9193,Wet,Yes,None,No,27.43,62.09,2023,5,17,20,Wednesday,1,0
331,2022-02-28 00:12:00,32.80783567,72.84291569,RD-25,435,115,Truck,High,Fog,8354,Wet,No,None,No,30.68,89.77,2022,2,28,0,Monday,0,0
332,2018-12-01 13:33:00,12.67087089,89.73912123,RD-198,285,15,Bus,Low,Clear,3628,Under Maintenance,No,None,No,42.74,58.47,2018,12,1,13,Saturday,0,0
333,2021-06-19 04:25:00,25.01989011,88.23458757,RD-225,488,34,Truck,High,Fog,1859,Dry,No,None,No,20.43,78.96,2021,6,19,4,Saturday,0,0
334,2023-11-09 11:24:00,34.5303555,91.02901444,RD-376,356,44,Bus,High,Fog,9198,Slippery,No,None,No,23.48,55.92,2023,11,9,11,Thursday,0,0
335,2021-08-05 17:09:00,9.219452503,88.27862351,RD-215,472,95,Car,Low,Storm,3379,Under Maintenance,No,None,No,21.38,77.78,2021,8,5,17,Thursday,0,0
336,2018-01-16 12:57:00,31.04127642,71.73260183,RD-497,392,53,Bus,Medium,Rain,587,Slippery,No,None,No,21.22,65.72,2018,1,16,12,Tuesday,0,0
337,2019-11-16 11:01:00,15.14087921,96.37916743,RD-86,181,7,Car,Medium,Fog,5328,Under Maintenance,No,None,No,45.66,83.2,2019,11,16,11,Saturday,0,0
338,2020-12-03 06:40:00,27.41995426,73.46698733,RD-453,386,5,Car,Medium,Clear,3560,Slippery,Yes,Major,No,41.11,54.66,2020,12,3,6,Thursday,1,0
339,2020-08-31 17:24:00,28.80474628,78.16304039,RD-212,40,36,Bike,High,Rain,6285,Slippery,No,None,No,34.23,66.26,2020,8,31,17,Monday,0,0
340,2022-01-25 14:28:00,34.84196959,88.49944061,RD-253,18,43,Mixed,Medium,Snow,4343,Under Maintenance,No,None,Yes,22.94,67.8,2022,1,25,14,Tuesday,0,1
341,2020-06-03 07:34:00,22.75518325,72.07301892,RD-452,315,89,Mixed,Very High,Fog,3608,Wet,No,None,No,34.75,55.04,2020,6,3,7,Wednesday,0,0
342,2019-08-24 22:32:00,32.59870213,72.94467994,RD-194,346,6,Car,High,Storm,6804,Slippery,No,None,No,34.2,38.66,2019,8,24,22,Saturday,0,0
343,2021-06-25 22:51:00,9.314222365,93.42067918,RD-180,476,78,Mixed,Medium,Clear,9187,Slippery,No,None,No,25.2,35.61,2021,6,25,22,Friday,0,0
344,2018-02-01 09:23:00,20.19574063,77.62843355,RD-280,41,35,Mixed,High,Fog,6206,Slippery,No,None,No,33.02,31.0,2018,2,1,9,Thursday,0,0
345,2020-06-04 06:32:00,20.74604893,87.30194312,RD-193,211,22,Bus,Very High,Storm,1852,Slippery,No,None,Yes,31.96,82.41,2020,6,4,6,Thursday,0,1
346,2020-12-24 08:17:00,23.6100758,92.90370626,RD-52,433,11,Mixed,Low,Snow,3526,Under Maintenance,No,None,Yes,38.48,44.19,2020,12,24,8,Thursday,0,1
347,2019-07-17 22:03:00,21.95887377,96.22282114,RD-425,189,9,Mixed,High,Fog,562,Wet,No,None,No,39.05,42.69,2019,7,17,22,Wednesday,0,0
348,2019-02-20 19:18:00,36.07088411,74.09828503,RD-246,206,33,Mixed,Low,Storm,2100,Under Maintenance,No,None,Yes,21.36,74.16,2019,2,20,19,Wednesday,0,1
349,2023-04-22 23:30:00,10.27764755,71.56491526,RD-404,214,72,Bike,Very High,Clear,3702,Under Maintenance,No,None,No,31.24,49.2,2023,4,22,23,Saturday,0,0
350,2020-03-05 21:44:00,15.6854832,89.48137143,RD-443,382,50,Mixed,Low,Clear,4032,Under Maintenance,No,None,No,38.78,60.36,2020,3,5,21,Thursday,0,0
351,2018-01-27 06:33:00,36.09023466,73.45785294,RD-296,36,60,Bus,Very High,Snow,6418,Wet,No,None,No,35.09,39.75,2018,1,27,6,Saturday,0,0
352,2018-01-21 18:45:00,20.91377384,84.82551588,RD-334,11,7,Truck,Low,Rain,1719,Dry,No,None,No,45.69,87.58,2018,1,21,18,Sunday,0,0
353,2023-05-19 13:36:00,24.56356611,83.44670985,RD-389,266,17,Bike,Very High,Fog,5421,Wet,No,None,No,39.76,81.09,2023,5,19,13,Friday,0,0
354,2022-01-26 03:18:00,10.34974078,84.23777571,RD-352,392,71,Bus,Medium,Storm,8433,Slippery,No,None,No,24.89,81.83,2022,1,26,3,Wednesday,0,0
355,2023-02-05 18:08:00,16.23747552,86.84399237,RD-116,273,76,Car,Medium,Snow,7403,Under Maintenance,No,None,Yes,22.12,54.41,2023,2,5,18,Sunday,0,1
356,2018-02-14 04:39:00,9.149899261,92.6758702,RD-84,403,54,Bus,Medium,Snow,2608,Under Maintenance,No,None,Yes,39.27,75.74,2018,2,14,4,Wednesday,0,1
357,2019-06-14 01:58:00,11.98764043,75.88272439,RD-232,485,119,Truck,Low,Storm,3945,Under Maintenance,No,None,No,20.8,38.63,2019,6,14,1,Friday,0,0
358,2018-11-06 05:11:00,26.36612972,84.1020568,RD-38,78,8,Bike,Low,Rain,6164,Under Maintenance,No,None,No,37.57,30.52,2018,11,6,5,Tuesday,0,0
359,2019-09-21 18:28:00,30.14505145,77.76386575,RD-410,379,46,Truck,Very High,Rain,4194,Dry,No,None,No,48.21,31.2,2019,9,21,18,Saturday,0,0
360,2021-12-15 23:57:00,33.23246143,77.24328726,RD-434,203,103,Car,Very High,Snow,4907,Dry,Yes,Minor,No,37.26,65.2,2021,12,15,23,Wednesday,1,0
361,2020-06-06 09:29:00,15.29246704,68.59216695,RD-18,255,80,Car,High,Snow,2836,Under Maintenance,No,None,No,31.65,57.32,2020,6,6,9,Saturday,0,0
362,2020-08-31 23:32:00,17.65305141,85.38267085,RD-151,434,28,Car,High,Snow,6734,Wet,No,None,No,39.3,61.08,2020,8,31,23,Monday,0,0
363,2022-06-02 01:00:00,24.51255295,96.20266123,RD-11,313,106,Bus,Low,Snow,9860,Dry,No,None,No,33.75,30.45,2022,6,2,1,Thursday,0,0
364,2020-04-23 11:44:00,10.42689004,90.07643354,RD-164,125,23,Bus,Low,Snow,6836,Wet,No,None,Yes,36.37,55.36,2020,4,23,11,Thursday,0,1
365,2019-10-29 03:34:00,31.39482955,75.04101526,RD-134,126,104,Mixed,Medium,Fog,7880,Dry,No,None,No,48.24,73.08,2019,10,29,3,Tuesday,0,0
366,2020-02-16 19:11:00,22.0154697,88.7676198,RD-488,346,103,Car,Medium,Fog,7856,Slippery,No,None,Yes,31.58,56.56,2020,2,16,19,Sunday,0,1
367,2019-05-14 05:59:00,35.99971903,76.62185839,RD-54,441,86,Truck,High,Fog,5724,Slippery,No,None,No,48.84,73.93,2019,5,14,5,Tuesday,0,0
368,2022-10-26 00:15:00,11.40216426,89.85583119,RD-38,134,44,Car,Very High,Clear,7895,Slippery,No,None,No,47.16,43.98,2022,10,26,0,Wednesday,0,0
369,2021-05-22 10:44:00,11.86542105,92.79303857,RD-176,42,38,Bike,Very High,Fog,9316,Dry,No,None,No,25.87,78.79,2021,5,22,10,Saturday,0,0
370,2019-06-07 07:05:00,18.10874124,77.69555416,RD-88,482,93,Bus,Very High,Fog,2842,Wet,No,None,No,22.08,65.31,2019,6,7,7,Friday,0,0
371,2020-10-14 01:27:00,13.99610378,68.06341709,RD-455,462,11,Car,Low,Rain,290,Dry,No,None,No,23.02,42.65,2020,10,14,1,Wednesday,0,0
372,2018-08-20 16:03:00,28.20111432,76.84550667,RD-193,101,79,Mixed,Medium,Snow,5559,Slippery,No,None,No,20.55,44.2,2018,8,20,16,Monday,0,0
373,2020-04-21 11:51:00,35.45750327,73.96983497,RD-83,260,42,Car,Very High,Storm,4898,Dry,No,None,No,22.83,67.68,2020,4,21,11,Tuesday,0,0
374,2020-03-04 18:57:00,10.60723079,85.93982285,RD-375,444,23,Mixed,Medium,Rain,5461,Slippery,No,None,No,40.49,79.8,2020,3,4,18,Wednesday,0,0
375,2020-10-24 12:59:00,15.02485366,76.41211362,RD-39,201,103,Bus,Very High,Clear,9718,Slippery,No,None,Yes,22.14,54.94,2020,10,24,12,Saturday,0,1
376,2020-04-16 02:37:00,14.89904629,69.04534265,RD-281,347,49,Bus,High,Rain,2947,Wet,No,None,No,29.57,45.5,2020,4,16,2,Thursday,0,0
377,2018-11-19 11:35:00,22.76311885,83.40870279,RD-483,387,24,Mixed,Medium,Storm,5915,Under Maintenance,No,None,No,45.35,82.02,2018,11,19,11,Monday,0,0
378,2023-07-29 01:45:00,21.10873783,93.36588458,RD-460,32,95,Bike,High,Rain,3388,Slippery,No,None,No,20.7,70.16,2023,7,29,1,Saturday,0,0
379,2021-02-02 21:32:00,29.07911998,81.08883142,RD-48,445,99,Bus,Medium,Rain,7623,Wet,Yes,None,No,44.43,56.89,2021,2,2,21,Tuesday,1,0
380,2019-01-09 11:07:00,29.2463054,78.91262665,RD-174,492,93,Mixed,Very High,Fog,7905,Under Maintenance,No,None,No,28.46,59.27,2019,1,9,11,Wednesday,0,0
381,2021-01-06 22:43:00,24.60987944,73.17697259,RD-305,91,6,Bus,Very High,Clear,7641,Dry,No,None,No,23.54,42.26,2021,1,6,22,Wednesday,0,0
382,2019-02-21 23:05:00,25.13964552,79.23408552,RD-315,212,97,Car,Very High,Fog,363,Under Maintenance,No,None,No,40.9,67.61,2019,2,21,23,Thursday,0,0
383,2022-08-08 13:38:00,32.42717531,77.59665,RD-458,52,41,Truck,Very High,Storm,3493,Under Maintenance,No,None,No,38.87,51.52,2022,8,8,13,Monday,0,0
384,2022-09-05 00:16:00,19.51115669,96.85276618,RD-248,116,35,Bike,Very High,Clear,9754,Wet,No,None,No,46.32,89.74,2022,9,5,0,Monday,0,0
385,2023-08-18 06:25:00,8.357945501,68.88361565,RD-361,83,115,Truck,Very High,Storm,3268,Wet,No,None,No,42.05,58.81,2023,8,18,6,Friday,0,0
386,2021-03-06 07:41:00,14.17787837,74.92660294,RD-16,403,46,Bike,Very High,Storm,7429,Slippery,No,None,No,44.1,59.15,2021,3,6,7,Saturday,0,0
387,2023-08-23 21:39:00,9.02550121,69.99024079,RD-221,365,10,Car,Low,Rain,6281,Under Maintenance,No,None,No,28.46,63.95,2023,8,23,21,Wednesday,0,0
388,2018-06-29 20:11:00,19.41139046,92.86513103,RD-483,210,114,Mixed,Medium,Rain,337,Slippery,No,None,No,25.32,85.01,2018,6,29,20,Friday,0,0
389,2023-08-12 03:08:00,18.37723314,80.10197264,RD-335,371,89,Mixed,High,Rain,2040,Wet,No,None,No,42.52,78.05,2023,8,12,3,Saturday,0,0
390,2018-07-25 09:02:00,10.8602681,91.09182288,RD-85,86,101,Mixed,Low,Rain,8498,Slippery,Yes,Major,No,44.21,57.07,2018,7,25,9,Wednesday,1,0
391,2020-06-29 09:27:00,29.89574214,88.07246874,RD-311,480,13,Car,Medium,Clear,1918,Under Maintenance,No,None,No,49.72,73.12,2020,6,29,9,Monday,0,0
392,2022-03-12 13:20:00,24.03876129,94.91291585,RD-456,394,78,Truck,High,Fog,2298,Dry,Yes,Minor,No,32.38,65.17,2022,3,12,13,Saturday,1,0
393,2018-07-05 06:39:00,14.54534947,68.68916301,RD-223,409,90,Bus,Medium,Clear,1885,Dry,No,None,No,31.16,59.54,2018,7,5,6,Thursday,0,0
394,2019-08-01 22:09:00,30.0146562,74.01300018,RD-81,28,99,Mixed,High,Rain,880,Slippery,Yes,None,Yes,43.29,41.54,2019,8,1,22,Thursday,1,1
395,2018-07-01 07:08:00,27.37000457,88.35895098,RD-28,341,57,Bus,High,Snow,6396,Wet,No,None,No,30.22,57.84,2018,7,1,7,Sunday,0,0
396,2019-04-09 21:32:00,13.55625905,84.97148979,RD-52,142,15,Truck,High,Storm,2553,Dry,No,None,No,47.92,44.75,2019,4,9,21,Tuesday,0,0
397,2021-02-07 03:52:00,36.50376159,88.14514725,RD-170,192,87,Bus,Medium,Rain,7378,Under Maintenance,No,None,No,45.75,84.89,2021,2,7,3,Sunday,0,0
398,2020-12-18 08:10:00,13.14535591,84.68891201,RD-106,71,109,Bus,Medium,Rain,7728,Wet,No,None,No,32.87,50.12,2020,12,18,8,Friday,0,0
399,2019-02-03 20:43:00,30.37930765,84.84961519,RD-499,142,80,Bus,High,Storm,6918,Dry,Yes,Major,No,42.53,87.14,2019,2,3,20,Sunday,1,0
400,2022-08-27 23:50:00,36.08030801,95.04464678,RD-98,130,106,Car,High,Storm,1338,Under Maintenance,No,None,No,42.64,61.98,2022,8,27,23,Saturday,0,0
401,2019-05-14 08:58:00,29.03956323,94.71747474,RD-210,144,20,Truck,Very High,Fog,1871,Dry,No,None,Yes,23.09,67.89,2019,5,14,8,Tuesday,0,1
402,2018-08-03 02:06:00,27.30753501,69.10190356,RD-357,264,17,Bus,High,Clear,2842,Slippery,No,None,No,47.08,62.58,2018,8,3,2,Friday,0,0
403,2021-09-30 15:18:00,34.19632196,79.99638739,RD-284,373,42,Mixed,Very High,Storm,7952,Under Maintenance,No,None,No,35.16,37.76,2021,9,30,15,Thursday,0,0
404,2019-01-16 10:35:00,15.80483362,82.80654803,RD-370,343,17,Mixed,Very High,Clear,3087,Slippery,No,None,No,44.79,52.55,2019,1,16,10,Wednesday,0,0
405,2023-05-31 15:57:00,16.03751676,78.37922984,RD-474,42,19,Truck,Very High,Rain,5334,Under Maintenance,No,None,No,29.6,35.95,2023,5,31,15,Wednesday,0,0
406,2021-12-17 22:51:00,26.59365127,69.43719417,RD-374,15,22,Car,High,Snow,2134,Wet,No,None,No,46.87,67.38,2021,12,17,22,Friday,0,0
407,2023-02-27 16:37:00,33.58199561,81.69665171,RD-277,91,20,Bus,High,Snow,1584,Slippery,No,None,No,31.68,56.81,2023,2,27,16,Monday,0,0
408,2020-10-11 11:53:00,25.9038503,96.29519503,RD-136,143,45,Car,High,Fog,6094,Slippery,No,None,No,20.33,76.68,2020,10,11,11,Sunday,0,0
409,2019-08-05 07:23:00,36.33441393,70.09412714,RD-339,60,54,Truck,High,Fog,412,Under Maintenance,No,None,No,47.16,43.23,2019,8,5,7,Monday,0,0
410,2020-01-03 08:58:00,14.46416697,91.68367437,RD-145,231,110,Bike,Very High,Fog,2357,Slippery,Yes,Minor,No,22.74,39.87,2020,1,3,8,Friday,1,0
411,2021-02-23 13:25:00,31.95050848,73.6739245,RD-153,277,112,Mixed,High,Snow,609,Under Maintenance,Yes,Fatal,Yes,29.58,54.38,2021,2,23,13,Tuesday,1,1
412,2021-04-25 15:11:00,34.8906458,84.72705336,RD-122,379,73,Bus,Very High,Storm,3592,Dry,No,None,No,48.5,85.6,2021,4,25,15,Sunday,0,0
413,2021-10-03 21:02:00,20.38306954,79.22389041,RD-50,492,95,Bus,Very High,Storm,7290,Under Maintenance,No,None,No,48.52,72.63,2021,10,3,21,Sunday,0,0
414,2019-07-06 16:50:00,35.89749328,78.12123941,RD-26,212,70,Truck,Very High,Storm,6177,Wet,No,None,Yes,37.2,55.14,2019,7,6,16,Saturday,0,1
415,2022-02-13 14:56:00,13.86228099,93.24199451,RD-202,131,45,Truck,Medium,Rain,8289,Wet,No,None,No,38.96,61.04,2022,2,13,14,Sunday,0,0
416,2019-06-05 07:23:00,35.63218406,96.23076781,RD-293,141,118,Car,Low,Clear,1571,Under Maintenance,No,None,No,33.45,35.05,2019,6,5,7,Wednesday,0,0
417,2022-08-04 04:56:00,34.18143372,79.21334646,RD-282,470,31,Mixed,Very High,Rain,2768,Under Maintenance,No,None,No,28.8,89.07,2022,8,4,4,Thursday,0,0
418,2019-12-01 01:34:00,9.918230293,86.57285781,RD-431,266,63,Car,Very High,Fog,4449,Wet,Yes,None,No,29.86,69.98,2019,12,1,1,Sunday,1,0
419,2022-02-12 03:49:00,23.11861663,84.13599873,RD-252,61,69,Truck,Low,Fog,6202,Slippery,No,None,No,40.18,47.12,2022,2,12,3,Saturday,0,0
420,2022-11-10 10:22:00,23.33633249,70.23072645,RD-79,264,18,Mixed,Medium,Storm,9932,Wet,No,None,No,42.57,65.15,2022,11,10,10,Thursday,0,0
421,2023-03-20 03:42:00,9.65222938,69.19366586,RD-28,239,39,Truck,High,Rain,6965,Wet,No,None,No,43.75,36.57,2023,3,20,3,Monday,0,0
422,2019-08-28 02:54:00,9.146403643,90.42874293,RD-185,318,27,Car,Medium,Rain,8798,Dry,No,None,No,43.69,87.95,2019,8,28,2,Wednesday,0,0
423,2018-04-03 16:39:00,8.147806644,79.44149338,RD-2,358,111,Car,High,Storm,1443,Under Maintenance,No,None,No,22.74,40.49,2018,4,3,16,Tuesday,0,0
424,2022-02-26 20:16:00,23.21075646,76.91965018,RD-219,279,26,Car,Low,Clear,6828,Wet,No,None,Yes,34.83,68.88,2022,2,26,20,Saturday,0,1
425,2020-11-25 03:53:00,21.45065252,96.58190022,RD-45,414,31,Bike,Medium,Clear,6148,Slippery,No,None,No,21.73,44.73,2020,11,25,3,Wednesday,0,0
426,2023-06-17 23:47:00,35.27334561,70.47166995,RD-151,114,54,Car,Low,Rain,1451,Dry,No,None,No,36.49,73.05,2023,6,17,23,Saturday,0,0
427,2023-05-28 19:54:00,17.92688316,75.802814,RD-422,168,29,Bus,Medium,Rain,9388,Dry,No,None,No,33.25,76.61,2023,5,28,19,Sunday,0,0
428,2023-03-09 00:13:00,27.08859447,92.8472485,RD-339,178,102,Car,Medium,Clear,9590,Dry,No,None,No,46.63,70.41,2023,3,9,0,Thursday,0,0
429,2023-01-15 16:14:00,8.219339025,80.03496398,RD-321,450,58,Truck,Low,Snow,2256,Under Maintenance,No,None,No,30.53,66.87,2023,1,15,16,Sunday,0,0
430,2021-08-13 00:14:00,27.24261493,84.94316586,RD-308,144,53,Car,Low,Snow,5522,Wet,No,None,No,23.51,83.55,2021,8,13,0,Friday,0,0
431,2018-10-30 16:31:00,34.4903407,69.40308305,RD-246,70,95,Truck,Low,Fog,4498,Under Maintenance,No,None,No,24.29,34.72,2018,10,30,16,Tuesday,0,0
432,2020-08-12 11:58:00,18.28827074,94.68846521,RD-103,280,103,Truck,High,Rain,2762,Dry,No,None,No,42.85,49.85,2020,8,12,11,Wednesday,0,0
433,2020-12-06 00:48:00,17.10765595,71.970643,RD-50,115,89,Mixed,Low,Clear,5665,Dry,No,None,No,38.55,44.9,2020,12,6,0,Sunday,0,0
434,2019-10-21 11:51:00,26.15486608,74.18761679,RD-14,274,107,Bike,Very High,Storm,4048,Dry,No,None,Yes,23.03,89.28,2019,10,21,11,Monday,0,1
435,2022-11-24 23:38:00,17.5280099,72.54709025,RD-106,486,7,Truck,Very High,Storm,5311,Wet,No,None,Yes,22.52,53.36,2022,11,24,23,Thursday,0,1
436,2020-10-14 08:32:00,19.67013289,82.42751592,RD-88,325,29,Truck,Low,Snow,6042,Dry,No,None,No,41.03,73.96,2020,10,14,8,Wednesday,0,0
437,2019-01-07 08:06:00,15.92037969,91.68876228,RD-327,321,115,Bus,Low,Clear,8088,Wet,Yes,Major,No,22.18,71.08,2019,1,7,8,Monday,1,0
438,2018-01-20 23:36:00,18.00178698,75.74076181,RD-150,481,72,Car,Medium,Snow,9848,Under Maintenance,No,None,No,44.66,42.72,2018,1,20,23,Saturday,0,0
439,2021-02-09 10:41:00,27.70290776,72.1272928,RD-42,408,61,Bike,Very High,Snow,7937,Slippery,No,None,No,41.19,44.34,2021,2,9,10,Tuesday,0,0
440,2019-05-31 09:19:00,34.74888041,79.88772738,RD-243,350,19,Bike,High,Rain,1589,Under Maintenance,No,None,Yes,22.44,46.88,2019,5,31,9,Friday,0,1
441,2019-04-26 05:52:00,24.9103488,96.46799741,RD-433,114,71,Mixed,Medium,Rain,6815,Under Maintenance,Yes,Fatal,No,22.55,54.67,2019,4,26,5,Friday,1,0
442,2023-04-04 05:50:00,8.290970019,68.32068429,RD-60,97,15,Truck,High,Clear,2069,Wet,No,None,No,49.6,44.06,2023,4,4,5,Tuesday,0,0
443,2022-07-03 06:59:00,15.65288429,82.61594063,RD-158,16,96,Truck,Low,Fog,4433,Under Maintenance,No,None,Yes,31.23,31.18,2022,7,3,6,Sunday,0,1
444,2022-03-15 06:18:00,35.61491733,87.41167566,RD-402,33,7,Bus,Medium,Rain,9918,Slippery,No,None,No,31.12,82.76,2022,3,15,6,Tuesday,0,0
445,2022-05-10 06:55:00,34.39933115,91.3949019,RD-204,66,22,Bike,Very High,Fog,2628,Slippery,No,None,Yes,44.38,87.94,2022,5,10,6,Tuesday,0,1
446,2022-12-25 02:07:00,11.35376995,89.63953403,RD-242,224,114,Car,Medium,Snow,5198,Slippery,No,None,No,48.42,50.49,2022,12,25,2,Sunday,0,0
447,2021-06-25 10:34:00,34.34409483,70.15840164,RD-251,329,57,Mixed,High,Snow,7044,Under Maintenance,No,None,No,49.58,50.31,2021,6,25,10,Friday,0,0
448,2021-10-09 02:19:00,35.97134167,81.39424291,RD-459,34,13,Mixed,Very High,Clear,3309,Dry,No,None,Yes,42.6,30.43,2021,10,9,2,Saturday,0,1
449,2021-01-30 23:51:00,17.41258498,70.2837378,RD-339,465,83,Mixed,High,Clear,1700,Wet,No,None,Yes,31.29,70.82,2021,1,30,23,Saturday,0,1
450,2018-07-21 08:42:00,28.32919747,85.97580433,RD-136,427,108,Mixed,Very High,Snow,781,Wet,No,None,Yes,22.51,79.53,2018,7,21,8,Saturday,0,1
451,2022-06-19 20:03:00,24.23949005,70.23391493,RD-47,492,76,Bike,Low,Fog,2464,Dry,No,None,No,43.31,38.8,2022,6,19,20,Sunday,0,0
452,2020-06-02 11:28:00,17.7744401,69.40402943,RD-329,63,44,Truck,Low,Fog,9484,Wet,No,None,Yes,36.75,39.58,2020,6,2,11,Tuesday,0,1
453,2021-08-20 04:56:00,12.44673765,76.87481619,RD-279,95,60,Bike,Low,Snow,1553,Under Maintenance,No,None,No,32.73,77.4,2021,8,20,4,Friday,0,0
454,2022-12-14 03:29:00,18.6406865,95.22612307,RD-199,299,18,Car,Very High,Storm,478,Dry,No,None,No,47.19,66.98,2022,12,14,3,Wednesday,0,0
455,2022-03-27 04:29:00,34.90610057,88.5898995,RD-95,421,106,Mixed,Medium,Storm,4052,Dry,Yes,Minor,Yes,23.34,32.69,2022,3,27,4,Sunday,1,1
456,2022-03-26 23:41:00,31.52620289,68.11675352,RD-190,266,65,Bike,Low,Fog,4890,Under Maintenance,No,None,No,34.78,67.35,2022,3,26,23,Saturday,0,0
457,2018-12-20 21:06:00,17.58956139,76.2571121,RD-454,260,17,Car,Very High,Storm,5763,Under Maintenance,No,None,Yes,20.34,48.54,2018,12,20,21,Thursday,0,1
458,2022-03-23 12:47:00,23.88258521,68.50743897,RD-196,373,107,Bus,Very High,Rain,1079,Wet,No,None,Yes,34.06,52.12,2022,3,23,12,Wednesday,0,1
459,2019-04-18 00:30:00,19.77288868,76.53501731,RD-190,46,51,Mixed,Low,Clear,1273,Under Maintenance,No,None,No,21.69,76.18,2019,4,18,0,Thursday,0,0
460,2022-05-21 08:45:00,21.52089759,87.8792731,RD-96,295,78,Truck,Very High,Clear,4273,Slippery,No,None,No,23.56,78.66,2022,5,21,8,Saturday,0,0
461,2023-07-08 19:13:00,30.07510989,90.03358148,RD-229,123,112,Truck,Very High,Storm,3136,Slippery,No,None,Yes,23.53,54.02,2023,7,8,19,Saturday,0,1
462,2018-05-20 15:48:00,23.74717983,91.31912642,RD-23,418,98,Truck,Low,Snow,8838,Under Maintenance,No,None,No,39.48,86.83,2018,5,20,15,Sunday,0,0
463,2023-09-03 09:36:00,13.25028944,94.38971281,RD-135,252,9,Car,Medium,Rain,7322,Slippery,No,None,No,42.38,54.39,2023,9,3,9,Sunday,0,0
464,2023-04-01 22:50:00,15.80203321,78.60800382,RD-226,197,90,Bike,High,Storm,531,Dry,No,None,No,37.5,76.31,2023,4,1,22,Saturday,0,0
465,2019-09-13 18:39:00,24.46602199,93.01533379,RD-239,139,103,Mixed,Medium,Snow,8316,Slippery,No,None,No,48.87,59.03,2019,9,13,18,Friday,0,0
466,2020-01-07 18:02:00,28.09176724,89.10239314,RD-135,421,9,Mixed,Very High,Snow,7956,Dry,Yes,Major,No,31.25,83.85,2020,1,7,18,Tuesday,1,0
467,2021-11-13 21:31:00,22.73549239,83.59491961,RD-116,313,16,Mixed,Very High,Fog,4267,Dry,No,None,No,28.57,84.47,2021,11,13,21,Saturday,0,0
468,2022-06-03 15:11:00,25.98610544,95.68429205,RD-429,421,39,Mixed,Very High,Rain,8328,Slippery,No,None,Yes,46.06,35.25,2022,6,3,15,Friday,0,1
469,2022-03-11 20:16:00,30.8919316,95.48448705,RD-138,224,89,Bus,Low,Rain,1916,Under Maintenance,No,None,No,26.71,86.19,2022,3,11,20,Friday,0,0
470,2020-08-08 07:13:00,23.81636557,94.03052415,RD-289,367,30,Mixed,High,Fog,7371,Slippery,No,None,No,48.9,79.53,2020,8,8,7,Saturday,0,0
471,2018-08-17 12:14:00,36.33855205,73.86459234,RD-32,33,5,Bus,Very High,Snow,1743,Dry,No,None,No,20.36,77.48,2018,8,17,12,Friday,0,0
472,2023-02-06 11:10:00,14.8314909,74.02871572,RD-78,258,117,Bike,Very High,Snow,6798,Under Maintenance,Yes,None,No,49.1,42.05,2023,2,6,11,Monday,1,0
473,2023-09-01 07:19:00,34.67095926,94.1290856,RD-386,236,14,Truck,Medium,Storm,4527,Dry,No,None,No,21.29,78.31,2023,9,1,7,Friday,0,0
474,2021-07-27 12:59:00,15.18213405,79.53948138,RD-357,209,42,Bus,Very High,Clear,4676,Slippery,No,None,No,46.73,81.01,2021,7,27,12,Tuesday,0,0
475,2023-06-09 04:39:00,23.41769272,91.12588355,RD-342,493,28,Truck,Very High,Fog,2456,Wet,No,None,No,35.83,47.35,2023,6,9,4,Friday,0,0
476,2023-05-19 01:16:00,21.22129635,87.92127798,RD-50,155,99,Truck,Low,Storm,8165,Under Maintenance,Yes,Fatal,No,49.79,87.14,2023,5,19,1,Friday,1,0
477,2021-08-30 02:21:00,18.8136148,90.10834698,RD-44,285,113,Car,Medium,Rain,3346,Dry,Yes,None,No,22.21,32.99,2021,8,30,2,Monday,1,0
478,2020-01-09 18:42:00,35.91930539,68.76194115,RD-343,333,51,Bus,Medium,Rain,5234,Under Maintenance,No,None,Yes,36.62,38.99,2020,1,9,18,Thursday,0,1
479,2021-05-21 10:35:00,15.89674527,80.46875641,RD-177,17,91,Mixed,Very High,Rain,982,Dry,Yes,Major,No,49.08,62.25,2021,5,21,10,Friday,1,0
480,2020-02-07 08:36:00,27.57120403,92.85571167,RD-414,355,89,Car,Low,Clear,5646,Slippery,Yes,None,No,35.69,64.55,2020,2,7,8,Friday,1,0
481,2018-09-20 15:07:00,31.31798859,82.20784368,RD-278,65,6,Mixed,Low,Fog,7428,Slippery,No,None,No,38.88,68.71,2018,9,20,15,Thursday,0,0
482,2023-08-14 10:41:00,13.71319852,88.01388363,RD-212,70,99,Truck,High,Clear,9226,Slippery,No,None,Yes,40.87,31.02,2023,8,14,10,Monday,0,1
483,2020-02-20 18:45:00,36.22143487,89.92260519,RD-498,48,6,Car,High,Snow,5847,Dry,No,None,No,33.64,87.62,2020,2,20,18,Thursday,0,0
484,2021-06-06 16:45:00,23.8525738,71.50199303,RD-388,477,34,Mixed,Very High,Snow,6267,Slippery,Yes,None,No,38.83,32.68,2021,6,6,16,Sunday,1,0
485,2022-04-04 12:26:00,34.52022919,72.51662148,RD-302,283,29,Mixed,High,Rain,7121,Wet,No,None,No,37.53,38.58,2022,4,4,12,Monday,0,0
486,2021-10-15 07:05:00,27.25255073,89.01205492,RD-117,106,117,Bike,Low,Fog,5092,Wet,No,None,No,47.03,30.84,2021,10,15,7,Friday,0,0
487,2020-04-19 04:30:00,26.83337867,69.58254595,RD-284,324,87,Car,Medium,Storm,5525,Slippery,No,None,No,21.36,64.01,2020,4,19,4,Sunday,0,0
488,2021-10-15 16:38:00,18.02199659,77.91496424,RD-32,155,66,Car,High,Snow,7756,Dry,No,None,No,28.43,85.94,2021,10,15,16,Friday,0,0
489,2021-04-04 13:56:00,30.34711416,94.62442427,RD-431,107,5,Truck,Very High,Storm,4498,Slippery,No,None,Yes,48.51,69.96,2021,4,4,13,Sunday,0,1
490,2022-07-01 08:04:00,8.863803199,84.65631944,RD-199,264,105,Truck,Low,Storm,4669,Slippery,No,None,No,46.71,79.36,2022,7,1,8,Friday,0,0
491,2021-04-24 02:19:00,24.11879398,94.40387801,RD-420,220,96,Car,High,Snow,2720,Dry,No,None,Yes,33.67,30.8,2021,4,24,2,Saturday,0,1
492,2023-03-02 13:37:00,8.932032833,76.97307709,RD-268,51,67,Bike,Low,Storm,1747,Wet,Yes,None,No,38.6,62.52,2023,3,2,13,Thursday,1,0
493,2019-03-28 16:08:00,16.89928431,86.46216586,RD-215,62,88,Bike,Medium,Storm,4347,Wet,No,None,No,28.32,57.57,2019,3,28,16,Thursday,0,0
494,2018-01-26 10:41:00,10.79257763,76.3155404,RD-495,42,63,Truck,Low,Storm,6694,Dry,No,None,Yes,25.64,59.94,2018,1,26,10,Friday,0,1
495,2023-04-08 11:13:00,34.43613982,71.22253213,RD-275,286,116,Bus,Very High,Clear,4114,Slippery,No,None,No,33.91,34.33,2023,4,8,11,Saturday,0,0
496,2020-11-10 10:59:00,26.21955063,96.73016412,RD-352,464,58,Mixed,High,Fog,1966,Slippery,No,None,No,30.6,71.07,2020,11,10,10,Tuesday,0,0
497,2023-06-17 08:21:00,27.38680789,73.11073233,RD-444,453,73,Truck,Low,Rain,1042,Dry,Yes,Fatal,No,37.51,60.19,2023,6,17,8,Saturday,1,0
498,2022-09-23 18:20:00,32.6827243,73.46599409,RD-480,151,59,Bike,Medium,Clear,9486,Wet,No,None,No,22.33,75.91,2022,9,23,18,Friday,0,0
499,2023-01-09 18:05:00,29.25794178,92.4156327,RD-244,298,98,Car,High,Storm,4105,Dry,No,None,No,49.23,59.12,2023,1,9,18,Monday,0,0
500,2018-05-19 17:17:00,11.60167171,91.26487258,RD-294,397,91,Bike,High,Clear,245,Under Maintenance,No,None,No,49.59,38.96,2018,5,19,17,Saturday,0,0
501,2019-01-31 23:20:00,25.90861166,96.35706607,RD-452,436,46,Car,Very High,Clear,5163,Dry,Yes,None,No,40.94,68.9,2019,1,31,23,Thursday,1,0
502,2022-12-04 17:56:00,36.36695118,70.08057645,RD-121,139,95,Truck,Medium,Fog,5922,Wet,No,None,No,36.08,40.34,2022,12,4,17,Sunday,0,0
503,2019-07-10 03:17:00,14.20936084,70.72964219,RD-244,305,57,Mixed,Low,Fog,6362,Dry,No,None,No,29.29,82.34,2019,7,10,3,Wednesday,0,0
504,2023-12-12 06:02:00,25.971704,81.01270586,RD-154,59,110,Mixed,Medium,Storm,3098,Under Maintenance,No,None,No,44.41,66.79,2023,12,12,6,Tuesday,0,0
505,2019-04-27 13:51:00,24.34481511,85.16067551,RD-41,488,69,Truck,Medium,Clear,7996,Slippery,No,None,No,40.54,39.43,2019,4,27,13,Saturday,0,0
506,2022-05-17 01:34:00,19.35773533,69.10284631,RD-203,72,13,Mixed,Medium,Fog,7996,Slippery,No,None,No,24.88,87.74,2022,5,17,1,Tuesday,0,0
507,2021-02-09 23:13:00,35.68442613,72.59330408,RD-463,442,118,Mixed,Low,Fog,7306,Under Maintenance,Yes,Major,No,47.33,61.1,2021,2,9,23,Tuesday,1,0
508,2023-07-02 15:11:00,18.33561118,88.39672842,RD-438,119,75,Bus,High,Clear,5597,Under Maintenance,Yes,Fatal,Yes,44.68,34.37,2023,7,2,15,Sunday,1,1
509,2018-11-24 07:00:00,10.71673284,87.38765343,RD-366,359,55,Bus,Medium,Fog,3967,Dry,No,None,No,48.49,67.61,2018,11,24,7,Saturday,0,0
510,2020-12-14 04:52:00,35.91374653,70.6008999,RD-18,329,94,Bus,Low,Snow,676,Dry,No,None,No,41.77,45.19,2020,12,14,4,Monday,0,0
511,2023-10-10 11:45:00,29.147386,95.01831937,RD-258,187,20,Car,High,Fog,5238,Wet,No,None,Yes,38.4,78.22,2023,10,10,11,Tuesday,0,1
512,2019-11-20 23:40:00,17.93104639,75.38815035,RD-293,403,57,Bus,Very High,Storm,6972,Dry,Yes,Major,No,32.55,79.07,2019,11,20,23,Wednesday,1,0
513,2018-05-16 14:04:00,16.13483713,93.72968875,RD-462,253,74,Truck,Low,Storm,3101,Under Maintenance,No,None,No,47.98,88.74,2018,5,16,14,Wednesday,0,0
514,2018-05-18 04:58:00,34.91277327,94.76665695,RD-265,94,66,Bus,Medium,Rain,7324,Slippery,No,None,No,45.98,60.11,2018,5,18,4,Friday,0,0
515,2023-09-10 01:34:00,15.9329493,82.21202161,RD-410,123,110,Truck,Medium,Rain,7979,Wet,No,None,No,21.36,57.3,2023,9,10,1,Sunday,0,0
516,2019-06-14 20:55:00,23.57757251,79.94702875,RD-293,125,41,Bus,Low,Clear,6009,Under Maintenance,No,None,Yes,20.79,75.21,2019,6,14,20,Friday,0,1
517,2018-08-19 21:02:00,14.23369706,76.06597455,RD-347,160,65,Mixed,Low,Storm,5815,Dry,Yes,Minor,Yes,31.29,37.95,2018,8,19,21,Sunday,1,1
518,2023-06-13 21:40:00,36.8612238,91.41407796,RD-318,46,61,Bus,Medium,Rain,5035,Under Maintenance,No,None,No,44.32,62.81,2023,6,13,21,Tuesday,0,0
519,2022-06-18 10:19:00,30.315749,73.70106876,RD-76,81,49,Truck,Low,Clear,3111,Slippery,No,None,No,49.62,62.77,2022,6,18,10,Saturday,0,0
520,2018-08-17 05:51:00,24.46141326,86.04161247,RD-62,147,80,Truck,Medium,Rain,5545,Dry,Yes,Fatal,No,24.51,35.37,2018,8,17,5,Friday,1,0
521,2023-01-23 20:01:00,29.62896703,84.4468874,RD-487,418,92,Truck,Low,Fog,4833,Dry,Yes,None,No,37.82,55.08,2023,1,23,20,Monday,1,0
522,2023-12-17 23:02:00,34.57467103,75.21795464,RD-388,298,21,Bus,Very High,Snow,8509,Wet,No,None,No,31.43,81.2,2023,12,17,23,Sunday,0,0
523,2019-10-10 17:57:00,35.93060164,96.50836795,RD-230,26,6,Car,High,Rain,7597,Dry,No,None,No,49.1,81.37,2019,10,10,17,Thursday,0,0
524,2023-12-28 14:50:00,30.79454765,92.54340172,RD-89,380,99,Truck,Very High,Fog,2488,Wet,No,None,Yes,45.26,35.95,2023,12,28,14,Thursday,0,1
525,2023-08-02 13:48:00,32.62291308,68.59532438,RD-486,289,41,Car,Low,Snow,8884,Under Maintenance,No,None,No,45.15,35.44,2023,8,2,13,Wednesday,0,0
526,2023-11-25 23:48:00,19.53602381,80.24532029,RD-86,186,58,Bus,Very High,Rain,6537,Wet,Yes,Fatal,Yes,34.06,45.76,2023,11,25,23,Saturday,1,1
527,2022-07-15 06:18:00,19.36286686,78.41018591,RD-498,243,46,Car,Very High,Storm,2064,Under Maintenance,No,None,No,32.44,82.49,2022,7,15,6,Friday,0,0
528,2023-11-07 20:39:00,31.44060293,93.60146852,RD-109,251,33,Car,High,Snow,4162,Dry,No,None,No,28.2,37.73,2023,11,7,20,Tuesday,0,0
529,2023-01-13 02:53:00,30.02912903,75.67036945,RD-414,39,69,Truck,Low,Fog,1652,Wet,No,None,Yes,21.69,73.2,2023,1,13,2,Friday,0,1
530,2019-01-28 06:42:00,34.12846941,96.95506889,RD-99,74,112,Bus,Very High,Storm,2190,Under Maintenance,No,None,No,45.94,36.07,2019,1,28,6,Monday,0,0
531,2020-10-25 23:19:00,11.85728113,73.80230821,RD-65,391,82,Truck,Very High,Fog,1544,Wet,No,None,No,44.39,67.39,2020,10,25,23,Sunday,0,0
532,2020-02-15 16:13:00,28.03358044,75.07265301,RD-22,90,44,Mixed,Low,Rain,7984,Wet,Yes,Fatal,No,49.99,51.36,2020,2,15,16,Saturday,1,0
533,2021-12-08 14:15:00,26.78179878,87.31636705,RD-217,293,117,Bike,High,Fog,1840,Under Maintenance,No,None,No,49.9,77.33,2021,12,8,14,Wednesday,0,0
534,2019-03-20 10:15:00,31.15707537,72.67064933,RD-41,22,15,Car,Very High,Clear,2154,Wet,No,None,No,36.66,44.02,2019,3,20,10,Wednesday,0,0
535,2018-03-06 15:12:00,8.712019162,93.77526396,RD-350,194,62,Bus,Medium,Fog,5145,Under Maintenance,No,None,No,43.07,68.35,2018,3,6,15,Tuesday,0,0
536,2021-04-01 10:46:00,31.96132092,71.18794562,RD-223,453,100,Car,High,Fog,5021,Dry,No,None,No,48.34,44.14,2021,4,1,10,Thursday,0,0
537,2022-12-16 04:34:00,17.46637295,96.51620517,RD-104,147,24,Bus,Low,Storm,6743,Under Maintenance,No,None,Yes,45.49,72.82,2022,12,16,4,Friday,0,1
538,2021-04-18 07:02:00,27.9265418,93.36465073,RD-422,202,70,Truck,Medium,Fog,758,Wet,No,None,No,27.42,82.42,2021,4,18,7,Sunday,0,0
539,2020-05-03 06:29:00,25.88022758,92.35003869,RD-322,349,35,Bike,Medium,Snow,8506,Dry,No,None,No,33.52,37.61,2020,5,3,6,Sunday,0,0
540,2018-09-22 01:41:00,20.7657513,79.80930273,RD-76,400,9,Bike,Very High,Fog,8156,Slippery,No,None,No,23.87,82.0,2018,9,22,1,Saturday,0,0
541,2023-07-29 14:35:00,29.63479848,82.89560808,RD-428,453,100,Bike,Very High,Rain,6321,Under Maintenance,No,None,No,48.62,65.61,2023,7,29,14,Saturday,0,0
542,2022-12-06 22:10:00,35.87534898,81.23437876,RD-305,328,54,Bike,Low,Clear,3664,Dry,No,None,No,38.19,37.63,2022,12,6,22,Tuesday,0,0
543,2021-05-21 09:52:00,17.38077442,96.63538095,RD-133,489,13,Car,Very High,Clear,6308,Wet,No,None,No,26.86,55.65,2021,5,21,9,Friday,0,0
544,2020-10-10 15:03:00,29.70464061,69.0099523,RD-164,478,45,Bus,High,Fog,3987,Under Maintenance,No,None,Yes,40.15,39.65,2020,10,10,15,Saturday,0,1
545,2023-07-30 15:00:00,17.1215743,79.06956027,RD-467,35,14,Mixed,Medium,Clear,8655,Wet,No,None,No,38.54,72.02,2023,7,30,15,Sunday,0,0
546,2022-08-17 09:51:00,32.52394107,96.08326129,RD-373,246,57,Bus,High,Storm,529,Slippery,No,None,Yes,30.74,75.53,2022,8,17,9,Wednesday,0,1
547,2018-07-10 21:06:00,20.68092181,78.71231624,RD-469,126,104,Car,Medium,Clear,6518,Slippery,No,None,No,23.41,36.35,2018,7,10,21,Tuesday,0,0
548,2019-11-10 01:06:00,21.02870629,79.55311652,RD-414,464,53,Truck,Low,Rain,5531,Dry,No,None,No,40.15,60.37,2019,11,10,1,Sunday,0,0
549,2020-04-01 11:17:00,30.38453685,86.30772165,RD-35,47,30,Mixed,Medium,Fog,6738,Slippery,No,None,No,35.61,78.88,2020,4,1,11,Wednesday,0,0
550,2021-08-19 22:35:00,22.38892128,94.31079537,RD-45,319,112,Mixed,Very High,Clear,8119,Wet,No,None,No,43.17,86.17,2021,8,19,22,Thursday,0,0
551,2023-03-13 00:11:00,15.73269392,76.54114279,RD-199,54,71,Mixed,Low,Rain,8262,Dry,No,None,No,35.6,60.81,2023,3,13,0,Monday,0,0
552,2019-06-16 07:43:00,36.87057108,95.4805566,RD-285,497,40,Car,Low,Clear,6767,Under Maintenance,No,None,Yes,45.57,87.02,2019,6,16,7,Sunday,0,1
553,2022-05-26 01:08:00,25.98653639,76.19428896,RD-204,377,27,Bike,Low,Rain,6731,Wet,No,None,No,36.56,62.14,2022,5,26,1,Thursday,0,0
554,2019-10-17 10:03:00,26.70933715,91.6464395,RD-283,195,98,Bike,Medium,Fog,583,Wet,Yes,Fatal,Yes,36.83,53.65,2019,10,17,10,Thursday,1,1
555,2020-04-06 14:57:00,26.75087562,75.99930594,RD-167,178,43,Bike,High,Rain,5421,Wet,No,None,No,46.3,80.89,2020,4,6,14,Monday,0,0
556,2021-10-01 20:04:00,33.61741292,70.11652593,RD-439,182,63,Bus,Very High,Clear,4089,Under Maintenance,No,None,No,32.1,59.58,2021,10,1,20,Friday,0,0
557,2020-09-26 22:19:00,13.33228816,91.55677386,RD-142,228,27,Bike,High,Rain,3829,Under Maintenance,No,None,No,24.02,58.31,2020,9,26,22,Saturday,0,0
558,2020-08-17 12:58:00,9.71539365,81.05221525,RD-267,427,27,Mixed,Medium,Fog,5151,Wet,Yes,Fatal,No,20.86,59.42,2020,8,17,12,Monday,1,0
559,2020-06-06 20:05:00,19.21431484,79.3317193,RD-235,85,47,Bike,High,Rain,6385,Slippery,No,None,No,42.65,80.81,2020,6,6,20,Saturday,0,0
560,2022-11-25 23:20:00,24.38225023,80.46660623,RD-470,213,104,Mixed,High,Storm,6435,Dry,No,None,No,38.61,79.92,2022,11,25,23,Friday,0,0
561,2021-02-11 03:06:00,16.28557901,85.73571225,RD-448,323,29,Mixed,High,Clear,8671,Wet,No,None,No,41.12,54.21,2021,2,11,3,Thursday,0,0
562,2019-06-02 01:29:00,27.98700313,75.6181102,RD-7,88,88,Bus,Low,Rain,2068,Wet,No,None,No,26.39,50.0,2019,6,2,1,Sunday,0,0
563,2021-08-20 22:48:00,10.14356339,74.88096144,RD-403,221,64,Bike,Medium,Storm,1965,Dry,No,None,No,24.09,59.52,2021,8,20,22,Friday,0,0
564,2019-08-25 19:14:00,30.93057466,82.01973736,RD-359,147,106,Truck,Medium,Storm,7137,Wet,No,None,No,20.44,64.37,2019,8,25,19,Sunday,0,0
565,2018-11-01 08:18:00,28.82449457,69.03336771,RD-320,258,37,Bike,Very High,Snow,7753,Dry,No,None,No,30.52,44.3,2018,11,1,8,Thursday,0,0
566,2018-06-29 19:53:00,14.20439883,86.64263239,RD-301,247,37,Truck,Very High,Rain,7592,Dry,Yes,Minor,No,37.7,77.64,2018,6,29,19,Friday,1,0
567,2019-10-30 11:26:00,16.65517292,91.86247827,RD-268,391,106,Bus,Low,Snow,4643,Slippery,No,None,No,31.77,59.19,2019,10,30,11,Wednesday,0,0
568,2019-02-04 20:16:00,31.4030593,89.09508696,RD-401,99,69,Car,Medium,Storm,3618,Dry,No,None,No,33.12,50.04,2019,2,4,20,Monday,0,0
569,2020-12-19 00:05:00,30.42679745,81.60977215,RD-215,410,51,Bus,Very High,Fog,4996,Dry,No,None,No,47.12,36.41,2020,12,19,0,Saturday,0,0
570,2020-08-28 11:26:00,31.59921856,84.39631914,RD-58,211,37,Bus,Very High,Rain,2689,Under Maintenance,No,None,No,30.45,44.33,2020,8,28,11,Friday,0,0
571,2019-12-29 07:14:00,17.3450425,68.75924268,RD-213,326,42,Truck,Low,Snow,8872,Dry,No,None,No,35.42,86.96,2019,12,29,7,Sunday,0,0
572,2021-02-27 01:38:00,36.11756432,94.45825935,RD-77,129,28,Bus,Very High,Clear,5142,Wet,No,None,No,43.51,48.31,2021,2,27,1,Saturday,0,0
573,2021-06-06 00:41:00,28.74480865,84.1838141,RD-76,20,77,Mixed,Very High,Fog,9589,Dry,No,None,No,31.9,40.13,2021,6,6,0,Sunday,0,0
574,2021-06-08 09:31:00,9.890822835,77.17586417,RD-291,410,99,Bus,Very High,Snow,6858,Dry,No,None,Yes,38.66,57.64,2021,6,8,9,Tuesday,0,1
575,2023-05-26 06:04:00,21.85431077,76.51388758,RD-302,212,106,Bus,Very High,Rain,8209,Under Maintenance,No,None,No,45.87,48.43,2023,5,26,6,Friday,0,0
576,2023-08-31 09:48:00,27.27186432,87.13008448,RD-299,24,53,Truck,High,Clear,8228,Slippery,No,None,No,48.49,32.11,2023,8,31,9,Thursday,0,0
577,2018-11-19 06:00:00,12.89085558,84.94553841,RD-389,13,96,Bus,Low,Fog,9998,Slippery,No,None,No,24.41,49.39,2018,11,19,6,Monday,0,0
578,2018-06-17 10:00:00,34.15129887,73.44743474,RD-494,354,91,Bus,Low,Storm,9963,Slippery,No,None,Yes,47.8,62.65,2018,6,17,10,Sunday,0,1
579,2018-11-19 09:22:00,29.86915233,79.88765439,RD-482,237,34,Bike,High,Snow,6941,Under Maintenance,No,None,No,34.76,63.1,2018,11,19,9,Monday,0,0
580,2023-01-17 11:01:00,10.36152126,87.60925959,RD-52,190,86,Mixed,Very High,Fog,4774,Slippery,No,None,Yes,27.75,51.39,2023,1,17,11,Tuesday,0,1
581,2020-10-01 23:16:00,34.48274514,76.63198728,RD-474,440,62,Mixed,Medium,Storm,7854,Dry,No,None,Yes,33.77,56.84,2020,10,1,23,Thursday,0,1
582,2021-11-20 07:13:00,19.72672072,82.7690206,RD-55,232,94,Mixed,Very High,Rain,4237,Wet,Yes,None,No,49.4,87.93,2021,11,20,7,Saturday,1,0
583,2021-05-11 12:55:00,21.12161485,75.39149886,RD-289,55,101,Bus,High,Rain,1378,Wet,No,None,No,34.78,52.64,2021,5,11,12,Tuesday,0,0
584,2019-04-01 16:49:00,30.71013665,70.07876374,RD-400,422,63,Mixed,Very High,Storm,4749,Wet,No,None,No,29.86,45.49,2019,4,1,16,Monday,0,0
585,2020-06-06 21:16:00,26.67593282,79.25912732,RD-52,40,20,Bike,Low,Fog,201,Slippery,No,None,No,39.0,44.61,2020,6,6,21,Saturday,0,0
586,2021-03-31 16:08:00,20.68833216,89.23024082,RD-403,338,97,Car,Very High,Snow,4798,Under Maintenance,No,None,No,27.2,57.47,2021,3,31,16,Wednesday,0,0
587,2023-08-24 12:58:00,15.52911507,74.20166253,RD-147,57,20,Car,Medium,Rain,9603,Under Maintenance,No,None,Yes,22.28,75.57,2023,8,24,12,Thursday,0,1
588,2019-09-17 09:46:00,22.98997623,89.88059899,RD-445,193,37,Bike,Low,Rain,4945,Slippery,No,None,Yes,23.87,42.36,2019,9,17,9,Tuesday,0,1
589,2022-07-16 12:52:00,24.79621267,87.41527775,RD-275,458,43,Car,Very High,Fog,1412,Under Maintenance,No,None,No,23.84,72.56,2022,7,16,12,Saturday,0,0
590,2021-07-24 17:19:00,26.29703808,82.71374073,RD-451,140,50,Car,Very High,Rain,9711,Dry,No,None,No,24.56,31.27,2021,7,24,17,Saturday,0,0
591,2023-10-08 09:44:00,25.54683424,96.17221457,RD-177,269,115,Truck,Medium,Clear,5324,Under Maintenance,No,None,Yes,24.16,55.14,2023,10,8,9,Sunday,0,1
592,2021-11-21 13:32:00,25.90180139,93.61902182,RD-450,284,42,Bus,Very High,Storm,8149,Slippery,No,None,No,39.23,76.55,2021,11,21,13,Sunday,0,0
593,2021-03-08 13:49:00,21.79639025,84.33211037,RD-211,434,27,Truck,High,Snow,8614,Under Maintenance,No,None,No,25.46,50.32,2021,3,8,13,Monday,0,0
594,2023-06-13 21:17:00,24.29474733,84.17561637,RD-136,159,30,Truck,Medium,Fog,7456,Under Maintenance,No,None,No,30.37,63.82,2023,6,13,21,Tuesday,0,0
595,2023-05-04 21:38:00,16.37050736,76.05536773,RD-197,380,53,Bike,High,Clear,909,Dry,Yes,Minor,No,46.9,42.3,2023,5,4,21,Thursday,1,0
596,2020-09-17 17:44:00,12.59287254,94.68575411,RD-336,465,85,Car,Medium,Rain,4746,Dry,No,None,No,34.22,74.52,2020,9,17,17,Thursday,0,0
597,2019-05-04 13:56:00,25.60113489,93.98192781,RD-249,34,106,Bike,Low,Rain,3894,Wet,No,None,No,40.03,33.14,2019,5,4,13,Saturday,0,0
598,2023-10-01 14:12:00,9.362962064,89.51965075,RD-293,397,113,Mixed,Medium,Clear,6585,Under Maintenance,No,None,No,25.17,81.15,2023,10,1,14,Sunday,0,0
599,2023-10-15 09:38:00,9.891001943,71.70857988,RD-312,318,28,Truck,Medium,Rain,5470,Slippery,No,None,No,25.77,41.89,2023,10,15,9,Sunday,0,0
600,2022-07-20 19:22:00,15.17216389,88.40573267,RD-243,188,111,Car,High,Storm,3720,Slippery,No,None,Yes,21.23,82.46,2022,7,20,19,Wednesday,0,1
601,2019-03-18 19:19:00,13.63548336,75.34030467,RD-20,215,87,Bus,High,Rain,1302,Dry,No,None,No,25.07,51.15,2019,3,18,19,Monday,0,0
602,2021-01-03 09:00:00,18.84928081,73.47548404,RD-89,14,46,Truck,Medium,Snow,6072,Wet,No,None,No,28.36,73.36,2021,1,3,9,Sunday,0,0
603,2023-08-19 14:30:00,18.76737557,90.01713903,RD-142,315,31,Car,Low,Storm,5807,Dry,No,None,No,25.31,49.15,2023,8,19,14,Saturday,0,0
604,2020-06-25 13:48:00,11.38880822,95.83225521,RD-207,187,6,Mixed,Medium,Fog,4717,Dry,No,None,No,22.66,84.35,2020,6,25,13,Thursday,0,0
605,2021-05-26 18:54:00,15.14858728,71.15826602,RD-74,324,12,Bike,Very High,Storm,9045,Dry,No,None,No,23.62,37.6,2021,5,26,18,Wednesday,0,0
606,2022-12-31 17:55:00,8.132505919,72.75530563,RD-317,358,83,Car,Medium,Fog,1114,Slippery,No,None,Yes,33.82,40.71,2022,12,31,17,Saturday,0,1
607,2022-10-14 06:39:00,18.1779505,74.35780016,RD-312,414,45,Car,Low,Fog,1000,Under Maintenance,No,None,No,26.19,59.58,2022,10,14,6,Friday,0,0
608,2020-03-05 22:56:00,31.09662015,95.92442119,RD-349,344,17,Truck,High,Storm,3260,Under Maintenance,No,None,No,30.93,34.92,2020,3,5,22,Thursday,0,0
609,2020-10-09 07:38:00,15.71863967,88.19555051,RD-356,160,95,Car,Very High,Snow,4072,Slippery,Yes,Fatal,No,35.1,41.76,2020,10,9,7,Friday,1,0
610,2023-08-13 01:35:00,26.65709624,87.67035082,RD-206,90,26,Mixed,Medium,Rain,6260,Slippery,No,None,Yes,40.71,86.63,2023,8,13,1,Sunday,0,1
611,2020-12-06 04:35:00,10.84940018,82.6457772,RD-20,140,51,Bus,Medium,Storm,3787,Wet,No,None,No,21.18,88.59,2020,12,6,4,Sunday,0,0
612,2020-01-27 01:30:00,8.356255481,83.5902777,RD-203,234,51,Mixed,Medium,Fog,8729,Slippery,No,None,No,43.98,52.58,2020,1,27,1,Monday,0,0
613,2021-12-20 07:16:00,22.45349914,76.41502434,RD-456,315,69,Car,High,Storm,5344,Wet,Yes,Major,No,38.84,85.4,2021,12,20,7,Monday,1,0
614,2021-06-11 17:11:00,21.38303821,72.48189304,RD-451,319,73,Bus,Low,Fog,2474,Under Maintenance,No,None,No,22.45,62.69,2021,6,11,17,Friday,0,0
615,2023-10-05 06:42:00,13.55405675,90.62798748,RD-170,100,33,Mixed,Very High,Fog,2493,Under Maintenance,No,None,No,46.21,46.18,2023,10,5,6,Thursday,0,0
616,2023-12-27 12:19:00,16.31096373,81.65009007,RD-354,409,83,Bus,Low,Clear,4654,Wet,No,None,Yes,47.63,72.14,2023,12,27,12,Wednesday,0,1
617,2018-09-26 00:45:00,8.889470801,75.42425203,RD-122,271,34,Truck,Low,Snow,1433,Slippery,No,None,Yes,21.83,69.53,2018,9,26,0,Wednesday,0,1
618,2018-04-22 06:14:00,31.13619642,86.35065133,RD-26,306,50,Car,Medium,Snow,4185,Slippery,No,None,Yes,28.31,89.35,2018,4,22,6,Sunday,0,1
619,2023-04-26 07:57:00,16.73719819,74.07431767,RD-382,447,10,Bus,Very High,Fog,6207,Wet,No,None,No,44.19,45.9,2023,4,26,7,Wednesday,0,0
620,2018-12-30 17:26:00,14.36423616,82.17451337,RD-244,19,10,Bike,Very High,Fog,1124,Slippery,No,None,No,42.45,70.32,2018,12,30,17,Sunday,0,0
621,2023-02-04 06:46:00,31.33507333,73.5163828,RD-472,127,91,Truck,High,Rain,944,Dry,No,None,No,25.54,33.12,2023,2,4,6,Saturday,0,0
622,2023-11-27 02:29:00,9.138937293,90.03047026,RD-138,166,56,Car,Very High,Fog,8783,Wet,No,None,No,26.28,36.82,2023,11,27,2,Monday,0,0
623,2018-12-14 00:24:00,16.2512487,77.30325507,RD-460,452,9,Truck,Low,Fog,7945,Slippery,No,None,No,31.11,30.24,2018,12,14,0,Friday,0,0
624,2021-02-06 02:48:00,15.6198214,80.80926989,RD-191,90,90,Bike,Medium,Snow,2447,Wet,No,None,No,34.54,89.97,2021,2,6,2,Saturday,0,0
625,2022-09-18 23:22:00,15.62620582,89.89155582,RD-11,368,45,Car,Medium,Fog,7461,Wet,No,None,No,38.55,78.14,2022,9,18,23,Sunday,0,0
626,2023-10-07 14:15:00,8.333377015,87.12829448,RD-173,183,24,Truck,Medium,Rain,502,Slippery,Yes,Major,No,31.07,77.2,2023,10,7,14,Saturday,1,0
627,2019-10-04 03:41:00,35.10547985,79.5913933,RD-419,471,24,Truck,Low,Clear,3438,Slippery,No,None,No,33.88,60.58,2019,10,4,3,Friday,0,0
628,2023-12-01 22:01:00,33.06021077,70.05981201,RD-407,405,43,Bus,High,Clear,8607,Wet,No,None,No,42.42,48.0,2023,12,1,22,Friday,0,0
629,2018-12-02 18:15:00,20.02029865,94.72660281,RD-156,239,34,Bus,High,Rain,2951,Slippery,No,None,No,21.1,39.08,2018,12,2,18,Sunday,0,0
630,2020-09-22 20:45:00,20.91761312,68.22983011,RD-160,166,52,Truck,Very High,Fog,9659,Slippery,No,None,No,27.57,47.08,2020,9,22,20,Tuesday,0,0
631,2020-10-23 22:35:00,23.20047311,89.30323013,RD-144,343,85,Bus,Medium,Rain,3411,Wet,No,None,No,41.4,52.56,2020,10,23,22,Friday,0,0
632,2021-12-10 06:42:00,21.87116031,95.41671576,RD-432,209,64,Car,Medium,Clear,3307,Dry,Yes,Fatal,No,46.86,75.38,2021,12,10,6,Friday,1,0
633,2018-12-21 11:47:00,30.59487705,76.89346056,RD-252,314,27,Bus,Medium,Snow,6322,Under Maintenance,No,None,No,35.35,62.38,2018,12,21,11,Friday,0,0
634,2023-07-17 19:42:00,22.16417793,70.1878283,RD-440,241,108,Car,Medium,Fog,4478,Slippery,Yes,Fatal,No,35.96,34.65,2023,7,17,19,Monday,1,0
635,2022-12-26 13:05:00,13.47591545,75.2368056,RD-357,177,64,Car,Medium,Fog,533,Under Maintenance,No,None,No,23.22,31.08,2022,12,26,13,Monday,0,0
636,2021-03-19 00:11:00,11.39218472,77.08913033,RD-351,474,54,Car,Very High,Storm,2403,Dry,No,None,Yes,33.42,36.14,2021,3,19,0,Friday,0,1
637,2020-10-05 21:02:00,34.62987157,81.08828819,RD-51,308,17,Car,High,Fog,2802,Dry,No,None,No,35.98,54.63,2020,10,5,21,Monday,0,0
638,2021-02-26 01:30:00,9.403097116,83.23193366,RD-498,112,114,Truck,High,Storm,9812,Dry,No,None,No,27.27,85.99,2021,2,26,1,Friday,0,0
639,2019-07-31 08:11:00,34.02925576,89.03457723,RD-445,352,104,Mixed,Low,Storm,373,Dry,No,None,No,28.08,68.24,2019,7,31,8,Wednesday,0,0
640,2021-06-05 01:17:00,28.02389657,94.12654064,RD-117,16,110,Mixed,Medium,Snow,7284,Under Maintenance,No,None,No,31.32,78.11,2021,6,5,1,Saturday,0,0
641,2018-06-21 11:46:00,19.7364359,81.47901388,RD-69,149,78,Car,High,Storm,9496,Slippery,No,None,Yes,20.6,57.98,2018,6,21,11,Thursday,0,1
642,2023-09-18 03:57:00,13.42817501,89.64352463,RD-154,217,42,Mixed,High,Storm,229,Under Maintenance,No,None,No,29.66,51.7,2023,9,18,3,Monday,0,0
643,2018-06-14 09:05:00,17.00398413,71.68876898,RD-499,22,43,Car,Very High,Storm,8823,Dry,No,None,No,26.34,36.5,2018,6,14,9,Thursday,0,0
644,2021-06-27 21:47:00,23.36633726,77.53471275,RD-381,198,107,Mixed,Very High,Storm,7768,Wet,No,None,Yes,29.82,82.56,2021,6,27,21,Sunday,0,1
645,2022-02-11 03:40:00,27.04867737,71.42429753,RD-227,392,72,Bike,Low,Storm,9383,Slippery,Yes,Fatal,No,23.59,76.99,2022,2,11,3,Friday,1,0
646,2020-03-03 16:52:00,28.05270032,88.06049442,RD-397,184,23,Bus,Low,Rain,9203,Under Maintenance,No,None,No,46.72,40.09,2020,3,3,16,Tuesday,0,0
647,2023-04-20 04:41:00,20.97151764,94.32171558,RD-423,412,56,Mixed,High,Storm,835,Under Maintenance,No,None,Yes,37.81,60.74,2023,4,20,4,Thursday,0,1
648,2022-06-09 20:02:00,18.84524871,93.7826859,RD-165,140,45,Car,Low,Rain,2418,Slippery,No,None,No,40.37,59.24,2022,6,9,20,Thursday,0,0
649,2020-10-02 11:54:00,30.28120724,77.46700213,RD-138,372,96,Bus,High,Rain,7943,Under Maintenance,No,None,No,43.68,67.51,2020,10,2,11,Friday,0,0
650,2021-12-12 04:56:00,34.83698968,74.79236377,RD-374,129,31,Bus,Very High,Rain,3064,Under Maintenance,Yes,Minor,No,34.95,86.77,2021,12,12,4,Sunday,1,0
651,2018-07-31 07:00:00,34.51948531,75.94745839,RD-214,465,27,Truck,Low,Fog,308,Under Maintenance,No,None,No,22.61,64.79,2018,7,31,7,Tuesday,0,0
652,2022-02-18 08:09:00,23.99700236,76.33270402,RD-310,177,23,Truck,High,Rain,467,Dry,No,None,No,36.11,62.41,2022,2,18,8,Friday,0,0
653,2021-12-04 09:05:00,10.29158921,70.38512695,RD-331,277,84,Mixed,High,Fog,6462,Slippery,No,None,No,37.61,33.02,2021,12,4,9,Saturday,0,0
654,2018-12-14 04:11:00,10.12540454,71.86698004,RD-46,168,39,Truck,Very High,Rain,4323,Under Maintenance,No,None,No,42.36,33.77,2018,12,14,4,Friday,0,0
655,2019-10-04 21:49:00,19.67991515,74.22002578,RD-97,393,9,Car,High,Rain,308,Dry,No,None,No,32.95,41.24,2019,10,4,21,Friday,0,0
656,2021-03-27 09:15:00,29.25275193,68.23690108,RD-227,172,92,Truck,Medium,Rain,3245,Dry,Yes,Minor,No,23.83,31.95,2021,3,27,9,Saturday,1,0
657,2019-12-21 15:02:00,22.42297701,69.36966991,RD-109,349,9,Bike,Medium,Snow,3686,Slippery,No,None,No,28.51,74.6,2019,12,21,15,Saturday,0,0
658,2021-04-01 12:34:00,26.19350682,88.25795803,RD-468,485,97,Mixed,High,Fog,6843,Wet,No,None,No,30.89,73.4,2021,4,1,12,Thursday,0,0
659,2023-06-22 11:37:00,32.45625288,85.96038882,RD-422,331,10,Bus,Low,Fog,2770,Slippery,No,None,No,39.38,38.16,2023,6,22,11,Thursday,0,0
660,2021-10-02 01:48:00,9.169731927,95.41724519,RD-209,36,45,Bus,Medium,Snow,2131,Slippery,No,None,Yes,37.12,80.16,2021,10,2,1,Saturday,0,1
661,2022-05-21 23:57:00,34.79068092,79.65095661,RD-380,268,45,Bike,Medium,Storm,414,Slippery,Yes,Major,No,30.68,39.29,2022,5,21,23,Saturday,1,0
662,2020-03-08 15:16:00,17.59602432,80.88561866,RD-249,313,58,Car,Medium,Rain,1853,Wet,No,None,Yes,49.6,48.07,2020,3,8,15,Sunday,0,1
663,2019-03-17 23:23:00,9.356833367,69.96431853,RD-389,414,48,Bus,Medium,Clear,8996,Slippery,No,None,No,38.17,44.94,2019,3,17,23,Sunday,0,0
664,2021-03-02 22:43:00,32.22742755,72.4152686,RD-265,380,116,Bike,Low,Fog,9478,Slippery,No,None,No,27.12,52.34,2021,3,2,22,Tuesday,0,0
665,2023-12-02 03:38:00,35.09046675,88.05661427,RD-445,61,52,Truck,Very High,Fog,3664,Under Maintenance,No,None,Yes,23.05,45.28,2023,12,2,3,Saturday,0,1
666,2019-06-04 08:25:00,30.29003834,74.81615227,RD-192,144,41,Mixed,Low,Clear,6357,Slippery,No,None,Yes,24.59,59.34,2019,6,4,8,Tuesday,0,1
667,2022-11-15 10:28:00,31.33094785,90.42504337,RD-421,316,97,Bike,Very High,Clear,1191,Slippery,No,None,No,27.38,54.44,2022,11,15,10,Tuesday,0,0
668,2023-06-15 04:27:00,33.26794225,88.46472225,RD-29,490,60,Bike,Medium,Clear,2698,Slippery,No,None,No,24.82,89.19,2023,6,15,4,Thursday,0,0
669,2022-01-31 19:10:00,23.14854241,89.67060983,RD-264,310,37,Truck,Medium,Snow,5191,Under Maintenance,No,None,No,25.6,33.36,2022,1,31,19,Monday,0,0
670,2019-02-17 00:22:00,27.73342352,88.02689616,RD-406,311,95,Car,Low,Rain,2766,Wet,No,None,No,28.55,38.53,2019,2,17,0,Sunday,0,0
671,2021-04-11 03:53:00,16.30709588,88.52221974,RD-82,298,39,Truck,Low,Rain,3490,Slippery,No,None,No,25.2,33.17,2021,4,11,3,Sunday,0,0
672,2022-11-21 19:24:00,15.24131493,83.85718616,RD-34,301,106,Truck,Very High,Clear,5086,Under Maintenance,No,None,No,46.9,67.55,2022,11,21,19,Monday,0,0
673,2021-10-13 06:23:00,25.65933675,87.66887449,RD-160,26,108,Bus,Low,Storm,1105,Slippery,No,None,No,22.41,33.27,2021,10,13,6,Wednesday,0,0
674,2019-12-16 19:59:00,29.30362522,83.25920095,RD-364,399,116,Bike,High,Rain,982,Dry,No,None,No,35.74,80.19,2019,12,16,19,Monday,0,0
675,2019-11-11 17:00:00,19.51707618,73.97656858,RD-260,125,10,Bike,Low,Storm,2046,Under Maintenance,Yes,Fatal,No,32.31,60.72,2019,11,11,17,Monday,1,0
676,2023-06-06 00:27:00,19.60844133,74.31061944,RD-207,414,50,Truck,Medium,Rain,6233,Slippery,No,None,Yes,49.47,61.62,2023,6,6,0,Tuesday,0,1
677,2019-06-11 04:46:00,35.67277347,79.75377808,RD-70,303,78,Truck,Low,Storm,5345,Dry,No,None,No,23.36,63.7,2019,6,11,4,Tuesday,0,0
678,2018-04-08 05:46:00,23.03535142,68.40360518,RD-400,427,40,Bike,Medium,Snow,9120,Slippery,No,None,No,31.94,40.25,2018,4,8,5,Sunday,0,0
679,2018-06-17 21:57:00,36.602244,93.78960857,RD-436,58,48,Bike,High,Rain,1135,Slippery,No,None,No,49.08,41.86,2018,6,17,21,Sunday,0,0
680,2022-02-27 14:49:00,33.02243733,75.77971999,RD-269,70,11,Bike,Medium,Rain,2674,Slippery,Yes,Minor,Yes,45.97,49.13,2022,2,27,14,Sunday,1,1
681,2023-01-18 15:11:00,26.55007187,69.49460381,RD-451,323,11,Car,Low,Fog,8138,Under Maintenance,No,None,No,44.51,65.61,2023,1,18,15,Wednesday,0,0
682,2021-11-28 03:54:00,8.264932195,80.30834264,RD-292,85,33,Truck,Very High,Rain,8739,Under Maintenance,Yes,Minor,No,27.74,42.61,2021,11,28,3,Sunday,1,0
683,2020-01-10 15:40:00,16.58182969,91.6523393,RD-15,277,84,Truck,High,Fog,1095,Under Maintenance,No,None,No,25.13,36.98,2020,1,10,15,Friday,0,0
684,2019-03-02 22:33:00,20.11166975,79.5232296,RD-89,155,69,Bus,High,Clear,8762,Dry,No,None,Yes,40.06,88.21,2019,3,2,22,Saturday,0,1
685,2019-04-29 21:26:00,26.93163238,75.61780885,RD-99,199,64,Bus,Low,Fog,3609,Wet,Yes,Fatal,No,47.88,31.32,2019,4,29,21,Monday,1,0
686,2019-05-06 11:40:00,19.47016912,83.8021691,RD-449,15,116,Mixed,High,Clear,4277,Wet,No,None,No,36.7,78.16,2019,5,6,11,Monday,0,0
687,2020-08-21 07:27:00,32.00689267,84.65703377,RD-427,214,39,Bike,Medium,Rain,597,Under Maintenance,No,None,No,37.15,77.28,2020,8,21,7,Friday,0,0
688,2021-02-26 02:18:00,27.22425287,90.01650098,RD-103,360,115,Bike,Very High,Fog,2682,Wet,No,None,No,28.4,47.83,2021,2,26,2,Friday,0,0
689,2019-02-01 20:12:00,18.06764247,91.19285316,RD-429,259,61,Mixed,Low,Clear,231,Slippery,No,None,Yes,43.08,38.14,2019,2,1,20,Friday,0,1
690,2021-07-01 03:40:00,30.74858737,88.48002469,RD-30,354,33,Truck,High,Fog,1010,Wet,No,None,Yes,25.61,38.74,2021,7,1,3,Thursday,0,1
691,2018-05-07 20:59:00,16.78961912,68.13162005,RD-128,441,42,Bike,Medium,Clear,717,Wet,No,None,No,29.71,71.85,2018,5,7,20,Monday,0,0
692,2020-12-09 16:27:00,9.82081161,68.06027467,RD-17,353,81,Bus,Medium,Fog,5477,Dry,No,None,No,32.76,68.57,2020,12,9,16,Wednesday,0,0
693,2022-04-20 20:15:00,13.00413231,96.3460496,RD-234,115,108,Car,High,Clear,5453,Wet,No,None,No,35.23,76.96,2022,4,20,20,Wednesday,0,0
694,2019-06-28 02:49:00,8.07947429,75.66194803,RD-26,276,16,Truck,Low,Storm,7753,Under Maintenance,No,None,No,27.27,86.25,2019,6,28,2,Friday,0,0
695,2021-03-26 12:58:00,32.13815813,76.18816148,RD-471,426,91,Car,Medium,Rain,3281,Slippery,No,None,No,23.45,71.52,2021,3,26,12,Friday,0,0
696,2019-12-19 23:40:00,26.18614638,89.23499204,RD-185,30,114,Car,High,Rain,1284,Slippery,No,None,No,38.32,39.35,2019,12,19,23,Thursday,0,0
697,2018-12-21 20:43:00,24.54651001,84.86598552,RD-361,496,84,Mixed,Low,Fog,8904,Under Maintenance,Yes,Fatal,No,28.66,44.61,2018,12,21,20,Friday,1,0
698,2019-02-10 04:22:00,27.19939938,81.44336862,RD-102,417,62,Car,Low,Clear,2537,Under Maintenance,No,None,No,37.44,80.53,2019,2,10,4,Sunday,0,0
699,2022-07-31 13:10:00,26.95435143,71.37675125,RD-141,64,82,Bike,Medium,Storm,1003,Slippery,No,None,No,24.63,42.56,2022,7,31,13,Sunday,0,0
700,2021-03-07 05:51:00,24.39949828,70.36314232,RD-189,186,84,Mixed,Low,Rain,8559,Dry,No,None,No,34.43,34.35,2021,3,7,5,Sunday,0,0
701,2019-02-14 20:56:00,32.42989132,88.40507236,RD-422,245,10,Bus,Very High,Fog,1115,Under Maintenance,No,None,No,35.98,72.2,2019,2,14,20,Thursday,0,0
702,2019-10-08 00:10:00,20.78746329,71.61353005,RD-238,381,40,Car,Medium,Rain,9639,Slippery,No,None,No,21.55,54.15,2019,10,8,0,Tuesday,0,0
703,2018-04-18 08:43:00,31.33947397,80.6384974,RD-259,477,56,Bike,Low,Storm,5887,Dry,No,None,No,30.1,85.2,2018,4,18,8,Wednesday,0,0
704,2023-06-06 02:55:00,30.81237686,89.34765612,RD-204,18,92,Bike,Very High,Rain,216,Slippery,Yes,Major,No,24.03,69.02,2023,6,6,2,Tuesday,1,0
705,2022-02-17 20:34:00,13.78564024,94.77276933,RD-326,360,119,Bus,Very High,Snow,3950,Slippery,No,None,No,21.9,35.43,2022,2,17,20,Thursday,0,0
706,2021-12-15 03:32:00,21.15913801,93.33399576,RD-473,485,31,Mixed,Medium,Storm,1693,Dry,No,None,No,49.7,86.87,2021,12,15,3,Wednesday,0,0
707,2021-03-10 14:52:00,32.21303449,93.05697619,RD-64,127,29,Mixed,High,Clear,332,Under Maintenance,No,None,No,29.67,45.51,2021,3,10,14,Wednesday,0,0
708,2019-07-24 14:03:00,32.09480056,78.3964367,RD-349,303,44,Mixed,Low,Storm,2982,Under Maintenance,No,None,No,44.3,50.23,2019,7,24,14,Wednesday,0,0
709,2023-04-11 02:55:00,8.696190304,94.88795334,RD-16,398,40,Bus,Very High,Fog,9433,Wet,No,None,No,27.64,54.14,2023,4,11,2,Tuesday,0,0
710,2018-07-11 04:09:00,14.46845355,87.82620735,RD-124,110,64,Bus,Medium,Clear,6412,Under Maintenance,No,None,No,40.45,33.07,2018,7,11,4,Wednesday,0,0
711,2018-11-29 23:41:00,20.2923575,93.70814287,RD-191,434,33,Bus,Low,Rain,8453,Under Maintenance,No,None,No,42.81,59.79,2018,11,29,23,Thursday,0,0
712,2023-04-04 21:48:00,9.367476247,70.57881245,RD-251,427,99,Mixed,High,Storm,5646,Dry,No,None,No,37.87,37.4,2023,4,4,21,Tuesday,0,0
713,2022-12-12 00:39:00,15.55811406,69.14718662,RD-305,211,7,Car,Low,Clear,2645,Dry,Yes,Fatal,No,34.15,54.06,2022,12,12,0,Monday,1,0
714,2023-06-29 10:57:00,15.49069533,80.45974517,RD-229,361,17,Bus,High,Rain,7461,Slippery,No,None,No,32.36,51.04,2023,6,29,10,Thursday,0,0
715,2019-07-26 05:18:00,14.22248308,92.01243811,RD-91,366,72,Bus,Low,Storm,4696,Dry,No,None,No,30.47,76.37,2019,7,26,5,Friday,0,0
716,2020-02-20 17:17:00,19.50311038,79.84744924,RD-492,456,15,Mixed,Low,Clear,596,Dry,No,None,No,47.89,78.19,2020,2,20,17,Thursday,0,0
717,2022-06-07 01:08:00,31.57731244,93.6547669,RD-446,154,52,Bus,High,Fog,9222,Slippery,No,None,No,44.92,39.2,2022,6,7,1,Tuesday,0,0
718,2019-12-04 03:34:00,15.0792956,74.80842873,RD-243,190,83,Car,High,Rain,7518,Slippery,Yes,None,No,48.95,51.99,2019,12,4,3,Wednesday,1,0
719,2023-04-02 12:03:00,24.87995205,69.14097992,RD-301,45,64,Mixed,Medium,Rain,2653,Wet,No,None,Yes,23.73,52.4,2023,4,2,12,Sunday,0,1
720,2021-01-10 02:44:00,24.16976375,90.07730234,RD-283,45,6,Bus,Medium,Fog,1760,Dry,Yes,Minor,No,41.93,39.08,2021,1,10,2,Sunday,1,0
721,2021-04-14 20:06:00,31.7197984,86.15888327,RD-180,406,83,Bus,High,Fog,8179,Wet,No,None,No,48.15,77.91,2021,4,14,20,Wednesday,0,0
722,2019-09-10 12:15:00,19.42598276,80.76262617,RD-177,29,74,Truck,Very High,Fog,7979,Wet,No,None,Yes,25.44,72.43,2019,9,10,12,Tuesday,0,1
723,2020-08-31 00:40:00,14.48348993,92.51247302,RD-84,316,115,Truck,Low,Clear,9308,Wet,No,None,No,21.99,41.42,2020,8,31,0,Monday,0,0
724,2023-09-06 21:10:00,33.85409882,91.90109548,RD-429,239,17,Bike,High,Fog,7991,Under Maintenance,No,None,Yes,42.23,52.0,2023,9,6,21,Wednesday,0,1
725,2019-08-22 07:32:00,32.15546483,77.41149237,RD-458,220,39,Bike,Very High,Snow,4277,Slippery,No,None,Yes,37.23,36.35,2019,8,22,7,Thursday,0,1
726,2021-04-10 18:54:00,26.02360671,92.30124309,RD-133,479,55,Bus,Very High,Clear,9188,Dry,No,None,No,45.25,67.69,2021,4,10,18,Saturday,0,0
727,2021-06-04 06:19:00,10.70394191,78.00959396,RD-384,281,112,Truck,Medium,Fog,5820,Wet,No,None,No,24.19,37.28,2021,6,4,6,Friday,0,0
728,2022-11-08 06:12:00,8.467417047,86.03518173,RD-426,15,112,Bike,Medium,Fog,2757,Slippery,Yes,Major,Yes,43.86,89.16,2022,11,8,6,Tuesday,1,1
729,2023-10-22 06:38:00,13.29611401,73.58243044,RD-353,468,117,Mixed,Low,Snow,8271,Slippery,No,None,No,26.05,76.84,2023,10,22,6,Sunday,0,0
730,2022-08-14 03:18:00,13.70251819,75.66157333,RD-47,403,60,Truck,Medium,Storm,905,Under Maintenance,No,None,No,24.91,53.41,2022,8,14,3,Sunday,0,0
731,2019-07-08 08:59:00,11.95117511,80.98846537,RD-146,168,44,Car,Low,Fog,8571,Dry,No,None,No,24.93,64.71,2019,7,8,8,Monday,0,0
732,2018-01-17 14:34:00,15.60325977,77.12328528,RD-15,155,81,Car,High,Rain,2654,Wet,No,None,No,44.44,84.68,2018,1,17,14,Wednesday,0,0
733,2020-01-05 00:57:00,17.79876828,71.74513085,RD-198,361,63,Car,Low,Fog,1437,Under Maintenance,No,None,No,39.96,63.25,2020,1,5,0,Sunday,0,0
734,2022-08-10 18:03:00,29.87871359,81.9873627,RD-26,178,16,Car,Medium,Clear,6451,Slippery,Yes,Major,Yes,35.69,40.47,2022,8,10,18,Wednesday,1,1
735,2022-11-03 20:36:00,28.57614202,82.82936491,RD-84,371,20,Truck,Medium,Clear,1859,Wet,No,None,No,30.76,52.72,2022,11,3,20,Thursday,0,0
736,2018-12-05 09:22:00,11.02700033,72.60247206,RD-438,56,57,Mixed,Very High,Fog,7832,Dry,No,None,Yes,46.32,80.59,2018,12,5,9,Wednesday,0,1
737,2020-02-22 08:37:00,36.33610223,73.05508586,RD-293,33,111,Car,Medium,Clear,6511,Under Maintenance,No,None,No,31.77,68.65,2020,2,22,8,Saturday,0,0
738,2018-07-30 14:02:00,29.81203837,68.85106521,RD-400,119,45,Mixed,Very High,Rain,8480,Wet,No,None,No,44.5,69.04,2018,7,30,14,Monday,0,0
739,2021-06-21 02:41:00,12.73956452,68.88016803,RD-495,473,119,Bike,Medium,Fog,4320,Slippery,No,None,No,33.17,82.01,2021,6,21,2,Monday,0,0
740,2021-07-03 19:31:00,11.61040056,78.40030501,RD-110,102,24,Bike,Very High,Rain,2369,Wet,No,None,Yes,31.31,83.64,2021,7,3,19,Saturday,0,1
741,2022-06-17 11:14:00,10.5388597,72.25291782,RD-439,496,44,Bus,Low,Snow,1796,Under Maintenance,No,None,No,33.88,85.19,2022,6,17,11,Friday,0,0
742,2022-01-02 19:55:00,29.22187133,94.65365772,RD-114,226,65,Truck,Low,Storm,1551,Slippery,Yes,Minor,No,29.04,35.69,2022,1,2,19,Sunday,1,0
743,2022-03-21 04:34:00,14.85231025,73.78301101,RD-332,113,81,Car,Low,Snow,7735,Wet,No,None,No,42.43,62.65,2022,3,21,4,Monday,0,0
744,2018-12-24 19:20:00,10.11607186,69.91288604,RD-116,226,38,Mixed,Very High,Fog,333,Dry,No,None,No,35.08,74.43,2018,12,24,19,Monday,0,0
745,2020-09-06 10:08:00,20.23300067,79.72092656,RD-347,177,23,Mixed,Low,Storm,3390,Under Maintenance,No,None,Yes,26.97,75.42,2020,9,6,10,Sunday,0,1
746,2019-07-31 15:35:00,28.55225451,73.58151228,RD-106,54,49,Truck,High,Fog,1758,Under Maintenance,No,None,No,46.99,66.4,2019,7,31,15,Wednesday,0,0
747,2018-08-28 19:47:00,16.83213606,69.79131082,RD-138,348,95,Bike,Low,Storm,3350,Under Maintenance,No,None,No,31.52,40.01,2018,8,28,19,Tuesday,0,0
748,2021-05-11 19:36:00,21.9967216,89.82909662,RD-334,211,33,Truck,Low,Fog,2205,Under Maintenance,No,None,No,36.31,77.85,2021,5,11,19,Tuesday,0,0
749,2023-07-23 03:51:00,13.58757408,84.15585641,RD-210,266,23,Mixed,Very High,Storm,9067,Dry,No,None,Yes,47.19,73.21,2023,7,23,3,Sunday,0,1
750,2021-11-09 12:56:00,20.44530711,69.65331315,RD-263,292,111,Truck,Low,Rain,1162,Slippery,No,None,No,38.73,35.17,2021,11,9,12,Tuesday,0,0
751,2020-10-22 06:56:00,18.40932471,81.5725495,RD-11,31,60,Bike,Medium,Clear,6772,Dry,No,None,No,23.51,57.83,2020,10,22,6,Thursday,0,0
752,2019-05-13 19:47:00,20.58363404,69.12615432,RD-443,37,31,Bike,Very High,Fog,8784,Dry,No,None,No,48.19,40.44,2019,5,13,19,Monday,0,0
753,2019-04-28 20:39:00,21.50563637,78.2751119,RD-400,263,6,Car,Low,Snow,8844,Wet,No,None,No,38.83,50.25,2019,4,28,20,Sunday,0,0
754,2022-07-20 19:02:00,10.67666641,78.53531503,RD-496,441,44,Car,High,Snow,5447,Wet,No,None,No,30.05,31.08,2022,7,20,19,Wednesday,0,0
755,2021-12-24 23:55:00,10.70768222,91.86650703,RD-393,44,107,Car,Very High,Fog,211,Wet,No,None,Yes,24.18,54.02,2021,12,24,23,Friday,0,1
756,2020-08-03 21:19:00,15.55770693,89.32326494,RD-350,12,69,Bike,Low,Rain,8100,Wet,No,None,No,43.82,62.99,2020,8,3,21,Monday,0,0
757,2018-12-24 03:27:00,11.35699227,94.01136875,RD-5,431,82,Mixed,High,Fog,4360,Wet,No,None,No,38.6,67.17,2018,12,24,3,Monday,0,0
758,2019-08-14 04:55:00,15.3307451,72.07500836,RD-243,227,12,Car,Very High,Storm,4008,Dry,Yes,Fatal,Yes,36.0,69.81,2019,8,14,4,Wednesday,1,1
759,2020-01-09 18:22:00,8.711775524,83.47916634,RD-467,309,31,Truck,Medium,Clear,8924,Under Maintenance,No,None,Yes,46.82,80.18,2020,1,9,18,Thursday,0,1
760,2023-07-10 06:35:00,18.17144291,68.58552356,RD-68,263,101,Mixed,Medium,Rain,1925,Dry,Yes,Major,No,43.66,42.93,2023,7,10,6,Monday,1,0
761,2019-10-26 08:46:00,14.18889579,91.94013807,RD-332,398,99,Bus,Low,Clear,2850,Slippery,No,None,No,24.55,37.23,2019,10,26,8,Saturday,0,0
762,2018-07-09 03:12:00,33.87224415,78.63082839,RD-89,249,34,Car,High,Snow,8051,Wet,No,None,Yes,29.35,81.09,2018,7,9,3,Monday,0,1
763,2019-06-10 09:02:00,32.88657025,70.00989275,RD-308,250,29,Bus,Medium,Clear,8228,Slippery,No,None,No,27.45,39.4,2019,6,10,9,Monday,0,0
764,2018-02-15 17:05:00,16.71214636,77.4150598,RD-411,211,53,Car,High,Clear,6308,Under Maintenance,No,None,No,42.32,88.49,2018,2,15,17,Thursday,0,0
765,2018-10-11 05:39:00,21.78906832,76.32045997,RD-5,144,60,Mixed,Medium,Fog,2708,Wet,No,None,Yes,21.01,80.55,2018,10,11,5,Thursday,0,1
766,2018-08-30 00:44:00,35.71797106,90.21403482,RD-115,487,104,Bus,Very High,Snow,9545,Under Maintenance,No,None,No,37.1,60.05,2018,8,30,0,Thursday,0,0
767,2019-08-18 09:37:00,23.19879484,71.67173123,RD-130,482,106,Bike,Medium,Clear,1878,Wet,No,None,No,42.87,88.89,2019,8,18,9,Sunday,0,0
768,2019-12-09 21:16:00,32.60456484,84.11748434,RD-312,435,69,Car,High,Storm,1951,Dry,No,None,No,46.3,35.84,2019,12,9,21,Monday,0,0
769,2019-01-07 00:01:00,31.96486853,91.02365642,RD-413,363,35,Truck,High,Clear,7929,Under Maintenance,No,None,No,30.26,48.18,2019,1,7,0,Monday,0,0
770,2020-06-11 23:46:00,35.29738019,89.44660489,RD-483,376,103,Bus,Low,Fog,3887,Wet,No,None,Yes,44.64,68.29,2020,6,11,23,Thursday,0,1
771,2023-06-02 17:27:00,16.86531865,95.14124845,RD-157,66,64,Truck,Very High,Rain,4988,Wet,No,None,No,23.32,51.0,2023,6,2,17,Friday,0,0
772,2021-06-02 06:02:00,9.259924611,68.01826276,RD-365,94,89,Bus,Medium,Rain,7055,Dry,No,None,Yes,45.39,85.7,2021,6,2,6,Wednesday,0,1
773,2021-10-21 03:45:00,11.01465828,78.26024451,RD-496,166,38,Mixed,Very High,Rain,4469,Wet,No,None,No,23.82,33.94,2021,10,21,3,Thursday,0,0
774,2022-04-10 19:28:00,24.56762805,78.71792293,RD-364,346,21,Truck,Very High,Storm,7733,Under Maintenance,No,None,No,31.92,62.96,2022,4,10,19,Sunday,0,0
775,2023-01-12 05:18:00,23.37806119,68.96594392,RD-330,200,77,Car,High,Clear,8195,Dry,No,None,Yes,43.92,65.45,2023,1,12,5,Thursday,0,1
776,2023-11-10 21:21:00,16.65513796,91.70073158,RD-141,429,33,Bike,Low,Snow,6469,Wet,No,None,Yes,24.5,69.16,2023,11,10,21,Friday,0,1
777,2021-02-21 06:04:00,15.21268562,87.97782953,RD-217,433,76,Mixed,Very High,Clear,1351,Under Maintenance,Yes,None,Yes,26.88,45.34,2021,2,21,6,Sunday,1,1
778,2023-04-11 12:12:00,28.57206146,83.31438932,RD-459,30,87,Bus,High,Rain,9587,Under Maintenance,No,None,No,41.67,51.87,2023,4,11,12,Tuesday,0,0
779,2023-01-18 23:48:00,17.87458329,79.74554917,RD-193,107,115,Car,Medium,Rain,4630,Dry,No,None,Yes,41.6,80.62,2023,1,18,23,Wednesday,0,1
780,2020-07-21 00:06:00,25.51460179,93.96705509,RD-437,190,10,Bus,High,Snow,4471,Under Maintenance,No,None,No,39.23,41.7,2020,7,21,0,Tuesday,0,0
781,2020-12-27 23:08:00,28.65651401,75.66949145,RD-179,153,92,Truck,Low,Clear,7589,Slippery,No,None,No,40.82,79.61,2020,12,27,23,Sunday,0,0
782,2018-02-28 01:34:00,20.48349594,77.70170323,RD-236,183,10,Truck,High,Rain,5846,Wet,No,None,No,36.28,63.76,2018,2,28,1,Wednesday,0,0
783,2022-08-11 21:26:00,13.6087817,95.62631211,RD-130,146,108,Bike,Very High,Snow,2925,Slippery,No,None,Yes,27.55,75.73,2022,8,11,21,Thursday,0,1
784,2020-10-22 21:22:00,32.96262467,69.87412568,RD-112,245,7,Truck,High,Fog,2127,Under Maintenance,No,None,No,30.37,72.82,2020,10,22,21,Thursday,0,0
785,2019-02-28 07:40:00,10.71239753,90.63775661,RD-239,12,99,Mixed,High,Rain,8900,Wet,No,None,No,25.45,42.45,2019,2,28,7,Thursday,0,0
786,2023-08-26 16:19:00,32.0546498,88.82373241,RD-155,32,35,Bus,High,Fog,6678,Wet,Yes,Major,Yes,47.25,64.13,2023,8,26,16,Saturday,1,1
787,2019-06-21 19:16:00,32.26370771,94.15476442,RD-347,150,80,Bus,Very High,Clear,8109,Slippery,Yes,None,No,37.5,82.06,2019,6,21,19,Friday,1,0
788,2023-07-02 22:54:00,24.55897869,70.62633648,RD-267,47,56,Mixed,Low,Storm,890,Slippery,No,None,No,32.03,55.93,2023,7,2,22,Sunday,0,0
789,2018-03-15 17:38:00,26.25480549,96.14287504,RD-423,171,12,Truck,Medium,Clear,5611,Dry,Yes,Fatal,No,33.86,88.0,2018,3,15,17,Thursday,1,0
790,2023-03-12 08:12:00,18.38249477,68.8363001,RD-320,231,111,Truck,Very High,Storm,5339,Wet,No,None,No,48.42,57.13,2023,3,12,8,Sunday,0,0
791,2020-11-07 03:01:00,32.40594244,77.79339981,RD-204,240,94,Mixed,Medium,Snow,6868,Slippery,No,None,No,24.6,38.57,2020,11,7,3,Saturday,0,0
792,2021-10-05 12:51:00,15.64740688,70.45996891,RD-300,419,30,Bike,Medium,Storm,3827,Wet,No,None,No,37.59,53.37,2021,10,5,12,Tuesday,0,0
793,2022-05-06 10:03:00,24.23350585,69.48410964,RD-53,425,19,Car,Very High,Snow,1780,Dry,No,None,No,35.18,87.1,2022,5,6,10,Friday,0,0
794,2020-11-30 12:56:00,8.052050228,95.97691112,RD-4,29,81,Car,Very High,Rain,6876,Slippery,No,None,No,38.34,49.18,2020,11,30,12,Monday,0,0
795,2020-10-25 12:07:00,35.25545007,88.87037928,RD-262,55,60,Truck,Very High,Clear,6198,Under Maintenance,No,None,No,20.54,82.09,2020,10,25,12,Sunday,0,0
796,2019-07-10 16:02:00,35.5005992,82.66500553,RD-340,111,90,Car,Very High,Snow,606,Dry,No,None,No,46.16,82.88,2019,7,10,16,Wednesday,0,0
797,2018-06-01 23:34:00,28.60208387,71.13748323,RD-495,320,66,Car,Low,Clear,8949,Wet,No,None,No,47.96,51.01,2018,6,1,23,Friday,0,0
798,2018-02-20 13:31:00,20.27395512,83.25467909,RD-432,402,17,Car,Low,Clear,970,Under Maintenance,No,None,No,36.95,35.0,2018,2,20,13,Tuesday,0,0
799,2020-07-26 18:29:00,13.17972194,77.28151432,RD-430,496,50,Truck,High,Snow,5924,Under Maintenance,No,None,No,40.9,73.47,2020,7,26,18,Sunday,0,0
800,2018-10-22 07:07:00,22.2814237,75.87603104,RD-192,316,58,Bus,Medium,Snow,4005,Dry,No,None,Yes,47.67,48.69,2018,10,22,7,Monday,0,1
801,2021-08-15 11:11:00,30.9509037,85.92500287,RD-288,66,13,Truck,Medium,Storm,2695,Dry,No,None,No,41.22,76.98,2021,8,15,11,Sunday,0,0
802,2022-11-30 06:46:00,25.55293503,90.93683135,RD-332,345,92,Truck,Very High,Rain,2592,Dry,Yes,Fatal,No,24.58,56.56,2022,11,30,6,Wednesday,1,0
803,2020-06-05 05:40:00,23.29740057,80.85450571,RD-305,438,7,Bike,Very High,Rain,633,Dry,No,None,No,37.29,59.12,2020,6,5,5,Friday,0,0
804,2022-12-22 01:23:00,32.63388219,82.30565806,RD-312,175,27,Bike,Medium,Fog,1371,Wet,Yes,Major,Yes,38.2,76.67,2022,12,22,1,Thursday,1,1
805,2018-05-30 21:55:00,17.08088414,86.89143438,RD-145,333,16,Truck,Very High,Storm,7848,Dry,No,None,No,32.72,52.94,2018,5,30,21,Wednesday,0,0
806,2021-02-19 14:20:00,32.93895514,71.61450324,RD-153,149,45,Mixed,Low,Storm,3421,Under Maintenance,No,None,No,42.09,56.59,2021,2,19,14,Friday,0,0
807,2021-06-18 06:57:00,20.74414868,92.02959436,RD-351,483,48,Mixed,High,Clear,3652,Under Maintenance,No,None,No,48.03,52.57,2021,6,18,6,Friday,0,0
808,2021-09-09 13:14:00,8.070001109,92.27122101,RD-56,126,62,Bike,High,Clear,7669,Dry,Yes,Minor,No,47.77,52.04,2021,9,9,13,Thursday,1,0
809,2019-04-24 18:46:00,29.22631822,83.6903518,RD-247,147,15,Bike,Medium,Snow,4668,Dry,No,None,No,33.53,61.56,2019,4,24,18,Wednesday,0,0
810,2018-10-22 05:27:00,33.45745815,73.43924244,RD-33,473,23,Bus,Low,Fog,1249,Dry,No,None,No,23.4,78.53,2018,10,22,5,Monday,0,0
811,2018-08-17 22:38:00,22.04646433,82.52214364,RD-173,330,63,Bike,Low,Clear,499,Dry,No,None,No,49.55,51.71,2018,8,17,22,Friday,0,0
812,2023-12-15 09:36:00,21.18768821,71.07223917,RD-142,277,77,Car,Very High,Storm,8334,Under Maintenance,No,None,Yes,45.17,61.46,2023,12,15,9,Friday,0,1
813,2018-02-05 12:47:00,31.35800434,90.13539543,RD-328,445,41,Truck,Very High,Fog,8655,Dry,No,None,No,23.74,70.24,2018,2,5,12,Monday,0,0
814,2019-01-01 05:02:00,33.65846766,77.02346287,RD-167,263,14,Truck,Very High,Storm,7684,Wet,No,None,No,47.63,46.17,2019,1,1,5,Tuesday,0,0
815,2021-05-31 05:36:00,36.25818307,77.02174494,RD-442,60,77,Truck,High,Storm,4050,Dry,Yes,Minor,Yes,46.1,46.65,2021,5,31,5,Monday,1,1
816,2021-03-19 21:26:00,18.02385844,95.40641555,RD-142,479,37,Bus,High,Storm,7042,Wet,No,None,No,35.57,86.0,2021,3,19,21,Friday,0,0
817,2022-07-14 16:22:00,25.24597424,80.23389969,RD-134,329,81,Bus,Low,Rain,2991,Dry,Yes,None,No,37.74,73.41,2022,7,14,16,Thursday,1,0
818,2021-10-18 07:12:00,31.864632,90.89768358,RD-336,194,24,Car,Low,Storm,727,Wet,No,None,No,31.97,64.63,2021,10,18,7,Monday,0,0
819,2020-02-19 14:26:00,23.42370578,86.4777178,RD-365,102,48,Truck,Low,Rain,1072,Slippery,No,None,No,21.64,68.86,2020,2,19,14,Wednesday,0,0
820,2023-04-12 16:28:00,21.39374666,77.16909543,RD-488,28,79,Car,Very High,Clear,7058,Wet,No,None,No,30.06,31.76,2023,4,12,16,Wednesday,0,0
821,2018-06-15 16:38:00,24.58603035,71.58993205,RD-457,167,109,Bike,High,Storm,3025,Under Maintenance,No,None,Yes,44.09,67.09,2018,6,15,16,Friday,0,1
822,2022-05-30 09:23:00,18.34914298,91.1345269,RD-334,229,97,Truck,Very High,Snow,3842,Slippery,No,None,No,20.14,60.57,2022,5,30,9,Monday,0,0
823,2022-06-05 03:25:00,13.57020673,90.11260674,RD-153,222,115,Car,Very High,Snow,2812,Slippery,No,None,No,30.0,62.74,2022,6,5,3,Sunday,0,0
824,2019-01-28 11:48:00,9.932302289,72.90576043,RD-97,347,17,Bus,High,Rain,7844,Wet,Yes,Major,No,31.95,51.57,2019,1,28,11,Monday,1,0
825,2019-06-18 20:20:00,25.68944217,75.22436053,RD-77,242,112,Bus,Very High,Rain,4298,Slippery,No,None,Yes,36.12,34.89,2019,6,18,20,Tuesday,0,1
826,2021-06-06 11:08:00,18.99489648,90.22088177,RD-265,33,67,Bus,High,Fog,7831,Slippery,No,None,No,47.6,41.6,2021,6,6,11,Sunday,0,0
827,2021-06-30 23:44:00,33.60563709,96.52529626,RD-392,291,18,Car,Medium,Storm,3120,Under Maintenance,No,None,No,30.39,87.04,2021,6,30,23,Wednesday,0,0
828,2019-02-16 00:44:00,14.46581619,92.46559731,RD-124,45,77,Car,Low,Storm,5903,Under Maintenance,No,None,No,30.41,54.52,2019,2,16,0,Saturday,0,0
829,2023-01-18 11:26:00,17.01063785,87.84039498,RD-461,372,58,Car,Medium,Storm,9699,Under Maintenance,No,None,Yes,42.13,58.0,2023,1,18,11,Wednesday,0,1
830,2023-10-26 22:17:00,36.14468085,94.54735228,RD-30,321,46,Mixed,Low,Storm,7263,Slippery,No,None,Yes,33.57,33.16,2023,10,26,22,Thursday,0,1
831,2020-08-27 08:34:00,24.13244494,76.27183439,RD-413,217,42,Truck,Low,Fog,4873,Dry,No,None,No,26.74,32.25,2020,8,27,8,Thursday,0,0
832,2023-07-31 03:03:00,18.05583824,68.27991378,RD-439,323,87,Mixed,Medium,Clear,7629,Under Maintenance,No,None,No,33.57,73.03,2023,7,31,3,Monday,0,0
833,2023-04-17 08:03:00,32.96593539,77.30807411,RD-411,41,110,Mixed,High,Rain,5082,Dry,No,None,No,24.23,62.29,2023,4,17,8,Monday,0,0
834,2023-04-23 01:24:00,29.5578776,96.18609524,RD-415,267,115,Bike,Very High,Rain,2905,Under Maintenance,No,None,Yes,25.29,60.52,2023,4,23,1,Sunday,0,1
835,2019-03-03 18:52:00,24.62114508,93.57713958,RD-308,466,76,Bike,Medium,Snow,261,Wet,No,None,No,34.95,44.59,2019,3,3,18,Sunday,0,0
836,2023-05-06 23:11:00,33.78389104,69.46033143,RD-207,347,86,Bus,Low,Storm,4767,Wet,No,None,No,32.57,74.69,2023,5,6,23,Saturday,0,0
837,2023-12-19 16:49:00,10.72488421,82.55679451,RD-339,186,102,Mixed,High,Rain,8155,Dry,No,None,Yes,47.45,40.09,2023,12,19,16,Tuesday,0,1
838,2022-08-16 14:59:00,19.44032436,70.29128606,RD-164,439,40,Bike,Medium,Snow,6911,Under Maintenance,No,None,No,30.87,41.4,2022,8,16,14,Tuesday,0,0
839,2021-12-13 19:42:00,31.50595301,90.8819111,RD-349,92,13,Mixed,High,Fog,2686,Wet,No,None,Yes,37.42,57.64,2021,12,13,19,Monday,0,1
840,2022-03-08 00:08:00,19.19234683,78.80585165,RD-72,387,84,Truck,Medium,Snow,1602,Under Maintenance,No,None,No,38.97,47.18,2022,3,8,0,Tuesday,0,0
841,2018-09-04 22:42:00,34.87535928,94.44640761,RD-370,320,9,Mixed,Medium,Storm,3401,Wet,No,None,No,20.39,44.85,2018,9,4,22,Tuesday,0,0
842,2018-06-12 00:43:00,12.42311271,69.57912215,RD-14,239,119,Bus,High,Snow,8526,Under Maintenance,No,None,No,39.91,68.71,2018,6,12,0,Tuesday,0,0
843,2020-08-29 01:19:00,17.76248188,89.28589773,RD-336,277,19,Car,High,Storm,234,Under Maintenance,No,None,No,25.34,69.06,2020,8,29,1,Saturday,0,0
844,2022-01-27 09:36:00,20.3465343,79.58160732,RD-255,214,28,Bus,High,Fog,5614,Dry,No,None,No,48.83,79.47,2022,1,27,9,Thursday,0,0
845,2022-09-29 11:34:00,27.9219005,75.77856604,RD-152,456,68,Mixed,High,Fog,855,Dry,No,None,No,24.46,55.06,2022,9,29,11,Thursday,0,0
846,2021-08-18 09:45:00,13.66513498,83.00602501,RD-133,172,115,Mixed,Medium,Fog,8789,Under Maintenance,No,None,No,32.44,34.39,2021,8,18,9,Wednesday,0,0
847,2022-08-19 10:59:00,8.286051226,82.07911424,RD-465,249,112,Car,Very High,Snow,5607,Dry,No,None,No,22.56,46.42,2022,8,19,10,Friday,0,0
848,2021-01-06 10:20:00,36.31877011,78.11551604,RD-215,126,52,Bus,High,Storm,1659,Dry,No,None,Yes,49.91,88.8,2021,1,6,10,Wednesday,0,1
849,2021-11-29 06:45:00,34.06395587,86.81683958,RD-208,83,47,Bus,Medium,Rain,6158,Slippery,No,None,Yes,35.07,65.78,2021,11,29,6,Monday,0,1
850,2022-08-12 15:25:00,16.70644048,87.17817119,RD-199,415,43,Mixed,High,Storm,9502,Dry,No,None,No,37.86,72.58,2022,8,12,15,Friday,0,0
851,2022-01-12 20:06:00,22.02094436,70.23700734,RD-378,275,29,Truck,Very High,Snow,7312,Dry,No,None,Yes,22.01,30.44,2022,1,12,20,Wednesday,0,1
852,2021-05-05 21:45:00,22.1786861,85.26703708,RD-19,315,84,Bike,Medium,Fog,3884,Dry,No,None,No,42.5,61.09,2021,5,5,21,Wednesday,0,0
853,2021-03-18 23:37:00,33.20754111,88.61131872,RD-299,428,110,Mixed,Very High,Clear,9831,Dry,No,None,No,26.3,32.25,2021,3,18,23,Thursday,0,0
854,2022-10-19 19:15:00,25.31474409,70.2007653,RD-363,153,90,Mixed,Medium,Rain,8004,Dry,No,None,No,46.94,64.15,2022,10,19,19,Wednesday,0,0
855,2022-06-22 18:32:00,31.96649966,87.11478854,RD-293,301,118,Bike,Medium,Storm,7558,Slippery,No,None,No,26.15,85.25,2022,6,22,18,Wednesday,0,0
856,2018-03-06 05:27:00,34.44783039,91.3153399,RD-418,70,84,Car,High,Storm,3241,Under Maintenance,No,None,No,25.72,88.11,2018,3,6,5,Tuesday,0,0
857,2019-11-16 05:46:00,24.41264082,92.1263757,RD-98,84,101,Mixed,Very High,Clear,3416,Dry,No,None,No,21.1,62.43,2019,11,16,5,Saturday,0,0
858,2021-09-04 15:13:00,16.27899156,69.20777375,RD-176,26,9,Truck,Low,Fog,8140,Slippery,No,None,No,34.16,57.49,2021,9,4,15,Saturday,0,0
859,2021-10-16 15:39:00,22.46252637,88.22510673,RD-372,354,64,Car,Very High,Clear,8789,Slippery,No,None,No,36.95,86.7,2021,10,16,15,Saturday,0,0
860,2018-03-17 12:01:00,32.67521865,91.11232056,RD-366,394,11,Car,Low,Fog,8762,Under Maintenance,No,None,No,21.97,70.42,2018,3,17,12,Saturday,0,0
861,2018-07-28 14:01:00,24.92495606,79.50786115,RD-114,21,22,Car,Very High,Storm,682,Slippery,No,None,No,43.27,33.89,2018,7,28,14,Saturday,0,0
862,2018-12-18 07:26:00,33.9759353,83.74238216,RD-352,12,10,Mixed,High,Fog,902,Under Maintenance,No,None,Yes,33.6,57.94,2018,12,18,7,Tuesday,0,1
863,2020-05-19 15:57:00,33.96764427,75.68835171,RD-274,380,117,Car,Very High,Rain,1735,Under Maintenance,No,None,No,35.73,44.41,2020,5,19,15,Tuesday,0,0
864,2018-03-14 20:53:00,18.82742898,76.99699543,RD-327,82,16,Bus,Very High,Snow,9176,Wet,No,None,No,33.22,58.19,2018,3,14,20,Wednesday,0,0
865,2022-10-26 20:13:00,20.99530297,82.54696693,RD-402,92,112,Mixed,Low,Snow,4555,Under Maintenance,No,None,No,32.02,57.33,2022,10,26,20,Wednesday,0,0
866,2022-09-08 06:40:00,27.65949905,72.38301143,RD-244,156,37,Mixed,Low,Fog,8010,Under Maintenance,No,None,No,36.79,64.93,2022,9,8,6,Thursday,0,0
867,2018-03-31 20:46:00,11.2208692,78.74498759,RD-465,392,102,Bike,Very High,Storm,3015,Under Maintenance,No,None,No,24.66,51.41,2018,3,31,20,Saturday,0,0
868,2020-01-17 19:53:00,21.50115931,76.74163351,RD-482,123,25,Car,High,Storm,8102,Under Maintenance,No,None,No,25.46,39.86,2020,1,17,19,Friday,0,0
869,2019-05-07 16:49:00,12.33217791,74.90923849,RD-344,93,62,Mixed,Low,Fog,1283,Slippery,No,None,No,45.85,60.22,2019,5,7,16,Tuesday,0,0
870,2018-04-21 01:32:00,32.59072934,82.03277256,RD-184,84,86,Truck,High,Clear,2242,Dry,No,None,No,48.38,79.81,2018,4,21,1,Saturday,0,0
871,2021-03-02 11:47:00,35.34074849,92.32163938,RD-260,481,82,Truck,Low,Clear,1045,Dry,No,None,No,31.2,69.84,2021,3,2,11,Tuesday,0,0
872,2018-05-20 00:27:00,12.10491739,75.0256008,RD-154,287,46,Mixed,Medium,Clear,9971,Wet,No,None,No,28.12,50.3,2018,5,20,0,Sunday,0,0
873,2020-07-19 19:08:00,27.35290134,87.13217406,RD-433,10,98,Mixed,Medium,Storm,5741,Dry,No,None,No,39.32,86.13,2020,7,19,19,Sunday,0,0
874,2018-08-08 23:46:00,26.45975364,75.37158603,RD-88,62,50,Truck,Medium,Fog,8414,Slippery,No,None,No,32.26,84.73,2018,8,8,23,Wednesday,0,0
875,2018-07-28 17:56:00,30.04216923,72.12042016,RD-431,181,7,Truck,Medium,Fog,657,Slippery,No,None,No,20.76,42.56,2018,7,28,17,Saturday,0,0
876,2019-04-01 00:11:00,28.17760993,95.35633525,RD-337,275,61,Bus,Medium,Storm,8540,Slippery,No,None,No,24.68,32.37,2019,4,1,0,Monday,0,0
877,2020-12-02 23:43:00,14.29674202,86.36383632,RD-449,468,57,Truck,Medium,Fog,5817,Under Maintenance,No,None,Yes,41.48,74.48,2020,12,2,23,Wednesday,0,1
878,2020-05-21 10:08:00,16.44516697,71.0332906,RD-286,17,66,Bus,High,Rain,8951,Slippery,No,None,No,39.77,79.66,2020,5,21,10,Thursday,0,0
879,2023-12-26 08:55:00,12.79173425,86.34667593,RD-93,154,17,Mixed,High,Clear,3794,Wet,No,None,No,20.81,88.07,2023,12,26,8,Tuesday,0,0
880,2020-05-24 23:15:00,34.71317597,73.11406345,RD-151,207,55,Car,Low,Fog,3156,Slippery,No,None,No,26.66,83.39,2020,5,24,23,Sunday,0,0
881,2019-01-28 22:57:00,23.13288049,93.74609803,RD-50,260,105,Car,Very High,Storm,2966,Under Maintenance,No,None,No,26.93,66.03,2019,1,28,22,Monday,0,0
882,2020-12-12 07:20:00,36.30867341,75.17665368,RD-242,144,23,Bike,Very High,Fog,4986,Dry,No,None,Yes,40.16,61.8,2020,12,12,7,Saturday,0,1
883,2018-12-29 01:47:00,21.03033369,91.3971386,RD-66,134,63,Bus,Very High,Storm,5535,Under Maintenance,No,None,Yes,20.59,31.67,2018,12,29,1,Saturday,0,1
884,2018-03-16 16:24:00,24.02897197,73.77666178,RD-380,328,66,Truck,Very High,Fog,3806,Under Maintenance,No,None,No,23.12,44.8,2018,3,16,16,Friday,0,0
885,2018-03-28 18:01:00,30.88952374,84.19041952,RD-133,360,41,Bus,Medium,Snow,9913,Dry,No,None,No,44.0,57.58,2018,3,28,18,Wednesday,0,0
886,2020-08-19 15:23:00,31.11948613,94.45753165,RD-372,430,81,Bike,Very High,Rain,3049,Slippery,No,None,No,25.36,67.71,2020,8,19,15,Wednesday,0,0
887,2020-04-26 05:14:00,14.70333818,76.58407606,RD-414,77,19,Bike,Medium,Snow,906,Wet,No,None,No,39.58,63.44,2020,4,26,5,Sunday,0,0
888,2019-07-04 07:29:00,16.36020312,70.36052267,RD-287,73,94,Bus,Very High,Fog,5985,Wet,No,None,No,27.15,74.56,2019,7,4,7,Thursday,0,0
889,2022-09-13 05:30:00,10.83639829,84.02516713,RD-391,263,74,Truck,Low,Storm,2564,Slippery,No,None,Yes,22.98,46.79,2022,9,13,5,Tuesday,0,1
890,2022-09-03 02:50:00,31.35847055,72.99758662,RD-468,272,95,Mixed,High,Fog,292,Slippery,No,None,Yes,27.3,63.9,2022,9,3,2,Saturday,0,1
891,2021-08-03 08:32:00,31.02198413,89.12199625,RD-94,409,16,Mixed,Medium,Storm,723,Slippery,No,None,No,41.67,35.29,2021,8,3,8,Tuesday,0,0
892,2022-12-09 14:42:00,10.35650544,85.13381345,RD-485,482,116,Mixed,High,Clear,5580,Dry,No,None,No,45.67,54.82,2022,12,9,14,Friday,0,0
893,2021-06-09 02:36:00,15.46554513,78.04487816,RD-349,365,93,Bike,Very High,Clear,1539,Dry,No,None,No,44.91,75.01,2021,6,9,2,Wednesday,0,0
894,2023-10-18 19:02:00,21.04614329,88.46394314,RD-461,236,54,Bus,High,Fog,1018,Wet,No,None,No,31.92,71.6,2023,10,18,19,Wednesday,0,0
895,2023-01-03 16:21:00,23.71158936,74.91731128,RD-172,279,51,Bike,Very High,Clear,9998,Under Maintenance,No,None,No,40.04,89.44,2023,1,3,16,Tuesday,0,0
896,2022-10-01 05:33:00,23.15378235,94.5940603,RD-336,259,20,Truck,High,Fog,8182,Dry,No,None,No,26.15,46.67,2022,10,1,5,Saturday,0,0
897,2019-04-25 07:00:00,36.50918334,78.05975295,RD-46,173,114,Car,High,Clear,5446,Wet,Yes,Fatal,No,28.79,59.89,2019,4,25,7,Thursday,1,0
898,2019-12-25 07:14:00,30.15963804,90.12607533,RD-114,382,20,Bike,Very High,Rain,3442,Wet,No,None,No,46.89,49.77,2019,12,25,7,Wednesday,0,0
899,2018-05-04 12:32:00,11.28244684,75.49706097,RD-182,338,71,Truck,Very High,Snow,1219,Wet,No,None,No,20.39,56.44,2018,5,4,12,Friday,0,0
900,2021-07-25 13:57:00,16.51156896,88.72993503,RD-115,276,38,Truck,Medium,Clear,2209,Dry,No,None,No,22.57,81.42,2021,7,25,13,Sunday,0,0
901,2019-05-11 23:06:00,18.01738986,68.91435306,RD-382,393,92,Truck,High,Rain,9834,Dry,No,None,No,26.24,71.05,2019,5,11,23,Saturday,0,0
902,2022-01-31 21:15:00,17.13929396,76.57001817,RD-447,394,110,Car,Medium,Snow,8025,Wet,No,None,No,20.8,82.95,2022,1,31,21,Monday,0,0
903,2018-08-14 07:46:00,30.79242404,70.6938177,RD-158,274,50,Mixed,Very High,Storm,6283,Under Maintenance,No,None,No,25.44,42.21,2018,8,14,7,Tuesday,0,0
904,2019-05-07 12:42:00,18.4562767,81.08539515,RD-216,34,91,Bus,Very High,Snow,5146,Wet,No,None,No,37.49,82.4,2019,5,7,12,Tuesday,0,0
905,2019-04-18 19:01:00,22.28037485,80.61813182,RD-404,113,68,Bike,Low,Snow,6541,Under Maintenance,No,None,No,32.64,33.59,2019,4,18,19,Thursday,0,0
906,2018-12-28 03:40:00,23.47017087,78.41123699,RD-455,280,98,Car,Low,Rain,4392,Slippery,No,None,No,46.78,83.32,2018,12,28,3,Friday,0,0
907,2020-07-20 16:53:00,15.84228653,96.45386528,RD-170,262,53,Truck,Low,Fog,4235,Wet,Yes,Fatal,Yes,44.52,49.74,2020,7,20,16,Monday,1,1
908,2023-07-04 10:25:00,17.35817811,75.07862587,RD-191,67,25,Car,Very High,Rain,2984,Wet,No,None,No,30.25,48.88,2023,7,4,10,Tuesday,0,0
909,2023-10-01 14:12:00,30.6199295,90.94048265,RD-134,33,57,Bike,High,Snow,2251,Slippery,No,None,No,27.78,60.73,2023,10,1,14,Sunday,0,0
910,2023-02-14 01:14:00,33.13380595,80.9759671,RD-300,81,66,Bus,Very High,Snow,6044,Wet,No,None,Yes,31.39,86.44,2023,2,14,1,Tuesday,0,1
911,2023-11-03 01:11:00,9.075322978,77.70950389,RD-151,381,85,Bike,Very High,Rain,2275,Dry,No,None,No,37.71,32.87,2023,11,3,1,Friday,0,0
912,2018-01-27 00:51:00,25.54948225,73.90053441,RD-238,102,58,Car,Low,Clear,2311,Dry,No,None,No,28.04,51.13,2018,1,27,0,Saturday,0,0
913,2021-09-01 11:50:00,26.36962984,86.36871296,RD-436,464,86,Truck,High,Snow,8142,Wet,No,None,No,38.72,81.39,2021,9,1,11,Wednesday,0,0
914,2021-10-12 03:58:00,29.38196684,77.67666574,RD-61,136,7,Truck,Medium,Snow,8975,Slippery,No,None,No,32.28,53.76,2021,10,12,3,Tuesday,0,0
915,2019-03-11 20:43:00,28.12155642,91.57464403,RD-241,183,57,Mixed,Low,Storm,7722,Slippery,No,None,No,36.56,41.95,2019,3,11,20,Monday,0,0
916,2022-12-27 13:42:00,33.44531024,96.08548061,RD-28,27,115,Mixed,Very High,Fog,9555,Dry,No,None,No,33.08,55.49,2022,12,27,13,Tuesday,0,0
917,2022-06-03 01:35:00,10.27569706,74.58681538,RD-444,460,16,Bus,Very High,Rain,8218,Dry,No,None,No,28.83,53.13,2022,6,3,1,Friday,0,0
918,2019-07-29 16:41:00,19.26279492,71.73144119,RD-325,72,84,Bus,High,Snow,9585,Slippery,No,None,No,48.45,84.92,2019,7,29,16,Monday,0,0
919,2020-02-04 13:27:00,30.680594,77.15001623,RD-299,120,42,Mixed,Medium,Clear,5563,Under Maintenance,No,None,No,42.91,75.72,2020,2,4,13,Tuesday,0,0
920,2018-04-21 08:17:00,32.55082035,81.54624124,RD-298,161,82,Mixed,High,Clear,7789,Under Maintenance,No,None,No,24.2,60.31,2018,4,21,8,Saturday,0,0
921,2020-02-05 21:27:00,15.67828471,76.72803766,RD-484,349,95,Bike,High,Storm,3545,Wet,No,None,No,46.05,89.3,2020,2,5,21,Wednesday,0,0
922,2018-01-29 07:51:00,24.97323728,96.14353738,RD-318,168,22,Bike,Medium,Clear,2019,Wet,No,None,No,34.62,57.92,2018,1,29,7,Monday,0,0
923,2020-12-25 00:51:00,13.24218545,90.59684755,RD-37,483,88,Truck,Medium,Rain,6023,Under Maintenance,No,None,No,46.84,33.49,2020,12,25,0,Friday,0,0
924,2022-11-11 03:34:00,32.67593615,96.01808126,RD-242,431,39,Truck,Low,Clear,6125,Under Maintenance,No,None,No,44.0,45.74,2022,11,11,3,Friday,0,0
925,2019-05-21 00:10:00,29.18247432,78.82395876,RD-456,248,85,Mixed,High,Storm,4391,Wet,Yes,Major,No,32.76,56.16,2019,5,21,0,Tuesday,1,0
926,2022-09-11 23:14:00,14.43988729,76.83557097,RD-100,247,88,Bike,Low,Storm,5890,Wet,No,None,No,20.67,39.41,2022,9,11,23,Sunday,0,0
927,2022-07-26 22:03:00,26.08942143,79.8135133,RD-257,308,74,Mixed,High,Clear,4133,Under Maintenance,No,None,No,28.06,86.85,2022,7,26,22,Tuesday,0,0
928,2022-05-27 03:00:00,22.7702909,83.16216841,RD-62,17,94,Mixed,High,Snow,2845,Slippery,No,None,Yes,36.25,76.01,2022,5,27,3,Friday,0,1
929,2019-11-23 18:20:00,15.50597521,89.50510089,RD-445,233,75,Bus,Low,Clear,1785,Slippery,No,None,No,39.0,46.1,2019,11,23,18,Saturday,0,0
930,2023-07-08 13:05:00,33.90055544,93.55195438,RD-349,209,106,Mixed,Low,Storm,6322,Slippery,No,None,No,27.74,65.45,2023,7,8,13,Saturday,0,0
931,2023-04-08 12:27:00,12.28733963,81.43221639,RD-196,142,80,Truck,High,Snow,7054,Wet,No,None,No,24.18,73.29,2023,4,8,12,Saturday,0,0
932,2020-02-28 09:03:00,21.55633428,76.38618322,RD-272,345,21,Bus,Very High,Storm,3034,Wet,Yes,Minor,No,45.05,86.48,2020,2,28,9,Friday,1,0
933,2018-02-16 22:32:00,24.90115025,77.24655066,RD-153,36,25,Bike,Medium,Snow,7091,Under Maintenance,No,None,No,49.53,82.9,2018,2,16,22,Friday,0,0
934,2021-03-19 21:15:00,31.88282374,88.21149949,RD-212,391,74,Truck,High,Clear,869,Under Maintenance,Yes,Fatal,No,35.77,60.91,2021,3,19,21,Friday,1,0
935,2021-04-27 18:50:00,12.35521746,84.45918299,RD-28,200,51,Car,Low,Fog,1039,Dry,No,None,No,25.15,76.48,2021,4,27,18,Tuesday,0,0
936,2022-07-12 20:57:00,25.66606364,82.1083298,RD-446,240,41,Bike,Very High,Rain,7268,Slippery,No,None,Yes,28.17,63.73,2022,7,12,20,Tuesday,0,1
937,2018-02-25 08:33:00,8.190232573,73.88044828,RD-438,202,93,Car,High,Snow,5299,Slippery,No,None,No,20.55,63.16,2018,2,25,8,Sunday,0,0
938,2019-02-25 14:27:00,31.85485811,93.38821494,RD-78,72,58,Truck,High,Storm,2244,Wet,No,None,No,47.43,36.88,2019,2,25,14,Monday,0,0
939,2023-10-12 23:43:00,14.80724103,90.64959298,RD-71,398,19,Bike,Very High,Storm,9048,Wet,No,None,No,23.53,37.57,2023,10,12,23,Thursday,0,0
940,2020-07-21 17:05:00,28.9065441,72.07851945,RD-103,332,15,Car,Medium,Fog,8575,Wet,No,None,No,37.3,61.77,2020,7,21,17,Tuesday,0,0
941,2023-06-02 01:30:00,25.45445589,78.65426518,RD-176,61,13,Car,Medium,Storm,3285,Wet,No,None,No,28.22,46.13,2023,6,2,1,Friday,0,0
942,2021-04-03 06:21:00,9.453694106,83.72183072,RD-210,346,72,Bike,Medium,Storm,6103,Slippery,No,None,No,36.63,31.26,2021,4,3,6,Saturday,0,0
943,2022-09-13 01:07:00,13.31367047,81.17582006,RD-292,490,7,Mixed,Low,Storm,3801,Under Maintenance,No,None,No,39.54,73.37,2022,9,13,1,Tuesday,0,0
944,2020-02-04 15:32:00,15.76448018,79.53607932,RD-458,92,17,Truck,Medium,Snow,1580,Wet,No,None,Yes,44.89,31.95,2020,2,4,15,Tuesday,0,1
945,2021-06-06 13:20:00,33.71510295,88.84612503,RD-465,397,100,Truck,Very High,Snow,4006,Dry,No,None,No,26.19,65.72,2021,6,6,13,Sunday,0,0
946,2020-07-31 05:23:00,21.94329827,69.58060162,RD-235,342,10,Bus,Very High,Rain,5560,Wet,No,None,No,20.33,62.35,2020,7,31,5,Friday,0,0
947,2022-07-06 02:07:00,34.49159333,81.67089983,RD-74,444,5,Bike,High,Fog,7919,Dry,No,None,No,24.11,88.13,2022,7,6,2,Wednesday,0,0
948,2023-04-13 23:38:00,9.376047116,75.60326902,RD-162,251,110,Truck,Medium,Clear,9744,Under Maintenance,No,None,No,47.0,59.05,2023,4,13,23,Thursday,0,0
949,2022-03-02 22:45:00,8.190352338,70.45393317,RD-442,180,9,Car,Low,Fog,7288,Dry,No,None,No,46.22,33.82,2022,3,2,22,Wednesday,0,0
950,2022-08-15 09:28:00,35.499152,81.48172758,RD-367,192,70,Bike,Very High,Rain,1709,Under Maintenance,No,None,No,37.92,63.1,2022,8,15,9,Monday,0,0
951,2019-03-25 03:42:00,28.99359029,72.96969204,RD-93,483,90,Car,Low,Snow,2062,Wet,No,None,No,38.02,80.47,2019,3,25,3,Monday,0,0
952,2019-05-01 22:41:00,30.71618715,75.48850417,RD-399,306,100,Bike,Very High,Snow,351,Wet,No,None,Yes,39.95,89.81,2019,5,1,22,Wednesday,0,1
953,2020-06-17 00:42:00,34.55836281,82.70325316,RD-42,168,119,Car,Very High,Fog,1707,Dry,No,None,No,25.26,55.82,2020,6,17,0,Wednesday,0,0
954,2018-09-04 10:34:00,36.55162208,96.23756042,RD-250,300,116,Car,Very High,Clear,6626,Under Maintenance,No,None,Yes,47.43,49.22,2018,9,4,10,Tuesday,0,1
955,2021-04-16 22:56:00,10.83365287,87.8433952,RD-171,217,45,Bike,Low,Snow,7666,Wet,No,None,Yes,32.56,84.4,2021,4,16,22,Friday,0,1
956,2018-11-10 00:01:00,12.59044898,76.10903215,RD-324,322,54,Bus,Very High,Snow,2897,Dry,No,None,No,31.49,41.47,2018,11,10,0,Saturday,0,0
957,2019-10-18 09:50:00,13.46863002,79.08977552,RD-91,417,117,Car,Very High,Fog,966,Dry,No,None,No,35.57,66.93,2019,10,18,9,Friday,0,0
958,2022-05-18 19:52:00,31.7341121,79.77786142,RD-161,318,11,Bike,Very High,Fog,2619,Under Maintenance,No,None,No,21.41,54.34,2022,5,18,19,Wednesday,0,0
959,2020-08-03 08:40:00,18.31094748,72.45549108,RD-325,295,25,Mixed,Low,Clear,6276,Wet,No,None,Yes,24.99,32.46,2020,8,3,8,Monday,0,1
960,2018-04-21 02:00:00,25.20487197,72.65897148,RD-30,388,85,Mixed,Very High,Clear,4061,Under Maintenance,No,None,No,42.14,50.84,2018,4,21,2,Saturday,0,0
961,2023-08-26 06:23:00,32.80143545,72.30344698,RD-3,261,57,Bus,Very High,Fog,7677,Dry,Yes,Minor,No,22.48,45.91,2023,8,26,6,Saturday,1,0
962,2021-08-29 02:16:00,27.81163535,83.12825999,RD-232,218,24,Bike,Medium,Clear,9805,Dry,No,None,No,38.09,71.17,2021,8,29,2,Sunday,0,0
963,2022-04-26 13:06:00,9.897046425,87.55139652,RD-141,214,69,Bus,Very High,Rain,3577,Dry,No,None,No,27.36,86.93,2022,4,26,13,Tuesday,0,0
964,2021-10-14 15:11:00,20.92454185,85.13089985,RD-108,367,36,Car,High,Fog,9203,Under Maintenance,Yes,Major,No,31.68,46.08,2021,10,14,15,Thursday,1,0
965,2020-10-20 06:57:00,9.957501497,96.35524838,RD-390,258,108,Mixed,High,Storm,9613,Under Maintenance,No,None,Yes,28.66,78.69,2020,10,20,6,Tuesday,0,1
966,2020-09-02 07:36:00,21.8864628,71.6503626,RD-397,400,100,Bus,Very High,Clear,1725,Slippery,No,None,No,30.67,33.32,2020,9,2,7,Wednesday,0,0
967,2019-05-11 07:38:00,14.35977875,96.60775778,RD-87,402,88,Car,Very High,Fog,1770,Wet,No,None,No,41.57,62.29,2019,5,11,7,Saturday,0,0
968,2019-11-26 04:36:00,8.037937786,81.53354408,RD-296,158,78,Mixed,High,Storm,9509,Wet,No,None,No,28.91,34.23,2019,11,26,4,Tuesday,0,0
969,2020-01-19 04:39:00,31.58140196,74.34035085,RD-392,167,10,Bus,High,Rain,9157,Slippery,No,None,Yes,36.99,86.04,2020,1,19,4,Sunday,0,1
970,2023-12-04 21:35:00,36.11210249,95.35514395,RD-82,494,45,Car,Low,Rain,4325,Dry,No,None,No,34.28,75.98,2023,12,4,21,Monday,0,0
971,2019-01-18 18:13:00,35.95984777,81.58978599,RD-251,110,37,Truck,High,Snow,2689,Slippery,No,None,No,39.91,69.48,2019,1,18,18,Friday,0,0
972,2021-11-11 05:50:00,16.67637062,78.0730617,RD-403,287,78,Mixed,Low,Storm,8961,Under Maintenance,Yes,Fatal,No,48.1,79.43,2021,11,11,5,Thursday,1,0
973,2022-11-07 09:53:00,32.03443469,74.20049301,RD-391,440,29,Car,High,Storm,5724,Dry,No,None,No,41.98,68.85,2022,11,7,9,Monday,0,0
974,2023-10-01 08:34:00,27.68453014,75.76838808,RD-400,327,28,Truck,Very High,Storm,8245,Wet,No,None,Yes,26.45,88.14,2023,10,1,8,Sunday,0,1
975,2020-11-19 14:27:00,31.20221532,96.3973658,RD-46,296,99,Bus,Very High,Rain,2130,Wet,No,None,Yes,20.94,72.84,2020,11,19,14,Thursday,0,1
976,2023-10-04 00:01:00,32.5409034,76.81522976,RD-67,397,97,Truck,High,Snow,1293,Wet,No,None,No,27.87,85.48,2023,10,4,0,Wednesday,0,0
977,2020-12-04 01:52:00,36.42808343,96.35637179,RD-315,275,16,Mixed,High,Rain,9191,Under Maintenance,No,None,No,37.85,61.03,2020,12,4,1,Friday,0,0
978,2023-10-14 14:05:00,12.40015949,77.57623461,RD-223,295,111,Bike,High,Fog,8290,Dry,No,None,No,21.54,37.02,2023,10,14,14,Saturday,0,0
979,2023-03-02 21:14:00,30.3226347,74.7111355,RD-325,231,41,Bus,High,Storm,7541,Slippery,Yes,Major,No,34.89,61.69,2023,3,2,21,Thursday,1,0
980,2020-09-06 14:03:00,29.29045452,73.3175613,RD-220,498,119,Truck,Very High,Storm,5844,Under Maintenance,No,None,No,37.91,37.61,2020,9,6,14,Sunday,0,0
981,2020-07-27 02:34:00,16.34433929,79.94378065,RD-207,400,110,Car,Low,Snow,9848,Under Maintenance,No,None,No,30.03,65.55,2020,7,27,2,Monday,0,0
982,2023-09-23 22:06:00,19.38503912,74.86738701,RD-220,152,54,Bike,Medium,Snow,4666,Slippery,No,None,No,43.13,58.95,2023,9,23,22,Saturday,0,0
983,2022-11-09 16:20:00,13.12598338,88.21120095,RD-495,412,13,Bike,Medium,Storm,6809,Slippery,No,None,No,23.2,67.35,2022,11,9,16,Wednesday,0,0
984,2023-03-06 08:06:00,34.4849226,74.95338033,RD-245,83,97,Bus,Low,Rain,1712,Dry,No,None,No,22.25,30.6,2023,3,6,8,Monday,0,0
985,2019-04-18 00:50:00,33.50073602,92.2265085,RD-197,176,71,Truck,High,Snow,3781,Wet,Yes,None,No,41.85,41.69,2019,4,18,0,Thursday,1,0
986,2023-10-21 23:45:00,25.80701542,92.1863265,RD-3,356,8,Mixed,Low,Storm,2209,Wet,No,None,No,34.86,59.48,2023,10,21,23,Saturday,0,0
987,2019-12-28 17:02:00,22.83727,76.28026485,RD-20,268,58,Truck,Very High,Fog,7538,Under Maintenance,Yes,Minor,No,40.65,87.03,2019,12,28,17,Saturday,1,0
988,2023-10-27 00:38:00,14.75376245,89.85266378,RD-274,108,89,Truck,Low,Snow,3990,Wet,No,None,Yes,33.04,53.02,2023,10,27,0,Friday,0,1
989,2022-01-12 03:40:00,30.89850315,92.8688304,RD-103,61,10,Bus,Medium,Clear,2605,Wet,No,None,No,27.39,55.46,2022,1,12,3,Wednesday,0,0
990,2019-12-29 06:19:00,8.237942457,85.11385247,RD-375,389,70,Bus,Low,Fog,7216,Slippery,No,None,No,44.57,72.88,2019,12,29,6,Sunday,0,0
991,2021-02-21 05:27:00,21.42081406,78.62363992,RD-192,219,41,Car,High,Storm,1160,Wet,Yes,Minor,No,43.98,66.23,2021,2,21,5,Sunday,1,0
992,2023-12-22 22:48:00,32.95598414,80.78804841,RD-487,353,88,Mixed,Low,Snow,9365,Wet,No,None,No,40.84,47.94,2023,12,22,22,Friday,0,0
993,2023-12-19 17:37:00,25.9360747,90.80063709,RD-8,278,49,Bus,Medium,Snow,6266,Wet,No,None,No,28.16,54.65,2023,12,19,17,Tuesday,0,0
994,2019-05-12 02:48:00,26.41856241,76.50620646,RD-457,53,101,Car,High,Rain,1213,Wet,Yes,Minor,No,37.71,43.06,2019,5,12,2,Sunday,1,0
995,2021-06-01 22:06:00,10.05051534,77.6994077,RD-165,474,18,Bike,Very High,Storm,9890,Dry,No,None,No,30.83,87.96,2021,6,1,22,Tuesday,0,0
996,2022-09-14 17:41:00,16.31443715,72.66274575,RD-388,259,88,Car,Medium,Clear,4455,Under Maintenance,No,None,No,22.75,37.84,2022,9,14,17,Wednesday,0,0
997,2021-11-10 04:51:00,27.54200396,79.57251969,RD-427,26,47,Mixed,High,Storm,6924,Dry,No,None,No,47.52,52.31,2021,11,10,4,Wednesday,0,0
998,2020-03-04 17:42:00,9.438901736,70.50893884,RD-272,340,70,Car,High,Snow,2816,Slippery,No,None,Yes,24.1,31.55,2020,3,4,17,Wednesday,0,1
999,2019-02-01 22:30:00,17.59713685,77.30999879,RD-98,154,115,Car,Very High,Snow,9093,Wet,Yes,Fatal,No,48.51,43.31,2019,2,1,22,Friday,1,0
1000,2021-02-23 15:36:00,18.26439234,78.83090205,RD-10,317,11,Bus,Medium,Clear,2343,Dry,No,None,No,33.38,76.83,2021,2,23,15,Tuesday,0,0
1001,2020-01-07 10:34:00,22.46283328,75.40889484,RD-347,186,59,Mixed,Medium,Fog,8038,Slippery,No,None,Yes,25.55,42.07,2020,1,7,10,Tuesday,0,1
1002,2019-03-03 21:20:00,18.50888232,70.93938545,RD-3,348,41,Car,Low,Storm,9101,Dry,No,None,Yes,36.26,34.8,2019,3,3,21,Sunday,0,1
1003,2022-06-22 12:21:00,21.16940859,83.12835003,RD-321,80,80,Truck,Low,Storm,2300,Under Maintenance,No,None,No,46.19,58.47,2022,6,22,12,Wednesday,0,0
1004,2023-08-03 17:26:00,23.86292305,93.08735392,RD-376,412,117,Car,High,Storm,5631,Slippery,Yes,Minor,No,41.97,30.6,2023,8,3,17,Thursday,1,0
1005,2018-12-07 16:47:00,11.7220874,77.73369763,RD-128,389,20,Bike,High,Rain,7590,Under Maintenance,No,None,No,44.2,35.09,2018,12,7,16,Friday,0,0
1006,2023-03-26 18:31:00,13.23378703,74.86724557,RD-116,299,21,Bike,High,Clear,3059,Slippery,No,None,No,39.76,78.46,2023,3,26,18,Sunday,0,0
1007,2022-08-09 03:00:00,32.14281884,76.26610831,RD-356,230,99,Car,High,Fog,6350,Wet,No,None,No,40.77,76.29,2022,8,9,3,Tuesday,0,0
1008,2020-05-30 08:37:00,21.33327033,92.99472826,RD-450,167,75,Car,Very High,Storm,8315,Slippery,No,None,Yes,45.48,84.91,2020,5,30,8,Saturday,0,1
1009,2022-10-07 11:46:00,18.29941014,83.3064201,RD-177,115,94,Truck,Low,Fog,7864,Wet,No,None,Yes,27.49,81.27,2022,10,7,11,Friday,0,1
1010,2019-12-18 07:59:00,20.58256391,71.79292019,RD-160,38,5,Car,Very High,Fog,3012,Wet,No,None,No,34.68,70.99,2019,12,18,7,Wednesday,0,0
1011,2022-01-29 08:46:00,13.06973803,88.56742782,RD-67,495,6,Bus,Very High,Fog,4902,Wet,No,None,Yes,26.64,33.14,2022,1,29,8,Saturday,0,1
1012,2022-03-13 01:19:00,14.95557039,72.47669906,RD-53,185,99,Mixed,Low,Snow,6132,Slippery,No,None,No,49.63,76.97,2022,3,13,1,Sunday,0,0
1013,2020-11-05 02:59:00,22.95018273,69.74708769,RD-197,401,88,Truck,Medium,Storm,880,Under Maintenance,No,None,No,48.32,80.73,2020,11,5,2,Thursday,0,0
1014,2023-02-28 09:36:00,18.40886839,75.41486142,RD-258,77,105,Car,Low,Storm,5455,Slippery,No,None,No,21.18,77.94,2023,2,28,9,Tuesday,0,0
1015,2018-03-19 22:14:00,21.78822699,72.87461521,RD-302,101,37,Bus,Very High,Storm,8113,Slippery,No,None,No,41.17,60.51,2018,3,19,22,Monday,0,0
1016,2018-03-23 13:34:00,12.34143551,85.54492676,RD-157,317,17,Car,High,Clear,368,Wet,No,None,No,47.76,43.97,2018,3,23,13,Friday,0,0
1017,2021-06-21 17:42:00,12.53758164,82.05242581,RD-86,84,69,Truck,Low,Rain,8893,Slippery,No,None,No,25.42,80.72,2021,6,21,17,Monday,0,0
1018,2019-07-07 19:18:00,19.13434757,88.99787196,RD-34,347,55,Truck,Very High,Rain,5934,Dry,No,None,No,37.04,73.63,2019,7,7,19,Sunday,0,0
1019,2023-11-04 23:25:00,18.98687135,82.83556046,RD-422,94,37,Bike,Very High,Rain,5265,Wet,No,None,No,47.46,88.85,2023,11,4,23,Saturday,0,0
1020,2020-03-16 16:54:00,33.61663796,80.15117212,RD-24,376,7,Bike,High,Rain,6849,Under Maintenance,No,None,No,21.02,39.34,2020,3,16,16,Monday,0,0
1021,2022-05-06 19:19:00,8.970090041,83.26034202,RD-153,67,105,Car,Medium,Snow,8237,Dry,No,None,No,40.92,43.54,2022,5,6,19,Friday,0,0
1022,2019-10-15 08:13:00,36.79280781,80.60009728,RD-486,70,64,Mixed,Very High,Clear,1403,Slippery,No,None,No,28.92,42.71,2019,10,15,8,Tuesday,0,0
1023,2023-05-28 05:43:00,35.73916872,69.07551992,RD-149,433,87,Bus,Very High,Clear,1466,Under Maintenance,No,None,No,47.73,77.55,2023,5,28,5,Sunday,0,0
1024,2022-12-21 15:10:00,23.72527757,87.74027428,RD-234,105,48,Bike,Medium,Snow,2796,Dry,No,None,No,49.13,41.21,2022,12,21,15,Wednesday,0,0
1025,2020-04-20 11:02:00,28.8439751,95.90177946,RD-373,282,108,Bike,Very High,Storm,2027,Under Maintenance,No,None,No,48.33,34.0,2020,4,20,11,Monday,0,0
1026,2018-01-29 15:38:00,35.12238507,80.23897315,RD-267,235,100,Mixed,Low,Snow,1884,Dry,Yes,Major,No,34.23,89.91,2018,1,29,15,Monday,1,0
1027,2021-07-03 13:11:00,15.28462327,80.28825653,RD-306,346,9,Truck,Low,Rain,5235,Dry,Yes,Minor,No,45.86,31.49,2021,7,3,13,Saturday,1,0
1028,2023-12-11 04:49:00,17.15328763,69.32729748,RD-269,24,51,Car,Very High,Clear,5039,Under Maintenance,No,None,No,45.34,80.11,2023,12,11,4,Monday,0,0
1029,2023-01-03 13:25:00,11.21681582,93.82099346,RD-173,221,47,Car,Very High,Snow,4886,Under Maintenance,Yes,Minor,No,29.57,51.92,2023,1,3,13,Tuesday,1,0
1030,2022-09-14 18:45:00,24.3515374,94.94452024,RD-223,368,51,Bus,Medium,Rain,3935,Wet,Yes,Major,No,44.87,80.5,2022,9,14,18,Wednesday,1,0
1031,2018-05-15 22:35:00,12.62400289,91.58103442,RD-455,404,105,Mixed,High,Rain,6193,Slippery,No,None,Yes,21.11,63.28,2018,5,15,22,Tuesday,0,1
1032,2018-12-12 11:21:00,34.99524788,71.08401867,RD-352,348,10,Mixed,Low,Fog,7034,Wet,No,None,Yes,37.89,84.1,2018,12,12,11,Wednesday,0,1
1033,2023-07-01 11:26:00,20.51543857,94.10648675,RD-69,361,64,Mixed,Medium,Storm,2354,Under Maintenance,No,None,No,26.9,85.57,2023,7,1,11,Saturday,0,0
1034,2018-06-25 21:47:00,34.67091506,68.69471424,RD-176,481,40,Truck,High,Storm,7129,Under Maintenance,No,None,No,23.62,30.55,2018,6,25,21,Monday,0,0
1035,2022-01-23 20:51:00,13.94789715,80.89265537,RD-462,335,41,Mixed,Low,Storm,4922,Slippery,No,None,No,22.31,34.52,2022,1,23,20,Sunday,0,0
1036,2023-03-28 08:28:00,28.12705776,82.51808597,RD-251,347,81,Truck,Low,Clear,9113,Under Maintenance,No,None,No,40.89,45.02,2023,3,28,8,Tuesday,0,0
1037,2021-04-12 05:27:00,26.78017026,92.18606093,RD-184,498,80,Car,Very High,Clear,8174,Wet,Yes,Major,No,30.2,70.16,2021,4,12,5,Monday,1,0
1038,2018-11-04 02:48:00,19.59059473,89.77491719,RD-385,386,10,Truck,High,Clear,9388,Dry,No,None,No,41.74,83.3,2018,11,4,2,Sunday,0,0
1039,2022-01-28 08:17:00,34.05195069,91.11581,RD-97,185,34,Car,Very High,Clear,7349,Dry,No,None,No,21.96,57.6,2022,1,28,8,Friday,0,0
1040,2022-01-20 12:09:00,20.60925948,93.16912754,RD-85,278,105,Bus,Medium,Rain,1410,Wet,No,None,No,29.46,66.42,2022,1,20,12,Thursday,0,0
1041,2023-02-06 12:16:00,13.75448538,81.80605669,RD-486,128,96,Mixed,High,Storm,4562,Dry,No,None,No,36.18,41.31,2023,2,6,12,Monday,0,0
1042,2018-08-01 04:32:00,36.33257605,90.62731825,RD-465,163,14,Bus,High,Clear,5970,Dry,No,None,No,43.72,78.3,2018,8,1,4,Wednesday,0,0
1043,2022-01-29 10:41:00,20.80296069,69.97295974,RD-471,17,32,Mixed,Very High,Storm,7207,Slippery,Yes,Minor,No,29.56,88.04,2022,1,29,10,Saturday,1,0
1044,2018-04-15 10:29:00,14.03411635,80.89184626,RD-416,291,10,Bus,Low,Rain,3433,Under Maintenance,No,None,No,38.78,46.12,2018,4,15,10,Sunday,0,0
1045,2021-09-10 01:28:00,18.54534715,68.87384757,RD-207,378,77,Bike,Low,Clear,4992,Slippery,No,None,No,46.58,59.69,2021,9,10,1,Friday,0,0
1046,2020-01-07 19:44:00,25.79177424,94.54413689,RD-10,407,28,Bike,Very High,Fog,2247,Wet,No,None,No,38.48,35.17,2020,1,7,19,Tuesday,0,0
1047,2023-01-02 03:02:00,22.84879853,95.79399968,RD-117,255,56,Truck,Medium,Snow,8648,Slippery,No,None,No,26.99,63.55,2023,1,2,3,Monday,0,0
1048,2021-05-20 02:55:00,26.41839366,70.43423275,RD-115,434,86,Bus,Very High,Clear,1366,Wet,No,None,No,20.73,60.17,2021,5,20,2,Thursday,0,0
1049,2023-01-11 21:56:00,27.19386108,83.44617269,RD-373,143,72,Mixed,High,Clear,3167,Wet,No,None,No,46.1,38.67,2023,1,11,21,Wednesday,0,0
1050,2023-07-23 06:29:00,11.57804992,77.42904858,RD-68,153,49,Car,Low,Fog,2159,Slippery,No,None,No,20.64,56.52,2023,7,23,6,Sunday,0,0
1051,2018-09-16 02:11:00,17.13166396,77.93349426,RD-109,236,91,Truck,Medium,Rain,5248,Wet,No,None,No,46.24,50.05,2018,9,16,2,Sunday,0,0
1052,2022-06-18 15:03:00,29.71232873,81.07030178,RD-376,43,31,Truck,High,Snow,6341,Dry,Yes,Major,No,35.87,61.31,2022,6,18,15,Saturday,1,0
1053,2022-10-09 18:58:00,26.86065023,71.62691299,RD-12,305,72,Bike,Very High,Rain,3341,Dry,No,None,No,48.17,65.14,2022,10,9,18,Sunday,0,0
1054,2022-08-11 20:47:00,10.56210177,73.24233576,RD-302,484,17,Bus,Low,Fog,5257,Dry,Yes,Minor,No,43.96,30.51,2022,8,11,20,Thursday,1,0
1055,2022-09-20 15:35:00,17.13927998,84.74369114,RD-259,493,79,Bus,Medium,Clear,5272,Wet,No,None,No,49.94,75.66,2022,9,20,15,Tuesday,0,0
1056,2018-05-21 04:33:00,35.00834233,68.54392137,RD-87,149,79,Truck,Low,Snow,3214,Slippery,Yes,Fatal,No,30.52,72.78,2018,5,21,4,Monday,1,0
1057,2019-09-20 05:49:00,32.99836702,85.39422964,RD-64,394,23,Bike,Medium,Rain,8458,Wet,No,None,No,43.02,51.98,2019,9,20,5,Friday,0,0
1058,2022-06-16 19:12:00,27.44864272,77.24859845,RD-188,294,37,Car,Very High,Clear,9285,Dry,No,None,Yes,32.06,33.18,2022,6,16,19,Thursday,0,1
1059,2021-03-27 14:03:00,10.1130508,92.13398603,RD-365,218,82,Bike,Medium,Storm,3219,Under Maintenance,No,None,Yes,34.4,75.3,2021,3,27,14,Saturday,0,1
1060,2022-08-13 20:44:00,25.60460041,85.40018872,RD-334,91,17,Bus,High,Fog,895,Dry,No,None,No,38.83,87.31,2022,8,13,20,Saturday,0,0
1061,2021-09-21 21:32:00,8.353455823,88.53464482,RD-406,442,11,Car,Low,Rain,6159,Dry,No,None,Yes,46.21,44.41,2021,9,21,21,Tuesday,0,1
1062,2021-10-27 03:12:00,27.17266575,71.31833026,RD-20,257,37,Truck,Medium,Storm,6643,Slippery,No,None,No,49.52,49.41,2021,10,27,3,Wednesday,0,0
1063,2022-05-23 21:37:00,29.20513492,75.71000858,RD-193,409,36,Car,High,Rain,644,Dry,No,None,No,43.05,41.03,2022,5,23,21,Monday,0,0
1064,2019-05-16 00:53:00,22.42006497,96.90341866,RD-449,364,49,Truck,Low,Rain,2017,Wet,No,None,No,32.53,64.62,2019,5,16,0,Thursday,0,0
1065,2020-12-21 00:30:00,8.110392688,80.57591516,RD-328,146,60,Bike,Very High,Storm,4616,Dry,No,None,No,32.64,39.29,2020,12,21,0,Monday,0,0
1066,2018-02-26 01:40:00,27.33169343,78.40709095,RD-131,452,105,Car,High,Fog,1992,Under Maintenance,No,None,No,42.13,51.37,2018,2,26,1,Monday,0,0
1067,2020-08-19 12:48:00,31.77246248,93.34180541,RD-395,373,76,Mixed,High,Fog,3530,Slippery,No,None,No,27.16,71.82,2020,8,19,12,Wednesday,0,0
1068,2020-09-13 16:32:00,24.99015657,68.95916366,RD-274,304,50,Bus,Low,Storm,4913,Wet,No,None,No,23.31,63.61,2020,9,13,16,Sunday,0,0
1069,2018-10-03 14:56:00,28.56672764,83.50842749,RD-320,431,102,Truck,Very High,Fog,403,Dry,No,None,No,30.64,53.19,2018,10,3,14,Wednesday,0,0
1070,2019-07-09 06:28:00,10.61931942,74.0974592,RD-25,15,23,Car,Medium,Snow,9493,Slippery,No,None,No,28.62,55.21,2019,7,9,6,Tuesday,0,0
1071,2022-12-09 22:11:00,28.7443337,78.67643095,RD-305,355,104,Car,High,Snow,5295,Slippery,No,None,Yes,28.89,63.73,2022,12,9,22,Friday,0,1
1072,2019-07-31 02:23:00,25.8115959,73.79353508,RD-25,90,38,Mixed,Low,Clear,1838,Under Maintenance,No,None,No,27.01,30.35,2019,7,31,2,Wednesday,0,0
1073,2020-09-14 07:59:00,17.59957203,69.09686003,RD-339,353,104,Bike,Low,Storm,744,Dry,No,None,No,21.26,34.71,2020,9,14,7,Monday,0,0
1074,2021-07-05 05:07:00,27.87468586,80.07885189,RD-56,83,67,Mixed,Low,Snow,7992,Slippery,No,None,Yes,20.54,82.88,2021,7,5,5,Monday,0,1
1075,2022-09-24 13:10:00,26.72190359,90.88688761,RD-335,489,74,Car,Medium,Rain,8412,Dry,No,None,No,49.63,34.67,2022,9,24,13,Saturday,0,0
1076,2022-10-09 14:18:00,25.38434696,95.60667855,RD-429,324,58,Bus,Low,Fog,854,Wet,No,None,No,32.83,72.41,2022,10,9,14,Sunday,0,0
1077,2021-05-05 16:11:00,13.3054167,86.09173626,RD-11,12,59,Car,Medium,Snow,7299,Wet,No,None,No,31.53,85.2,2021,5,5,16,Wednesday,0,0
1078,2022-11-25 09:15:00,16.59043002,79.27627568,RD-25,412,54,Car,Very High,Snow,5031,Slippery,Yes,Fatal,No,40.39,46.24,2022,11,25,9,Friday,1,0
1079,2021-12-24 01:11:00,36.75010038,90.32580293,RD-354,236,69,Car,Medium,Storm,1964,Wet,No,None,No,26.55,52.23,2021,12,24,1,Friday,0,0
1080,2023-07-02 16:50:00,20.56016605,82.65149552,RD-60,164,49,Mixed,Low,Rain,7974,Under Maintenance,No,None,No,48.5,64.14,2023,7,2,16,Sunday,0,0
1081,2019-09-03 05:49:00,9.723369183,78.66098812,RD-214,290,34,Mixed,Low,Snow,5114,Dry,No,None,No,43.59,82.9,2019,9,3,5,Tuesday,0,0
1082,2018-09-10 16:06:00,34.07115401,73.19360108,RD-228,222,83,Truck,High,Rain,2217,Wet,No,None,No,22.68,86.51,2018,9,10,16,Monday,0,0
1083,2021-08-03 17:03:00,13.01503054,91.08776955,RD-195,203,77,Truck,Medium,Fog,690,Wet,No,None,No,32.53,74.37,2021,8,3,17,Tuesday,0,0
1084,2018-04-18 13:23:00,19.70207476,82.51234792,RD-64,349,65,Truck,High,Fog,3891,Dry,No,None,No,46.37,35.2,2018,4,18,13,Wednesday,0,0
1085,2020-05-25 20:51:00,16.06196849,95.9503085,RD-281,416,97,Car,Medium,Fog,3218,Under Maintenance,No,None,Yes,48.34,70.15,2020,5,25,20,Monday,0,1
1086,2019-04-10 23:02:00,35.95238814,91.25537841,RD-130,389,63,Truck,Low,Clear,8251,Dry,No,None,No,34.02,54.62,2019,4,10,23,Wednesday,0,0
1087,2018-11-22 09:24:00,18.96485879,80.18046746,RD-243,72,6,Truck,High,Storm,7723,Slippery,No,None,No,38.4,58.24,2018,11,22,9,Thursday,0,0
1088,2019-01-14 11:43:00,28.55279195,89.48465119,RD-360,451,34,Bike,High,Fog,3260,Dry,No,None,Yes,25.01,32.95,2019,1,14,11,Monday,0,1
1089,2023-05-19 16:11:00,25.35310619,81.14835329,RD-79,234,50,Mixed,Very High,Clear,1360,Under Maintenance,No,None,No,49.74,41.46,2023,5,19,16,Friday,0,0
1090,2021-07-12 07:15:00,9.246279976,70.31610612,RD-106,315,72,Truck,Very High,Clear,8678,Dry,No,None,No,26.95,77.43,2021,7,12,7,Monday,0,0
1091,2022-04-11 23:52:00,19.14512568,82.9837505,RD-356,401,23,Mixed,Low,Storm,1892,Under Maintenance,No,None,No,48.28,57.24,2022,4,11,23,Monday,0,0
1092,2018-06-27 21:45:00,19.31063692,93.10612997,RD-352,385,88,Bus,Low,Fog,2580,Under Maintenance,No,None,No,39.49,48.1,2018,6,27,21,Wednesday,0,0
1093,2020-08-21 13:21:00,36.70516644,92.80779824,RD-323,444,9,Bike,High,Storm,1817,Wet,No,None,No,38.23,53.04,2020,8,21,13,Friday,0,0
1094,2020-04-26 04:26:00,31.54593233,84.6740405,RD-5,110,77,Bus,Very High,Storm,2626,Dry,No,None,No,35.38,81.26,2020,4,26,4,Sunday,0,0
1095,2022-01-22 05:52:00,32.84297401,79.02068256,RD-155,257,88,Mixed,Low,Snow,3938,Under Maintenance,No,None,No,26.92,74.94,2022,1,22,5,Saturday,0,0
1096,2023-02-07 02:15:00,17.09211393,68.29291747,RD-216,307,61,Mixed,Low,Storm,615,Dry,No,None,Yes,25.3,46.34,2023,2,7,2,Tuesday,0,1
1097,2018-08-29 00:32:00,17.54258384,77.03088359,RD-339,487,67,Bus,Very High,Clear,8655,Wet,No,None,No,26.61,37.05,2018,8,29,0,Wednesday,0,0
1098,2020-06-22 14:04:00,22.95256554,96.70444874,RD-52,328,56,Truck,Very High,Fog,4244,Slippery,No,None,Yes,25.59,45.12,2020,6,22,14,Monday,0,1
1099,2018-11-27 03:53:00,26.29943885,89.06823997,RD-340,424,117,Bike,Medium,Storm,2905,Dry,No,None,Yes,43.39,85.25,2018,11,27,3,Tuesday,0,1
1100,2021-10-05 01:53:00,29.12051116,88.81006835,RD-267,114,63,Mixed,Low,Clear,3937,Under Maintenance,No,None,Yes,30.5,64.9,2021,10,5,1,Tuesday,0,1
1101,2020-08-09 15:45:00,31.80325382,90.07141832,RD-139,68,64,Car,Very High,Fog,279,Under Maintenance,No,None,No,21.74,62.01,2020,8,9,15,Sunday,0,0
1102,2020-02-22 12:03:00,33.32286436,85.98328812,RD-319,219,84,Bike,Medium,Rain,9653,Wet,No,None,No,49.07,65.78,2020,2,22,12,Saturday,0,0
1103,2018-06-24 10:40:00,8.714151414,84.98990106,RD-311,104,117,Bus,Very High,Clear,7092,Slippery,No,None,No,46.51,51.96,2018,6,24,10,Sunday,0,0
1104,2018-02-18 11:43:00,31.08678061,81.15495841,RD-359,99,88,Mixed,Medium,Rain,4072,Under Maintenance,No,None,Yes,47.83,78.43,2018,2,18,11,Sunday,0,1
1105,2018-09-08 06:33:00,25.7142727,80.87408582,RD-71,353,24,Mixed,Low,Rain,4838,Slippery,No,None,No,49.85,61.4,2018,9,8,6,Saturday,0,0
1106,2023-10-30 07:20:00,23.4304586,93.25460521,RD-215,60,94,Bus,Very High,Snow,598,Under Maintenance,No,None,Yes,25.22,37.0,2023,10,30,7,Monday,0,1
1107,2023-12-25 05:22:00,26.22552377,79.41023159,RD-426,450,107,Car,Very High,Rain,1390,Under Maintenance,No,None,No,31.89,37.74,2023,12,25,5,Monday,0,0
1108,2020-10-10 21:15:00,33.57620913,92.36846174,RD-461,398,37,Car,Low,Clear,3559,Slippery,No,None,No,42.75,62.21,2020,10,10,21,Saturday,0,0
1109,2020-08-17 04:46:00,23.81343593,92.29429834,RD-54,212,16,Mixed,High,Storm,1204,Under Maintenance,No,None,Yes,40.88,86.19,2020,8,17,4,Monday,0,1
1110,2021-11-12 15:17:00,12.70345217,90.35604778,RD-262,61,25,Truck,Medium,Fog,4465,Slippery,No,None,No,24.62,48.5,2021,11,12,15,Friday,0,0
1111,2022-05-07 11:49:00,20.66653736,69.0916296,RD-369,481,60,Car,Medium,Snow,3155,Wet,No,None,No,44.47,82.17,2022,5,7,11,Saturday,0,0
1112,2022-01-10 18:37:00,34.80932647,72.29119509,RD-317,202,27,Car,Very High,Fog,5923,Slippery,No,None,No,26.73,75.85,2022,1,10,18,Monday,0,0
1113,2019-07-02 06:23:00,31.62002895,77.12644912,RD-61,149,24,Truck,Low,Clear,2599,Wet,No,None,No,26.71,44.87,2019,7,2,6,Tuesday,0,0
1114,2021-07-16 11:22:00,13.88832244,92.57846693,RD-145,111,91,Car,Low,Storm,1338,Slippery,No,None,Yes,36.11,32.18,2021,7,16,11,Friday,0,1
1115,2023-12-04 00:50:00,28.71016877,93.32452206,RD-59,416,53,Truck,High,Rain,3489,Wet,No,None,Yes,37.79,36.11,2023,12,4,0,Monday,0,1
1116,2018-02-25 16:29:00,15.43057492,69.20516154,RD-402,129,51,Bus,Low,Rain,1157,Slippery,No,None,No,37.4,73.71,2018,2,25,16,Sunday,0,0
1117,2021-07-27 07:25:00,18.10757291,77.41701204,RD-55,317,74,Bike,Low,Clear,3985,Wet,No,None,No,22.74,41.98,2021,7,27,7,Tuesday,0,0
1118,2018-09-08 18:15:00,21.59860356,92.66114193,RD-255,373,49,Bike,High,Clear,350,Dry,No,None,No,46.32,52.28,2018,9,8,18,Saturday,0,0
1119,2020-10-28 07:07:00,20.78521921,75.24110422,RD-102,482,80,Bus,Medium,Fog,5020,Under Maintenance,No,None,No,27.97,60.1,2020,10,28,7,Wednesday,0,0
1120,2021-08-11 19:49:00,8.849114974,96.30409589,RD-312,456,39,Car,Low,Fog,5339,Dry,No,None,No,23.89,73.53,2021,8,11,19,Wednesday,0,0
1121,2021-02-01 08:59:00,30.44626752,82.18980923,RD-103,85,76,Bike,Low,Fog,6049,Wet,No,None,Yes,46.66,36.79,2021,2,1,8,Monday,0,1
1122,2019-03-22 07:16:00,32.54519383,95.18206799,RD-399,140,31,Bus,Medium,Rain,4568,Slippery,No,None,No,48.67,54.38,2019,3,22,7,Friday,0,0
1123,2018-07-08 12:49:00,23.39735395,80.43596544,RD-135,161,84,Bike,Medium,Clear,6667,Dry,No,None,No,45.86,59.1,2018,7,8,12,Sunday,0,0
1124,2018-10-28 08:18:00,13.0155814,77.39016889,RD-426,227,51,Car,High,Snow,2325,Dry,No,None,No,44.29,62.45,2018,10,28,8,Sunday,0,0
1125,2018-05-29 11:37:00,15.19020274,78.50989508,RD-268,88,36,Truck,Medium,Rain,7573,Wet,No,None,No,39.66,79.1,2018,5,29,11,Tuesday,0,0
1126,2020-02-10 02:46:00,11.66369211,93.64471689,RD-499,360,33,Bus,Low,Snow,3030,Wet,No,None,Yes,36.53,40.3,2020,2,10,2,Monday,0,1
1127,2021-07-03 20:45:00,12.91568138,77.5899922,RD-104,435,75,Bike,Medium,Fog,7692,Wet,No,None,No,22.61,78.47,2021,7,3,20,Saturday,0,0
1128,2022-06-16 07:03:00,33.41552442,87.41104042,RD-184,414,84,Car,Very High,Fog,5718,Wet,No,None,No,32.25,71.57,2022,6,16,7,Thursday,0,0
1129,2018-08-05 21:30:00,21.92472094,81.62543778,RD-361,261,57,Bike,High,Clear,4667,Wet,No,None,Yes,31.18,63.35,2018,8,5,21,Sunday,0,1
1130,2022-01-02 02:45:00,11.21939057,95.30846447,RD-210,222,97,Car,Low,Storm,5555,Dry,No,None,No,27.79,71.97,2022,1,2,2,Sunday,0,0
1131,2023-08-11 11:24:00,15.3876126,72.62154069,RD-152,384,60,Car,High,Storm,8809,Wet,No,None,No,41.7,54.72,2023,8,11,11,Friday,0,0
1132,2018-06-18 07:50:00,35.53554107,80.43104807,RD-83,350,93,Car,High,Fog,7895,Slippery,No,None,No,34.88,38.3,2018,6,18,7,Monday,0,0
1133,2022-06-21 17:38:00,22.76870501,71.61438055,RD-21,128,47,Car,High,Storm,8462,Wet,No,None,No,22.43,69.95,2022,6,21,17,Tuesday,0,0
1134,2020-05-04 16:10:00,22.95339459,84.76604092,RD-281,162,104,Bus,High,Storm,5512,Under Maintenance,No,None,Yes,26.61,61.48,2020,5,4,16,Monday,0,1
1135,2023-07-30 05:39:00,23.24370105,79.68407655,RD-255,21,116,Truck,High,Fog,3578,Under Maintenance,No,None,No,40.5,68.36,2023,7,30,5,Sunday,0,0
1136,2020-12-08 03:40:00,11.23688762,69.76717974,RD-467,313,8,Bus,Medium,Clear,8349,Under Maintenance,No,None,No,22.28,50.28,2020,12,8,3,Tuesday,0,0
1137,2023-06-07 19:29:00,36.1390961,92.64530518,RD-107,110,68,Bike,High,Rain,4559,Slippery,No,None,No,45.54,84.41,2023,6,7,19,Wednesday,0,0
1138,2019-07-07 15:52:00,10.45008667,78.8899287,RD-353,219,95,Bus,High,Storm,3245,Dry,No,None,No,34.85,65.24,2019,7,7,15,Sunday,0,0
1139,2022-02-06 06:40:00,28.30111421,82.31529149,RD-478,83,91,Bus,High,Snow,3528,Under Maintenance,No,None,Yes,34.42,35.12,2022,2,6,6,Sunday,0,1
1140,2021-09-23 04:30:00,9.67517975,79.81788673,RD-247,207,27,Bike,Very High,Storm,8198,Dry,No,None,Yes,37.77,56.99,2021,9,23,4,Thursday,0,1
1141,2021-11-06 03:43:00,20.86416134,82.17092768,RD-170,194,64,Truck,Low,Rain,6047,Under Maintenance,No,None,Yes,44.74,75.38,2021,11,6,3,Saturday,0,1
1142,2020-12-23 05:16:00,34.09066992,68.47343073,RD-121,294,34,Bus,High,Rain,6187,Wet,Yes,Fatal,Yes,30.43,77.65,2020,12,23,5,Wednesday,1,1
1143,2020-06-23 20:20:00,30.28489173,91.64832635,RD-2,166,47,Car,Very High,Rain,2566,Dry,No,None,No,40.34,59.68,2020,6,23,20,Tuesday,0,0
1144,2019-07-05 18:51:00,17.70560463,77.63693235,RD-7,230,92,Bus,Low,Rain,945,Dry,No,None,No,36.97,83.68,2019,7,5,18,Friday,0,0
1145,2022-09-11 21:14:00,23.98908521,89.00939117,RD-344,183,52,Bike,Medium,Snow,4802,Slippery,No,None,No,28.01,46.06,2022,9,11,21,Sunday,0,0
1146,2022-01-25 02:53:00,12.79296501,69.88171707,RD-46,247,84,Truck,High,Clear,7170,Dry,No,None,No,46.36,54.64,2022,1,25,2,Tuesday,0,0
1147,2022-07-10 19:08:00,35.72748694,83.19093232,RD-465,18,11,Bus,High,Rain,4937,Wet,No,None,No,43.92,83.92,2022,7,10,19,Sunday,0,0
1148,2020-01-18 21:02:00,28.55164297,94.35496719,RD-57,261,91,Bus,Very High,Rain,4391,Dry,Yes,Minor,No,39.75,83.78,2020,1,18,21,Saturday,1,0
1149,2019-06-11 12:55:00,18.85451907,79.54919303,RD-428,41,106,Bike,High,Snow,6375,Under Maintenance,No,None,No,45.52,71.14,2019,6,11,12,Tuesday,0,0
1150,2019-09-08 02:38:00,17.22010326,73.72051129,RD-294,150,35,Mixed,Medium,Storm,5898,Dry,No,None,No,46.02,81.54,2019,9,8,2,Sunday,0,0
1151,2018-01-28 02:01:00,14.92052374,70.87335356,RD-343,375,110,Mixed,Low,Storm,3257,Slippery,No,None,No,41.25,35.33,2018,1,28,2,Sunday,0,0
1152,2023-04-06 14:12:00,30.80906693,92.91355094,RD-253,190,23,Bus,Very High,Snow,8249,Slippery,No,None,Yes,45.11,81.9,2023,4,6,14,Thursday,0,1
1153,2019-07-12 09:14:00,20.60381326,74.92538059,RD-77,340,56,Car,Very High,Storm,4778,Under Maintenance,No,None,No,40.92,49.24,2019,7,12,9,Friday,0,0
1154,2020-05-19 12:51:00,17.57629941,96.27706223,RD-487,107,115,Bus,High,Fog,8995,Wet,No,None,No,40.4,40.7,2020,5,19,12,Tuesday,0,0
1155,2020-09-22 10:51:00,34.25143066,75.18686072,RD-47,319,72,Mixed,Medium,Clear,2715,Dry,No,None,No,38.56,44.36,2020,9,22,10,Tuesday,0,0
1156,2020-12-19 12:12:00,12.35632048,81.94873888,RD-400,389,10,Bus,Medium,Storm,7261,Dry,No,None,No,42.58,55.08,2020,12,19,12,Saturday,0,0
1157,2018-12-21 08:00:00,15.65122933,81.28182982,RD-262,381,87,Car,High,Snow,9032,Slippery,No,None,No,24.76,45.07,2018,12,21,8,Friday,0,0
1158,2018-10-04 01:19:00,17.99820566,69.79827896,RD-39,422,64,Truck,Low,Fog,625,Dry,No,None,No,46.43,49.23,2018,10,4,1,Thursday,0,0
1159,2018-11-23 11:57:00,15.53569308,83.42334317,RD-371,188,95,Bus,Low,Clear,8015,Under Maintenance,No,None,No,46.16,38.1,2018,11,23,11,Friday,0,0
1160,2019-10-31 10:39:00,24.9766882,87.50658841,RD-371,469,97,Bike,Very High,Rain,2226,Under Maintenance,No,None,No,20.88,47.77,2019,10,31,10,Thursday,0,0
1161,2022-09-16 11:15:00,25.42990223,89.52193424,RD-52,186,16,Car,Medium,Storm,1693,Slippery,No,None,No,44.77,64.34,2022,9,16,11,Friday,0,0
1162,2021-07-15 17:14:00,9.587720202,83.15516093,RD-464,360,42,Bus,Medium,Clear,9247,Under Maintenance,No,None,Yes,23.87,56.51,2021,7,15,17,Thursday,0,1
1163,2022-03-06 10:39:00,12.19134286,91.56496979,RD-132,434,17,Mixed,Low,Clear,1883,Under Maintenance,No,None,No,30.05,50.8,2022,3,6,10,Sunday,0,0
1164,2020-06-01 09:05:00,13.75733394,89.81082755,RD-330,479,32,Bus,Low,Rain,1384,Under Maintenance,No,None,No,42.31,74.79,2020,6,1,9,Monday,0,0
1165,2023-05-20 04:47:00,10.03951399,73.62525505,RD-119,227,9,Mixed,Very High,Clear,5493,Wet,No,None,No,24.82,83.61,2023,5,20,4,Saturday,0,0
1166,2021-05-06 15:12:00,11.61809769,79.64644878,RD-234,277,50,Bike,Very High,Storm,2923,Slippery,No,None,No,44.54,75.41,2021,5,6,15,Thursday,0,0
1167,2018-09-15 01:36:00,14.94989028,72.13487369,RD-152,300,50,Truck,Medium,Fog,3471,Under Maintenance,No,None,No,44.96,49.92,2018,9,15,1,Saturday,0,0
1168,2019-03-24 14:55:00,18.02299761,71.86928596,RD-136,378,85,Mixed,Very High,Storm,7973,Under Maintenance,No,None,No,35.22,74.67,2019,3,24,14,Sunday,0,0
1169,2020-08-12 17:49:00,30.94796135,88.65169328,RD-238,495,31,Bus,Very High,Snow,2967,Under Maintenance,No,None,Yes,20.19,39.12,2020,8,12,17,Wednesday,0,1
1170,2023-07-20 11:38:00,14.31924729,83.38331484,RD-26,269,30,Bike,Low,Clear,8086,Under Maintenance,No,None,No,28.61,37.82,2023,7,20,11,Thursday,0,0
1171,2020-06-17 02:25:00,27.43074911,85.42754445,RD-52,54,66,Car,High,Rain,3700,Wet,No,None,Yes,38.51,50.74,2020,6,17,2,Wednesday,0,1
1172,2018-12-01 13:25:00,9.678549568,89.23334421,RD-417,314,72,Bus,Low,Snow,4369,Dry,No,None,Yes,49.44,78.46,2018,12,1,13,Saturday,0,1
1173,2021-02-09 21:26:00,27.08898686,76.03981303,RD-90,467,76,Car,Low,Clear,3302,Dry,No,None,No,38.95,44.78,2021,2,9,21,Tuesday,0,0
1174,2018-07-30 19:33:00,31.04685696,79.6394968,RD-448,253,94,Mixed,Low,Clear,8666,Slippery,No,None,Yes,27.79,33.8,2018,7,30,19,Monday,0,1
1175,2019-03-30 00:33:00,25.53943052,85.59728958,RD-21,136,101,Bike,High,Fog,9215,Wet,Yes,Major,No,39.02,37.9,2019,3,30,0,Saturday,1,0
1176,2022-11-01 16:37:00,13.84037642,70.80224046,RD-437,155,16,Truck,High,Rain,6598,Slippery,No,None,No,36.2,81.52,2022,11,1,16,Tuesday,0,0
1177,2019-09-21 18:00:00,17.5818324,92.15856835,RD-149,311,81,Bus,High,Storm,7688,Dry,Yes,Minor,Yes,43.4,68.03,2019,9,21,18,Saturday,1,1
1178,2023-01-18 09:06:00,31.35025912,77.9600391,RD-185,121,89,Bike,Medium,Clear,6227,Slippery,No,None,No,23.21,45.19,2023,1,18,9,Wednesday,0,0
1179,2022-11-01 03:55:00,20.52718488,87.10383654,RD-411,476,56,Bike,High,Snow,3616,Dry,No,None,No,42.83,63.32,2022,11,1,3,Tuesday,0,0
1180,2018-04-15 13:39:00,15.40180479,96.87138215,RD-347,451,41,Truck,Low,Rain,8231,Slippery,No,None,No,36.24,61.65,2018,4,15,13,Sunday,0,0
1181,2018-01-22 04:41:00,35.04805456,81.78551092,RD-161,280,29,Mixed,Low,Storm,7635,Wet,No,None,No,48.89,69.33,2018,1,22,4,Monday,0,0
1182,2019-01-16 11:54:00,26.48329084,74.23640503,RD-219,323,43,Truck,Medium,Snow,6042,Wet,No,None,No,30.26,43.99,2019,1,16,11,Wednesday,0,0
1183,2020-09-10 15:06:00,31.36572661,74.27656856,RD-379,160,71,Truck,Very High,Rain,1692,Under Maintenance,Yes,None,No,38.98,81.86,2020,9,10,15,Thursday,1,0
1184,2020-08-25 13:44:00,8.710554662,69.75091027,RD-60,416,23,Truck,Medium,Fog,1523,Wet,No,None,No,47.96,48.56,2020,8,25,13,Tuesday,0,0
1185,2020-06-28 10:18:00,17.84076091,90.24538673,RD-49,350,75,Car,Low,Snow,402,Slippery,No,None,No,23.08,71.65,2020,6,28,10,Sunday,0,0
1186,2022-09-08 20:36:00,21.30801017,76.50950886,RD-436,419,85,Bus,Low,Rain,2848,Dry,No,None,No,48.12,30.97,2022,9,8,20,Thursday,0,0
1187,2022-10-12 17:58:00,25.03522507,73.00904711,RD-389,246,81,Truck,High,Storm,8008,Slippery,No,None,No,40.64,52.36,2022,10,12,17,Wednesday,0,0
1188,2023-06-09 11:25:00,13.50918471,88.69718498,RD-456,171,28,Bus,Medium,Clear,7594,Dry,No,None,No,22.04,51.1,2023,6,9,11,Friday,0,0
1189,2023-06-28 01:31:00,22.44065303,76.9649626,RD-24,390,55,Truck,High,Rain,2352,Under Maintenance,No,None,Yes,29.03,62.61,2023,6,28,1,Wednesday,0,1
1190,2022-09-12 08:30:00,27.88313566,85.41359948,RD-5,306,49,Mixed,Very High,Snow,3874,Under Maintenance,No,None,Yes,41.25,34.36,2022,9,12,8,Monday,0,1
1191,2022-11-20 20:08:00,18.03040564,80.1169602,RD-437,470,12,Mixed,High,Storm,9109,Wet,No,None,No,22.02,77.41,2022,11,20,20,Sunday,0,0
1192,2018-03-26 14:02:00,28.05182389,77.69042916,RD-71,322,76,Truck,High,Clear,4094,Under Maintenance,No,None,No,37.47,43.07,2018,3,26,14,Monday,0,0
1193,2023-09-18 21:03:00,19.29996717,82.19345827,RD-340,290,49,Bike,High,Storm,5303,Under Maintenance,Yes,Major,No,30.38,70.62,2023,9,18,21,Monday,1,0
1194,2021-03-03 12:36:00,21.61443867,77.10000394,RD-332,447,6,Bus,Very High,Clear,8266,Wet,No,None,Yes,38.63,78.19,2021,3,3,12,Wednesday,0,1
1195,2019-10-30 10:39:00,11.89449412,93.24638266,RD-88,53,34,Mixed,High,Fog,9478,Slippery,No,None,Yes,21.37,63.71,2019,10,30,10,Wednesday,0,1
1196,2018-09-08 17:46:00,26.88696242,70.11816883,RD-169,490,71,Car,Low,Fog,4400,Dry,Yes,Minor,No,46.15,74.45,2018,9,8,17,Saturday,1,0
1197,2023-02-17 18:08:00,14.50399495,68.87445512,RD-184,229,49,Bike,Very High,Storm,6884,Dry,No,None,Yes,49.2,69.71,2023,2,17,18,Friday,0,1
1198,2019-04-11 03:53:00,32.03665374,79.78539779,RD-458,150,30,Mixed,High,Clear,472,Dry,No,None,No,49.07,51.33,2019,4,11,3,Thursday,0,0
1199,2021-08-14 01:06:00,24.04985776,73.01246541,RD-225,63,21,Bike,Medium,Clear,9528,Slippery,Yes,None,No,42.49,78.53,2021,8,14,1,Saturday,1,0
1200,2019-05-18 18:56:00,24.24744574,89.5680672,RD-490,36,42,Bus,Medium,Rain,5707,Under Maintenance,No,None,No,23.9,47.68,2019,5,18,18,Saturday,0,0
1201,2021-10-22 04:34:00,34.46181915,78.24958341,RD-319,17,71,Bike,High,Rain,6917,Dry,No,None,No,42.75,64.27,2021,10,22,4,Friday,0,0
1202,2019-04-25 08:05:00,12.85467863,75.58169365,RD-138,493,61,Car,Medium,Fog,8757,Under Maintenance,No,None,Yes,20.74,74.72,2019,4,25,8,Thursday,0,1
1203,2023-03-22 17:49:00,23.37680566,78.42206243,RD-450,180,37,Bike,Medium,Fog,4757,Under Maintenance,No,None,No,20.66,52.74,2023,3,22,17,Wednesday,0,0
1204,2020-01-26 10:02:00,19.0839453,74.36503401,RD-376,385,98,Mixed,Very High,Clear,1685,Under Maintenance,No,None,Yes,29.71,48.17,2020,1,26,10,Sunday,0,1
1205,2021-12-16 15:55:00,36.02339818,76.68992189,RD-48,207,83,Car,Very High,Clear,1808,Under Maintenance,No,None,No,34.66,57.56,2021,12,16,15,Thursday,0,0
1206,2020-01-09 18:01:00,30.98870736,84.47157328,RD-191,86,76,Bus,Low,Snow,5129,Slippery,No,None,No,43.11,79.08,2020,1,9,18,Thursday,0,0
1207,2019-11-22 02:07:00,29.96752507,93.05694383,RD-418,349,98,Mixed,Very High,Rain,3532,Wet,No,None,No,40.5,85.8,2019,11,22,2,Friday,0,0
1208,2023-12-02 20:48:00,13.91951933,78.75521141,RD-176,192,68,Bus,Low,Clear,935,Wet,No,None,No,33.38,62.71,2023,12,2,20,Saturday,0,0
1209,2023-05-08 09:47:00,14.88237413,77.29948154,RD-94,201,27,Truck,High,Clear,7792,Wet,No,None,No,28.21,69.69,2023,5,8,9,Monday,0,0
1210,2021-05-18 15:19:00,8.846243994,90.67190648,RD-59,14,16,Mixed,Very High,Fog,2640,Under Maintenance,No,None,No,49.91,84.2,2021,5,18,15,Tuesday,0,0
1211,2023-07-19 13:37:00,26.5175255,68.65036512,RD-206,68,107,Bike,Low,Storm,9523,Under Maintenance,No,None,No,32.79,35.91,2023,7,19,13,Wednesday,0,0
1212,2020-10-07 10:23:00,18.75422607,76.76021344,RD-205,246,116,Bus,Very High,Fog,651,Wet,Yes,Minor,No,33.54,43.92,2020,10,7,10,Wednesday,1,0
1213,2019-01-07 22:43:00,17.04918014,81.11295374,RD-493,164,12,Bike,High,Clear,2698,Under Maintenance,No,None,No,24.91,72.53,2019,1,7,22,Monday,0,0
1214,2022-02-23 01:34:00,26.47390554,85.41918863,RD-234,28,77,Car,Medium,Rain,7388,Under Maintenance,No,None,No,43.84,79.42,2022,2,23,1,Wednesday,0,0
1215,2021-01-10 03:40:00,32.03194084,72.52578436,RD-140,74,76,Bus,Medium,Storm,3310,Slippery,Yes,None,No,40.81,81.42,2021,1,10,3,Sunday,1,0
1216,2021-03-30 08:13:00,11.85785683,80.55277754,RD-428,333,42,Bus,Low,Snow,9125,Slippery,No,None,No,26.62,54.91,2021,3,30,8,Tuesday,0,0
1217,2019-09-08 22:14:00,34.64118216,84.42271354,RD-198,331,37,Car,Very High,Fog,1416,Slippery,No,None,No,22.47,35.36,2019,9,8,22,Sunday,0,0
1218,2021-03-29 21:04:00,8.993865644,82.7972633,RD-354,245,52,Car,Medium,Snow,1879,Wet,No,None,No,40.41,56.27,2021,3,29,21,Monday,0,0
1219,2018-06-29 03:08:00,10.75808387,84.66198126,RD-436,163,101,Car,Very High,Rain,6080,Wet,No,None,No,39.64,43.84,2018,6,29,3,Friday,0,0
1220,2020-09-23 14:07:00,32.30571603,87.20954976,RD-245,298,49,Car,High,Storm,3482,Dry,No,None,No,28.2,47.47,2020,9,23,14,Wednesday,0,0
1221,2020-10-18 19:59:00,22.28841098,79.0018074,RD-410,245,79,Truck,High,Rain,9502,Slippery,No,None,No,48.53,76.34,2020,10,18,19,Sunday,0,0
1222,2022-07-06 22:37:00,35.23839077,69.84543651,RD-216,246,27,Bus,Low,Storm,1897,Dry,No,None,No,24.53,34.53,2022,7,6,22,Wednesday,0,0
1223,2021-05-03 00:50:00,21.3879369,69.61113219,RD-333,431,111,Truck,Medium,Snow,6329,Wet,No,None,Yes,32.97,79.65,2021,5,3,0,Monday,0,1
1224,2018-11-28 09:44:00,34.85756659,92.90272476,RD-454,400,119,Truck,Medium,Snow,3884,Dry,No,None,Yes,48.31,55.66,2018,11,28,9,Wednesday,0,1
1225,2019-06-19 14:23:00,14.94925914,87.64515729,RD-409,230,119,Bike,High,Rain,7774,Under Maintenance,No,None,No,32.59,65.76,2019,6,19,14,Wednesday,0,0
1226,2019-12-13 23:02:00,25.87703906,90.16135579,RD-86,253,47,Bus,High,Storm,4391,Under Maintenance,No,None,No,39.16,35.38,2019,12,13,23,Friday,0,0
1227,2020-12-15 07:17:00,36.83957209,94.93533398,RD-58,14,29,Bus,Low,Snow,5527,Wet,No,None,No,31.93,50.24,2020,12,15,7,Tuesday,0,0
1228,2020-05-07 06:59:00,18.90582143,89.7657877,RD-68,146,19,Bus,Low,Storm,1418,Under Maintenance,No,None,No,28.23,35.38,2020,5,7,6,Thursday,0,0
1229,2021-11-08 22:25:00,8.042185851,88.07673678,RD-357,406,14,Bus,Low,Snow,7330,Under Maintenance,No,None,No,49.52,87.69,2021,11,8,22,Monday,0,0
1230,2019-09-10 03:07:00,9.857513959,87.01699763,RD-372,247,24,Car,Low,Clear,6477,Dry,No,None,No,32.28,78.44,2019,9,10,3,Tuesday,0,0
1231,2020-08-31 14:40:00,32.9127285,75.49862816,RD-31,433,20,Mixed,Very High,Snow,1301,Under Maintenance,No,None,No,46.82,57.58,2020,8,31,14,Monday,0,0
1232,2020-08-13 17:55:00,22.26468342,95.76152808,RD-483,57,103,Bike,High,Clear,8272,Slippery,No,None,No,26.9,43.42,2020,8,13,17,Thursday,0,0
1233,2023-02-20 22:21:00,23.56482775,83.71928493,RD-433,55,102,Bike,Very High,Rain,3833,Wet,No,None,No,26.39,86.01,2023,2,20,22,Monday,0,0
1234,2019-07-25 12:05:00,31.18335704,74.44014294,RD-82,73,89,Car,Low,Clear,7859,Slippery,No,None,No,20.93,50.68,2019,7,25,12,Thursday,0,0
1235,2022-06-14 15:59:00,31.53579125,74.08496012,RD-54,201,61,Truck,High,Rain,7943,Slippery,No,None,No,39.55,39.66,2022,6,14,15,Tuesday,0,0
1236,2021-05-12 13:25:00,21.84521793,91.64271143,RD-214,38,50,Mixed,Medium,Clear,5242,Dry,No,None,No,31.06,63.79,2021,5,12,13,Wednesday,0,0
1237,2022-11-01 19:55:00,32.88376253,75.25604944,RD-467,27,115,Bike,Low,Rain,4844,Under Maintenance,No,None,No,45.93,86.63,2022,11,1,19,Tuesday,0,0
1238,2020-04-01 16:27:00,21.58432379,69.20136554,RD-303,167,108,Truck,High,Snow,5269,Wet,No,None,Yes,34.2,30.23,2020,4,1,16,Wednesday,0,1
1239,2020-01-09 16:53:00,27.57561986,80.42395591,RD-248,211,5,Bus,Medium,Fog,5263,Dry,No,None,No,49.05,44.29,2020,1,9,16,Thursday,0,0
1240,2022-02-01 19:05:00,8.967493101,91.70316319,RD-411,28,29,Mixed,Very High,Fog,9323,Under Maintenance,No,None,No,25.57,86.31,2022,2,1,19,Tuesday,0,0
1241,2021-09-30 18:36:00,12.00198222,80.01874959,RD-292,185,60,Mixed,Low,Fog,933,Slippery,No,None,No,46.06,40.27,2021,9,30,18,Thursday,0,0
1242,2020-06-23 18:34:00,32.69118108,91.30287975,RD-348,274,50,Bus,Very High,Clear,7127,Wet,Yes,Minor,No,43.3,36.79,2020,6,23,18,Tuesday,1,0
1243,2020-03-07 14:12:00,17.08043425,91.9891183,RD-225,222,63,Bike,Very High,Fog,2428,Dry,No,None,Yes,43.13,64.21,2020,3,7,14,Saturday,0,1
1244,2020-10-22 19:27:00,17.70757428,92.87350772,RD-93,10,66,Mixed,Low,Rain,7745,Slippery,No,None,No,45.34,81.71,2020,10,22,19,Thursday,0,0
1245,2023-03-02 22:25:00,27.22674472,85.07809538,RD-313,242,82,Car,High,Clear,7846,Slippery,Yes,Fatal,No,42.83,58.63,2023,3,2,22,Thursday,1,0
1246,2020-05-19 08:47:00,25.18360637,88.28465234,RD-195,257,65,Car,High,Clear,358,Dry,No,None,No,38.79,89.67,2020,5,19,8,Tuesday,0,0
1247,2018-09-20 01:27:00,10.38347058,75.59391276,RD-399,227,87,Car,Very High,Snow,2922,Slippery,No,None,No,23.94,70.75,2018,9,20,1,Thursday,0,0
1248,2022-08-28 02:01:00,30.20718599,70.89124035,RD-184,471,12,Mixed,High,Rain,8812,Under Maintenance,No,None,No,20.98,34.44,2022,8,28,2,Sunday,0,0
1249,2022-05-10 00:34:00,25.89945046,83.4506352,RD-314,48,45,Bike,Low,Rain,8341,Slippery,No,None,No,47.63,89.57,2022,5,10,0,Tuesday,0,0
1250,2021-07-29 03:09:00,32.80462373,68.30687489,RD-15,230,19,Truck,Very High,Snow,7616,Dry,No,None,No,38.5,54.47,2021,7,29,3,Thursday,0,0
1251,2018-02-18 12:50:00,23.52941039,81.50639768,RD-442,64,48,Bike,Medium,Storm,4022,Under Maintenance,No,None,No,43.9,47.24,2018,2,18,12,Sunday,0,0
1252,2023-07-21 14:47:00,20.01542024,70.96071498,RD-351,257,86,Truck,Very High,Snow,1285,Dry,No,None,No,34.45,63.47,2023,7,21,14,Friday,0,0
1253,2021-02-03 16:45:00,18.76887327,71.14418869,RD-451,317,5,Mixed,Low,Storm,366,Under Maintenance,No,None,Yes,23.52,48.26,2021,2,3,16,Wednesday,0,1
1254,2020-05-07 01:07:00,8.128148861,93.25271906,RD-430,464,115,Bus,Low,Fog,6560,Slippery,No,None,No,23.76,35.19,2020,5,7,1,Thursday,0,0
1255,2023-06-11 12:58:00,9.153742457,86.57502758,RD-373,329,101,Truck,High,Fog,7366,Dry,No,None,Yes,40.57,30.09,2023,6,11,12,Sunday,0,1
1256,2021-04-09 06:58:00,11.80513133,86.71179466,RD-499,33,69,Truck,Medium,Fog,446,Slippery,No,None,Yes,32.91,56.98,2021,4,9,6,Friday,0,1
1257,2020-04-24 18:11:00,34.95658422,79.72982359,RD-457,292,38,Bike,Low,Fog,7012,Under Maintenance,No,None,No,26.02,80.21,2020,4,24,18,Friday,0,0
1258,2022-06-14 05:10:00,33.53886544,79.98437539,RD-67,243,8,Mixed,Very High,Snow,4039,Wet,No,None,No,34.75,64.34,2022,6,14,5,Tuesday,0,0
1259,2022-05-05 09:58:00,22.41869429,76.79012309,RD-248,380,85,Bike,High,Fog,5327,Under Maintenance,No,None,No,21.93,89.95,2022,5,5,9,Thursday,0,0
1260,2018-06-09 15:54:00,13.22569541,80.59639747,RD-472,75,6,Mixed,Very High,Snow,9775,Slippery,Yes,None,No,37.46,47.21,2018,6,9,15,Saturday,1,0
1261,2018-03-25 12:36:00,12.23722946,85.02662678,RD-250,203,43,Truck,Low,Rain,3685,Dry,No,None,No,28.07,46.83,2018,3,25,12,Sunday,0,0
1262,2021-01-02 13:24:00,15.42778721,73.41108267,RD-58,128,58,Bus,High,Rain,8816,Under Maintenance,No,None,No,43.93,39.58,2021,1,2,13,Saturday,0,0
1263,2021-03-12 16:31:00,34.35296204,75.58881996,RD-455,258,14,Mixed,Low,Clear,2902,Dry,No,None,No,29.31,39.84,2021,3,12,16,Friday,0,0
1264,2020-11-30 04:58:00,23.12257371,82.34786415,RD-211,71,46,Truck,High,Rain,6270,Slippery,No,None,No,33.66,47.11,2020,11,30,4,Monday,0,0
1265,2021-10-14 17:52:00,31.3172135,79.15862876,RD-226,409,49,Bus,Low,Storm,7700,Slippery,No,None,No,20.35,77.57,2021,10,14,17,Thursday,0,0
1266,2022-02-03 08:46:00,22.69587628,91.76510889,RD-24,149,105,Bike,High,Storm,2168,Slippery,No,None,Yes,22.17,84.35,2022,2,3,8,Thursday,0,1
1267,2022-10-24 05:16:00,25.67397222,91.82892379,RD-33,49,30,Bike,Low,Fog,4308,Under Maintenance,Yes,None,No,31.77,88.51,2022,10,24,5,Monday,1,0
1268,2020-06-08 00:59:00,25.69297584,77.74376918,RD-134,227,31,Mixed,Very High,Clear,3801,Wet,No,None,No,34.4,43.94,2020,6,8,0,Monday,0,0
1269,2021-01-02 06:13:00,8.908795516,81.07306312,RD-336,19,43,Mixed,Very High,Snow,8320,Dry,Yes,Major,No,38.0,82.88,2021,1,2,6,Saturday,1,0
1270,2020-05-01 08:28:00,20.91278702,96.32103744,RD-161,457,29,Mixed,Very High,Snow,1231,Wet,No,None,No,28.75,49.7,2020,5,1,8,Friday,0,0
1271,2019-09-27 02:48:00,33.05742207,91.99680642,RD-7,64,33,Bike,Medium,Snow,8143,Dry,No,None,Yes,40.85,36.77,2019,9,27,2,Friday,0,1
1272,2018-05-04 11:19:00,22.18386032,74.25415208,RD-361,344,114,Mixed,Medium,Fog,1283,Wet,No,None,No,45.8,82.2,2018,5,4,11,Friday,0,0
1273,2022-11-24 20:28:00,20.62472722,76.12664034,RD-445,98,86,Truck,High,Clear,6970,Under Maintenance,No,None,No,43.4,68.17,2022,11,24,20,Thursday,0,0
1274,2020-05-04 17:03:00,23.26982165,70.42092981,RD-348,13,26,Car,Medium,Rain,8947,Under Maintenance,No,None,No,21.19,39.88,2020,5,4,17,Monday,0,0
1275,2023-10-10 13:24:00,19.0422441,87.65687114,RD-269,483,119,Car,Medium,Rain,303,Slippery,No,None,No,34.42,55.79,2023,10,10,13,Tuesday,0,0
1276,2023-07-16 03:25:00,22.94659906,77.1899637,RD-393,262,94,Mixed,Low,Fog,1658,Wet,No,None,No,23.15,47.24,2023,7,16,3,Sunday,0,0
1277,2018-09-27 07:40:00,11.92499967,83.56126043,RD-381,392,64,Truck,Medium,Storm,1435,Under Maintenance,No,None,No,27.26,74.21,2018,9,27,7,Thursday,0,0
1278,2018-07-21 13:32:00,36.07045678,90.27612618,RD-296,32,94,Truck,Medium,Snow,1450,Slippery,No,None,No,49.6,57.2,2018,7,21,13,Saturday,0,0
1279,2023-07-31 04:24:00,8.98976826,92.24501695,RD-371,110,56,Truck,Medium,Storm,5455,Dry,No,None,No,24.27,89.36,2023,7,31,4,Monday,0,0
1280,2022-11-19 12:14:00,22.0130155,77.43556598,RD-290,58,89,Bus,Medium,Rain,1647,Slippery,No,None,No,34.97,33.28,2022,11,19,12,Saturday,0,0
1281,2023-09-08 17:22:00,14.08978344,74.88016118,RD-115,371,25,Truck,High,Fog,7315,Dry,No,None,No,38.54,51.3,2023,9,8,17,Friday,0,0
1282,2023-05-18 06:13:00,9.692318372,92.60755481,RD-490,269,110,Bike,Medium,Storm,1974,Dry,No,None,Yes,41.07,58.91,2023,5,18,6,Thursday,0,1
1283,2021-07-02 16:19:00,26.89945598,79.05685354,RD-343,394,12,Bike,High,Rain,8680,Slippery,No,None,Yes,36.79,60.19,2021,7,2,16,Friday,0,1
1284,2021-01-22 20:33:00,36.57025649,91.83794607,RD-448,458,70,Truck,Very High,Fog,2100,Under Maintenance,No,None,No,20.29,48.96,2021,1,22,20,Friday,0,0
1285,2019-05-29 10:40:00,29.73854367,72.34313137,RD-174,176,114,Car,Medium,Snow,5062,Dry,No,None,Yes,29.79,73.75,2019,5,29,10,Wednesday,0,1
1286,2018-12-07 12:09:00,15.36659935,94.4453729,RD-266,396,102,Bus,Very High,Clear,8446,Dry,No,None,Yes,35.53,82.48,2018,12,7,12,Friday,0,1
1287,2021-10-18 03:59:00,22.30828281,82.01064406,RD-268,249,80,Bike,Low,Rain,3584,Dry,No,None,Yes,22.64,86.32,2021,10,18,3,Monday,0,1
1288,2021-02-16 11:13:00,9.443665123,72.93386831,RD-353,322,117,Bike,Medium,Clear,2573,Wet,No,None,No,30.52,78.31,2021,2,16,11,Tuesday,0,0
1289,2018-04-22 14:50:00,23.41843748,83.51697636,RD-359,324,22,Bike,Low,Fog,4437,Wet,No,None,No,21.0,81.03,2018,4,22,14,Sunday,0,0
1290,2020-04-18 12:33:00,10.88443275,93.23046348,RD-317,121,85,Bus,Very High,Rain,8611,Dry,Yes,Major,Yes,22.36,63.03,2020,4,18,12,Saturday,1,1
1291,2019-10-05 22:56:00,31.04362164,79.29042699,RD-49,216,19,Truck,Very High,Snow,7904,Wet,No,None,Yes,31.91,79.55,2019,10,5,22,Saturday,0,1
1292,2022-06-24 09:44:00,9.644485571,73.1637837,RD-222,256,7,Bus,Medium,Snow,2158,Wet,No,None,No,23.98,48.21,2022,6,24,9,Friday,0,0
1293,2020-03-20 01:05:00,8.271468011,84.72012879,RD-339,244,89,Truck,Medium,Fog,1502,Under Maintenance,No,None,Yes,37.03,53.91,2020,3,20,1,Friday,0,1
1294,2020-01-25 09:49:00,32.98515412,92.19954624,RD-373,383,87,Mixed,Low,Clear,2930,Slippery,No,None,No,40.68,49.01,2020,1,25,9,Saturday,0,0
1295,2020-04-29 00:25:00,35.33372412,71.51925951,RD-128,283,63,Bike,High,Storm,9262,Slippery,No,None,No,44.02,58.04,2020,4,29,0,Wednesday,0,0
1296,2018-01-17 07:30:00,10.51006673,69.20084092,RD-247,158,59,Car,Very High,Snow,1368,Under Maintenance,No,None,Yes,26.0,47.13,2018,1,17,7,Wednesday,0,1
1297,2022-05-06 07:30:00,16.08858311,69.63251131,RD-178,65,36,Bus,Very High,Clear,1217,Dry,No,None,No,25.02,87.7,2022,5,6,7,Friday,0,0
1298,2018-06-27 20:22:00,29.50922107,74.68417287,RD-340,189,15,Bus,Low,Clear,6115,Slippery,No,None,No,23.14,48.77,2018,6,27,20,Wednesday,0,0
1299,2022-12-25 12:49:00,23.64995049,68.21175804,RD-347,391,86,Bike,High,Rain,2265,Dry,No,None,No,39.09,35.88,2022,12,25,12,Sunday,0,0
1300,2022-10-09 19:19:00,35.52786758,80.43151031,RD-329,401,57,Bike,Low,Storm,1431,Dry,No,None,No,41.19,61.61,2022,10,9,19,Sunday,0,0
1301,2023-11-07 11:43:00,19.28622032,88.23473416,RD-198,290,33,Car,Very High,Fog,1627,Under Maintenance,No,None,Yes,20.95,33.43,2023,11,7,11,Tuesday,0,1
1302,2021-06-04 19:53:00,8.096363789,88.60328749,RD-77,169,71,Car,Very High,Snow,4932,Slippery,Yes,None,Yes,48.09,36.63,2021,6,4,19,Friday,1,1
1303,2019-01-19 02:59:00,8.572623545,86.46463417,RD-430,385,118,Bike,Medium,Storm,8734,Under Maintenance,No,None,Yes,21.56,43.16,2019,1,19,2,Saturday,0,1
1304,2023-05-01 13:34:00,24.38077923,76.5898039,RD-424,79,8,Truck,High,Clear,8544,Slippery,No,None,No,36.24,57.86,2023,5,1,13,Monday,0,0
1305,2022-10-18 04:26:00,29.81105654,89.34219347,RD-286,305,96,Bike,High,Storm,5174,Under Maintenance,No,None,No,41.27,56.0,2022,10,18,4,Tuesday,0,0
1306,2023-12-23 05:44:00,30.92789352,84.71813946,RD-457,349,13,Car,Medium,Rain,7245,Slippery,No,None,No,46.13,77.98,2023,12,23,5,Saturday,0,0
1307,2020-03-24 12:15:00,34.43399413,92.97419671,RD-314,250,61,Bike,High,Rain,5039,Dry,No,None,No,41.42,74.37,2020,3,24,12,Tuesday,0,0
1308,2020-06-15 17:06:00,14.64316169,81.86215995,RD-28,422,42,Car,Low,Clear,356,Dry,No,None,No,44.05,55.58,2020,6,15,17,Monday,0,0
1309,2018-01-31 02:44:00,29.41377126,73.22427199,RD-6,206,11,Mixed,High,Clear,6352,Under Maintenance,No,None,No,30.18,50.02,2018,1,31,2,Wednesday,0,0
1310,2018-12-03 13:29:00,31.98584476,86.40493216,RD-330,172,69,Truck,Very High,Fog,3413,Wet,No,None,No,44.44,48.99,2018,12,3,13,Monday,0,0
1311,2022-09-15 18:31:00,32.25198519,72.37274265,RD-479,92,39,Car,Low,Snow,7284,Dry,No,None,No,22.4,76.44,2022,9,15,18,Thursday,0,0
1312,2020-04-12 23:09:00,19.9347635,95.93120049,RD-81,112,51,Bus,Low,Snow,982,Slippery,No,None,Yes,46.84,33.12,2020,4,12,23,Sunday,0,1
1313,2022-06-27 10:32:00,26.1535072,88.3952705,RD-259,469,38,Bus,Very High,Storm,6199,Dry,No,None,No,36.43,30.77,2022,6,27,10,Monday,0,0
1314,2022-06-24 21:55:00,23.9953938,89.93333474,RD-435,170,67,Truck,Medium,Snow,5178,Slippery,Yes,None,No,44.52,77.73,2022,6,24,21,Friday,1,0
1315,2020-10-04 00:28:00,25.32709211,87.69878483,RD-241,364,13,Truck,Very High,Clear,6644,Slippery,No,None,No,33.57,58.63,2020,10,4,0,Sunday,0,0
1316,2018-04-29 11:59:00,16.17890584,70.82922753,RD-437,371,94,Bus,Medium,Storm,1415,Under Maintenance,No,None,No,39.31,37.85,2018,4,29,11,Sunday,0,0
1317,2022-02-23 12:59:00,27.813799,81.49369476,RD-254,111,76,Mixed,Medium,Snow,4595,Dry,No,None,No,35.79,44.13,2022,2,23,12,Wednesday,0,0
1318,2022-05-03 13:58:00,28.590502,86.89104204,RD-446,249,23,Mixed,Low,Fog,3792,Under Maintenance,No,None,No,41.95,85.95,2022,5,3,13,Tuesday,0,0
1319,2019-04-02 05:44:00,13.68250315,74.65132032,RD-85,439,30,Car,High,Clear,547,Slippery,No,None,No,22.45,81.57,2019,4,2,5,Tuesday,0,0
1320,2018-04-16 06:28:00,20.86534072,87.7055611,RD-39,209,50,Truck,Low,Clear,2735,Under Maintenance,No,None,No,21.81,72.59,2018,4,16,6,Monday,0,0
1321,2020-04-25 04:16:00,20.24106171,91.77667878,RD-385,495,60,Bus,Very High,Snow,1875,Dry,No,None,No,27.41,58.93,2020,4,25,4,Saturday,0,0
1322,2022-02-21 05:22:00,29.7195688,75.9729694,RD-252,168,14,Truck,High,Fog,4674,Under Maintenance,No,None,No,24.79,61.22,2022,2,21,5,Monday,0,0
1323,2022-03-11 20:33:00,27.32858875,73.78849571,RD-165,212,47,Bus,Low,Fog,5699,Slippery,No,None,No,46.15,88.51,2022,3,11,20,Friday,0,0
1324,2023-09-07 12:34:00,21.80967909,93.61163936,RD-124,333,34,Bus,Medium,Rain,923,Dry,No,None,No,26.58,87.95,2023,9,7,12,Thursday,0,0
1325,2019-12-06 06:16:00,26.92340798,68.15064029,RD-170,433,44,Car,Medium,Clear,7466,Under Maintenance,No,None,No,49.28,42.92,2019,12,6,6,Friday,0,0
1326,2020-10-02 21:08:00,15.62298655,75.4166644,RD-497,206,104,Truck,Low,Clear,1105,Wet,No,None,No,30.11,78.67,2020,10,2,21,Friday,0,0
1327,2021-01-23 13:21:00,14.73808859,79.79518155,RD-143,51,59,Mixed,Very High,Snow,9813,Dry,No,None,No,25.46,41.83,2021,1,23,13,Saturday,0,0
1328,2022-05-19 23:49:00,14.95766993,87.49553184,RD-26,223,62,Truck,High,Snow,2324,Slippery,No,None,No,43.69,42.81,2022,5,19,23,Thursday,0,0
1329,2022-07-14 23:10:00,8.855432585,96.91484134,RD-260,181,35,Bus,Low,Fog,8385,Under Maintenance,No,None,No,39.76,70.57,2022,7,14,23,Thursday,0,0
1330,2021-11-30 10:34:00,28.04121158,78.75373345,RD-115,262,76,Mixed,Medium,Clear,5860,Slippery,No,None,No,34.95,54.3,2021,11,30,10,Tuesday,0,0
1331,2022-12-30 18:33:00,36.58959453,95.51545306,RD-282,26,110,Bus,Medium,Snow,5071,Under Maintenance,No,None,No,36.66,85.89,2022,12,30,18,Friday,0,0
1332,2022-01-31 13:27:00,16.9619321,78.63645418,RD-330,157,51,Truck,Medium,Fog,4511,Under Maintenance,No,None,No,41.58,35.34,2022,1,31,13,Monday,0,0
1333,2021-11-10 02:26:00,34.96516749,88.17034844,RD-194,125,81,Bus,Very High,Clear,3724,Dry,No,None,Yes,26.85,60.69,2021,11,10,2,Wednesday,0,1
1334,2020-05-03 17:20:00,25.58973567,72.7956435,RD-207,389,41,Bike,High,Rain,7843,Under Maintenance,No,None,Yes,49.89,85.11,2020,5,3,17,Sunday,0,1
1335,2020-01-16 03:04:00,14.52309369,81.3518279,RD-419,213,98,Mixed,Low,Clear,2313,Slippery,No,None,No,49.24,84.25,2020,1,16,3,Thursday,0,0
1336,2020-11-22 01:22:00,8.344074477,93.26693204,RD-121,190,61,Car,High,Rain,3740,Wet,No,None,No,39.51,39.39,2020,11,22,1,Sunday,0,0
1337,2021-12-14 00:48:00,28.98821143,77.27983702,RD-41,309,83,Bike,Low,Clear,3234,Under Maintenance,No,None,No,25.99,52.0,2021,12,14,0,Tuesday,0,0
1338,2021-12-29 23:16:00,28.20065281,71.05087536,RD-236,410,61,Bus,Very High,Fog,7792,Dry,No,None,No,40.41,67.15,2021,12,29,23,Wednesday,0,0
1339,2022-01-22 05:17:00,14.64834665,83.15868674,RD-228,292,103,Truck,Low,Clear,8017,Wet,No,None,No,22.17,39.56,2022,1,22,5,Saturday,0,0
1340,2023-10-22 07:33:00,17.64844759,80.7465059,RD-411,160,7,Bus,Medium,Snow,1120,Wet,No,None,No,20.92,88.08,2023,10,22,7,Sunday,0,0
1341,2018-07-07 14:03:00,34.04335544,74.65664927,RD-294,255,33,Car,Medium,Fog,4065,Dry,No,None,No,27.73,84.88,2018,7,7,14,Saturday,0,0
1342,2022-09-17 06:11:00,12.55976602,94.26284156,RD-230,67,92,Truck,Very High,Rain,2875,Wet,No,None,Yes,33.88,40.02,2022,9,17,6,Saturday,0,1
1343,2021-07-14 11:49:00,32.22787218,85.44891541,RD-46,206,49,Mixed,High,Clear,653,Under Maintenance,No,None,No,46.05,37.27,2021,7,14,11,Wednesday,0,0
1344,2023-06-04 05:17:00,12.90747983,78.06803503,RD-439,250,91,Mixed,Medium,Rain,4807,Slippery,No,None,No,41.82,35.12,2023,6,4,5,Sunday,0,0
1345,2021-03-23 19:32:00,21.97008694,96.88780593,RD-256,193,77,Bus,Low,Snow,9774,Under Maintenance,No,None,No,42.28,84.57,2021,3,23,19,Tuesday,0,0
1346,2021-11-26 19:02:00,22.46999334,71.98941989,RD-229,101,6,Bike,Medium,Fog,1875,Under Maintenance,No,None,Yes,32.76,41.62,2021,11,26,19,Friday,0,1
1347,2020-08-19 23:50:00,21.69059975,92.59059386,RD-162,110,19,Truck,Low,Rain,5076,Wet,No,None,Yes,30.38,54.98,2020,8,19,23,Wednesday,0,1
1348,2022-08-24 22:21:00,16.3499575,74.68812314,RD-61,103,100,Bike,High,Storm,4377,Slippery,No,None,No,31.13,56.93,2022,8,24,22,Wednesday,0,0
1349,2021-04-07 15:37:00,15.34757714,74.94569888,RD-255,438,22,Bus,Medium,Clear,9100,Wet,No,None,No,49.63,65.94,2021,4,7,15,Wednesday,0,0
1350,2022-03-25 21:14:00,29.2614883,82.44670375,RD-382,422,33,Truck,Medium,Rain,1254,Dry,No,None,No,21.2,34.3,2022,3,25,21,Friday,0,0
1351,2023-12-20 18:43:00,15.99463019,87.19631712,RD-335,407,44,Mixed,Low,Storm,598,Under Maintenance,No,None,No,46.01,43.61,2023,12,20,18,Wednesday,0,0
1352,2023-03-10 08:42:00,25.68754576,88.02342983,RD-10,401,7,Mixed,Very High,Storm,4265,Slippery,No,None,No,37.36,85.89,2023,3,10,8,Friday,0,0
1353,2018-10-18 19:58:00,32.55255093,68.64170145,RD-53,55,101,Bus,Very High,Snow,8076,Wet,No,None,Yes,33.16,84.5,2018,10,18,19,Thursday,0,1
1354,2022-08-31 09:38:00,32.2739989,76.31888064,RD-207,164,62,Truck,Medium,Rain,2239,Slippery,No,None,No,41.76,76.88,2022,8,31,9,Wednesday,0,0
1355,2022-11-27 09:28:00,12.84739084,87.15751818,RD-212,79,75,Bus,High,Snow,471,Dry,No,None,No,34.6,31.16,2022,11,27,9,Sunday,0,0
1356,2019-05-29 20:56:00,26.98739165,93.80230902,RD-19,400,98,Mixed,High,Clear,6211,Under Maintenance,Yes,Major,No,46.2,49.62,2019,5,29,20,Wednesday,1,0
1357,2021-08-13 10:47:00,25.46609482,87.42683576,RD-286,291,95,Car,Very High,Fog,6640,Slippery,Yes,None,No,47.02,67.68,2021,8,13,10,Friday,1,0
1358,2018-07-06 07:40:00,16.17755081,75.71055813,RD-282,435,42,Bike,Medium,Storm,9803,Slippery,No,None,No,32.65,46.51,2018,7,6,7,Friday,0,0
1359,2020-08-18 20:15:00,19.35216545,82.72540972,RD-1,39,33,Bus,Very High,Rain,3112,Slippery,No,None,No,28.3,84.58,2020,8,18,20,Tuesday,0,0
1360,2021-06-26 23:00:00,16.26827771,86.77971614,RD-423,218,35,Car,Low,Clear,4643,Wet,Yes,Major,Yes,37.77,68.03,2021,6,26,23,Saturday,1,1
1361,2019-04-10 10:18:00,23.57488964,71.92484118,RD-47,271,69,Mixed,High,Rain,6546,Wet,No,None,No,47.37,34.31,2019,4,10,10,Wednesday,0,0
1362,2023-05-29 14:27:00,31.30519454,83.80230019,RD-406,332,109,Bus,Very High,Storm,8204,Slippery,No,None,No,26.32,84.54,2023,5,29,14,Monday,0,0
1363,2018-09-11 15:55:00,33.44759676,81.67832061,RD-310,92,47,Mixed,Medium,Fog,3185,Dry,No,None,Yes,38.69,87.47,2018,9,11,15,Tuesday,0,1
1364,2023-01-31 10:45:00,28.9618842,77.76279301,RD-494,476,31,Mixed,Very High,Clear,8270,Slippery,No,None,No,38.95,34.66,2023,1,31,10,Tuesday,0,0
1365,2020-03-09 10:33:00,22.02006047,86.08259238,RD-317,447,31,Bus,Medium,Storm,7482,Under Maintenance,No,None,No,41.99,61.94,2020,3,9,10,Monday,0,0
1366,2018-12-01 06:25:00,35.78476322,86.4502725,RD-327,225,97,Car,Very High,Clear,4831,Under Maintenance,No,None,No,23.95,48.2,2018,12,1,6,Saturday,0,0
1367,2019-10-27 16:22:00,24.35249133,96.17262728,RD-156,229,73,Bus,Very High,Rain,4851,Under Maintenance,Yes,Minor,Yes,41.47,53.57,2019,10,27,16,Sunday,1,1
1368,2021-04-08 03:28:00,21.87785397,80.42085072,RD-456,300,7,Mixed,High,Storm,6073,Slippery,No,None,No,47.27,40.78,2021,4,8,3,Thursday,0,0
1369,2019-08-08 07:10:00,32.84643507,83.40674751,RD-261,44,33,Truck,Very High,Storm,6411,Wet,No,None,No,25.39,64.68,2019,8,8,7,Thursday,0,0
1370,2021-04-01 03:20:00,13.35407653,72.56757485,RD-288,14,109,Mixed,Low,Storm,6995,Slippery,No,None,No,27.13,87.48,2021,4,1,3,Thursday,0,0
1371,2018-08-31 12:58:00,12.57847201,83.90250783,RD-106,367,107,Bus,Very High,Fog,5502,Slippery,No,None,No,49.14,60.18,2018,8,31,12,Friday,0,0
1372,2023-07-03 02:03:00,30.69373167,69.04649253,RD-336,15,17,Car,Medium,Storm,8651,Under Maintenance,No,None,No,25.43,34.97,2023,7,3,2,Monday,0,0
1373,2018-05-31 22:40:00,33.24655408,72.34644966,RD-344,256,101,Mixed,Medium,Clear,3169,Dry,No,None,No,45.63,67.2,2018,5,31,22,Thursday,0,0
1374,2023-03-17 22:33:00,10.11046867,72.9661573,RD-234,102,64,Car,Low,Storm,3536,Dry,No,None,No,34.77,50.41,2023,3,17,22,Friday,0,0
1375,2021-07-07 04:41:00,30.15849695,86.34653441,RD-487,288,88,Car,Low,Fog,980,Under Maintenance,No,None,No,27.42,81.36,2021,7,7,4,Wednesday,0,0
1376,2020-08-24 21:13:00,20.30938989,84.45154458,RD-175,324,71,Bike,Medium,Fog,6966,Slippery,No,None,No,46.12,56.08,2020,8,24,21,Monday,0,0
1377,2021-03-03 02:18:00,28.40807787,91.14307175,RD-187,444,74,Car,Very High,Rain,3782,Slippery,No,None,Yes,33.36,41.57,2021,3,3,2,Wednesday,0,1
1378,2021-11-07 16:17:00,11.91411075,81.46758352,RD-423,199,111,Mixed,Low,Clear,4348,Under Maintenance,No,None,No,35.44,41.47,2021,11,7,16,Sunday,0,0
1379,2023-10-27 05:27:00,36.21736983,81.77083087,RD-28,366,85,Mixed,Very High,Snow,6467,Dry,No,None,No,30.78,76.13,2023,10,27,5,Friday,0,0
1380,2021-04-02 23:54:00,33.55712853,72.68512493,RD-419,41,51,Bus,Low,Clear,260,Dry,No,None,No,37.79,45.94,2021,4,2,23,Friday,0,0
1381,2019-03-20 15:45:00,19.77320332,89.53834146,RD-115,266,72,Bus,Very High,Snow,2636,Under Maintenance,No,None,No,24.91,76.03,2019,3,20,15,Wednesday,0,0
1382,2023-03-09 06:44:00,33.90740596,68.10593484,RD-433,442,101,Car,Low,Clear,9235,Slippery,No,None,No,31.73,42.35,2023,3,9,6,Thursday,0,0
1383,2021-03-04 15:31:00,33.95284609,80.32183532,RD-233,235,37,Truck,Medium,Storm,9379,Slippery,No,None,No,49.08,49.3,2021,3,4,15,Thursday,0,0
1384,2019-04-20 17:57:00,21.37633772,73.46142764,RD-170,245,10,Mixed,Very High,Snow,5777,Slippery,No,None,No,27.74,57.93,2019,4,20,17,Saturday,0,0
1385,2023-05-08 17:24:00,35.45967956,90.35928781,RD-287,37,68,Car,Low,Clear,1608,Wet,No,None,No,39.7,86.59,2023,5,8,17,Monday,0,0
1386,2022-06-27 07:50:00,36.32885664,87.52834946,RD-393,379,109,Bus,Very High,Rain,5738,Dry,No,None,No,29.76,85.9,2022,6,27,7,Monday,0,0
1387,2018-05-24 04:32:00,14.29916943,88.49629259,RD-318,208,82,Mixed,High,Fog,1018,Dry,No,None,Yes,43.2,42.41,2018,5,24,4,Thursday,0,1
1388,2018-02-22 21:42:00,9.93333371,72.30875869,RD-308,430,114,Bike,High,Clear,6793,Wet,No,None,No,23.93,51.49,2018,2,22,21,Thursday,0,0
1389,2021-12-04 17:04:00,17.60334374,87.39560814,RD-243,38,75,Bus,Low,Clear,780,Dry,No,None,No,49.09,38.96,2021,12,4,17,Saturday,0,0
1390,2023-05-31 13:57:00,22.17622257,88.03591758,RD-367,156,74,Bike,High,Fog,3606,Under Maintenance,No,None,Yes,33.61,60.6,2023,5,31,13,Wednesday,0,1
1391,2021-02-04 00:26:00,10.68761556,68.07647546,RD-337,121,55,Mixed,Low,Snow,2568,Wet,No,None,Yes,27.08,57.63,2021,2,4,0,Thursday,0,1
1392,2018-09-17 04:24:00,12.07912717,77.21042491,RD-187,117,71,Truck,Low,Snow,3039,Dry,No,None,No,22.2,84.05,2018,9,17,4,Monday,0,0
1393,2023-10-28 22:15:00,36.17927454,70.53135726,RD-367,28,105,Car,High,Storm,8912,Slippery,No,None,No,25.09,85.8,2023,10,28,22,Saturday,0,0
1394,2021-03-17 15:16:00,29.38171729,87.76043274,RD-232,444,26,Car,Medium,Storm,8070,Under Maintenance,Yes,None,No,35.59,53.01,2021,3,17,15,Wednesday,1,0
1395,2021-04-20 14:34:00,33.37320401,74.15115142,RD-59,477,106,Truck,Low,Storm,4612,Wet,No,None,No,30.11,59.5,2021,4,20,14,Tuesday,0,0
1396,2020-06-25 21:54:00,36.16348279,75.67512014,RD-50,382,76,Car,Low,Rain,527,Wet,No,None,No,44.87,83.77,2020,6,25,21,Thursday,0,0
1397,2019-08-24 11:06:00,18.96618642,70.27154319,RD-389,280,28,Car,High,Fog,8926,Slippery,No,None,No,32.93,78.4,2019,8,24,11,Saturday,0,0
1398,2020-05-21 16:34:00,27.94805431,82.03039329,RD-338,417,81,Bike,Very High,Snow,7862,Wet,No,None,Yes,27.46,30.22,2020,5,21,16,Thursday,0,1
1399,2019-12-19 08:23:00,13.33663784,68.95795148,RD-114,370,81,Car,High,Rain,9112,Dry,No,None,No,38.51,49.2,2019,12,19,8,Thursday,0,0
1400,2022-06-01 05:39:00,23.99834882,92.52217417,RD-2,198,69,Bike,Low,Storm,8994,Wet,No,None,No,41.2,55.31,2022,6,1,5,Wednesday,0,0
1401,2018-04-24 23:13:00,14.08647586,68.76461516,RD-175,62,119,Car,Very High,Fog,6052,Slippery,No,None,No,25.01,43.78,2018,4,24,23,Tuesday,0,0
1402,2023-09-29 06:27:00,12.65249792,69.78755113,RD-182,209,57,Car,Very High,Storm,6662,Wet,Yes,Fatal,Yes,25.03,41.97,2023,9,29,6,Friday,1,1
1403,2022-06-03 22:00:00,10.85486532,86.57179236,RD-425,124,45,Bus,High,Clear,3870,Under Maintenance,No,None,No,21.1,32.27,2022,6,3,22,Friday,0,0
1404,2020-11-10 15:00:00,24.81236031,94.59107217,RD-325,196,104,Truck,Very High,Storm,8210,Under Maintenance,Yes,Fatal,No,42.09,68.6,2020,11,10,15,Tuesday,1,0
1405,2018-06-22 21:04:00,35.54568478,93.8715129,RD-494,16,36,Bus,Medium,Fog,3791,Dry,No,None,No,39.91,45.75,2018,6,22,21,Friday,0,0
1406,2019-11-11 10:02:00,11.54443205,70.42528482,RD-410,476,73,Car,Medium,Snow,8890,Slippery,No,None,Yes,34.24,33.14,2019,11,11,10,Monday,0,1
1407,2022-05-01 22:20:00,22.56711921,76.36495493,RD-150,357,117,Bike,Medium,Fog,4385,Wet,No,None,No,45.33,43.86,2022,5,1,22,Sunday,0,0
1408,2021-08-10 20:15:00,27.9249754,83.11006885,RD-281,85,75,Car,Low,Snow,6852,Wet,Yes,Minor,Yes,44.17,78.11,2021,8,10,20,Tuesday,1,1
1409,2021-03-21 15:01:00,22.37998874,68.77208842,RD-268,355,118,Mixed,High,Fog,7099,Under Maintenance,No,None,Yes,37.56,81.09,2021,3,21,15,Sunday,0,1
1410,2021-03-06 00:50:00,34.44150181,83.33063585,RD-192,108,49,Mixed,High,Fog,8911,Slippery,No,None,No,46.05,58.98,2021,3,6,0,Saturday,0,0
1411,2019-11-21 23:01:00,12.82257387,80.98520358,RD-360,77,36,Mixed,Low,Snow,8334,Slippery,No,None,No,26.18,54.96,2019,11,21,23,Thursday,0,0
1412,2019-07-20 04:43:00,8.700734569,85.06391887,RD-55,43,32,Mixed,Low,Clear,3386,Under Maintenance,No,None,No,23.36,88.67,2019,7,20,4,Saturday,0,0
1413,2019-07-18 07:52:00,19.11042554,94.68913162,RD-24,16,101,Car,High,Fog,5863,Dry,No,None,No,28.09,42.03,2019,7,18,7,Thursday,0,0
1414,2021-02-07 06:48:00,24.10917546,75.96395987,RD-460,447,114,Mixed,Low,Fog,3371,Wet,Yes,Major,No,21.71,42.92,2021,2,7,6,Sunday,1,0
1415,2022-08-09 23:10:00,15.38070565,86.53379976,RD-85,228,18,Truck,High,Rain,9236,Under Maintenance,No,None,No,35.94,47.51,2022,8,9,23,Tuesday,0,0
1416,2021-08-30 22:25:00,12.88457288,80.46513774,RD-253,460,17,Car,Very High,Storm,9798,Slippery,Yes,Minor,No,48.1,40.37,2021,8,30,22,Monday,1,0
1417,2021-03-13 17:45:00,31.34029708,80.61873301,RD-72,362,97,Bus,Very High,Rain,3976,Dry,No,None,No,21.18,52.76,2021,3,13,17,Saturday,0,0
1418,2019-09-07 00:57:00,13.46868057,86.77087067,RD-421,149,54,Car,Very High,Fog,6662,Under Maintenance,No,None,No,23.66,84.65,2019,9,7,0,Saturday,0,0
1419,2019-09-17 08:43:00,20.83778403,95.58875546,RD-368,323,44,Bike,High,Fog,7932,Slippery,No,None,No,33.57,66.92,2019,9,17,8,Tuesday,0,0
1420,2023-12-08 07:59:00,35.67995221,93.02791366,RD-381,476,5,Truck,Low,Fog,6410,Wet,No,None,Yes,48.02,54.72,2023,12,8,7,Friday,0,1
1421,2023-08-29 05:31:00,25.76844018,86.54615092,RD-370,317,51,Car,Low,Clear,9573,Wet,Yes,Minor,No,29.48,86.06,2023,8,29,5,Tuesday,1,0
1422,2018-01-04 10:36:00,22.43398013,81.38460458,RD-210,131,117,Bus,Low,Rain,6914,Dry,No,None,No,35.22,32.91,2018,1,4,10,Thursday,0,0
1423,2022-02-24 07:32:00,18.44725675,80.29577093,RD-55,218,117,Bike,Low,Storm,3680,Dry,No,None,No,21.25,42.62,2022,2,24,7,Thursday,0,0
1424,2018-05-27 02:11:00,23.09117814,90.82685442,RD-131,321,95,Bike,Low,Clear,4456,Slippery,No,None,No,24.45,63.95,2018,5,27,2,Sunday,0,0
1425,2019-01-11 11:49:00,29.29490476,74.32839983,RD-313,91,34,Bus,Low,Snow,727,Wet,No,None,Yes,49.6,66.93,2019,1,11,11,Friday,0,1
1426,2023-04-23 23:16:00,31.85328992,85.04232978,RD-101,268,38,Bus,High,Fog,6904,Wet,Yes,Minor,No,48.95,32.37,2023,4,23,23,Sunday,1,0
1427,2020-10-26 17:40:00,26.84558437,82.64365928,RD-97,406,50,Bus,Medium,Clear,8886,Wet,No,None,No,20.15,54.18,2020,10,26,17,Monday,0,0
1428,2021-04-14 04:47:00,30.91919459,86.83125326,RD-62,105,5,Bus,Low,Snow,3044,Dry,No,None,No,48.55,68.95,2021,4,14,4,Wednesday,0,0
1429,2019-08-26 16:05:00,10.56411575,73.43520981,RD-477,328,38,Mixed,High,Fog,6540,Dry,No,None,No,39.17,71.88,2019,8,26,16,Monday,0,0
1430,2019-06-19 06:44:00,8.416859054,88.17695949,RD-437,398,63,Truck,High,Clear,6296,Wet,No,None,No,46.04,68.29,2019,6,19,6,Wednesday,0,0
1431,2019-07-10 03:08:00,29.2979199,86.18299403,RD-202,162,11,Bus,High,Fog,8764,Wet,No,None,No,33.64,49.23,2019,7,10,3,Wednesday,0,0
1432,2018-04-21 16:59:00,15.58941804,73.22423752,RD-111,95,69,Mixed,High,Rain,7608,Slippery,No,None,No,35.47,35.61,2018,4,21,16,Saturday,0,0
1433,2021-02-10 01:06:00,33.45266926,81.03902899,RD-235,380,46,Car,Low,Fog,5504,Dry,No,None,No,34.67,55.63,2021,2,10,1,Wednesday,0,0
1434,2019-11-14 19:51:00,23.53966965,87.67996129,RD-423,380,86,Bike,Very High,Storm,9880,Slippery,No,None,No,40.01,37.73,2019,11,14,19,Thursday,0,0
1435,2021-04-21 13:37:00,21.87710749,94.14652381,RD-401,81,103,Car,Very High,Storm,7613,Dry,No,None,No,24.19,86.86,2021,4,21,13,Wednesday,0,0
1436,2022-07-19 22:36:00,30.4117444,71.54088922,RD-98,61,118,Car,High,Fog,305,Slippery,No,None,No,20.9,58.51,2022,7,19,22,Tuesday,0,0
1437,2021-09-29 16:31:00,29.4917841,68.25344313,RD-367,473,23,Mixed,Medium,Clear,1245,Slippery,No,None,No,29.24,49.04,2021,9,29,16,Wednesday,0,0
1438,2019-11-15 04:17:00,28.42401944,72.78947058,RD-174,105,17,Mixed,Low,Snow,6111,Slippery,No,None,No,41.14,75.98,2019,11,15,4,Friday,0,0
1439,2021-02-21 16:34:00,28.00712772,96.6889383,RD-56,270,27,Bus,Medium,Snow,8291,Wet,No,None,No,26.06,59.88,2021,2,21,16,Sunday,0,0
1440,2021-06-30 00:07:00,22.94648392,90.28273747,RD-388,365,70,Bus,Very High,Storm,4608,Under Maintenance,No,None,Yes,40.2,48.6,2021,6,30,0,Wednesday,0,1
1441,2021-10-18 19:42:00,34.86779054,85.81670155,RD-213,324,7,Mixed,Medium,Storm,4040,Under Maintenance,No,None,No,49.1,78.72,2021,10,18,19,Monday,0,0
1442,2020-12-23 22:21:00,33.82860088,71.85737895,RD-24,290,90,Truck,High,Clear,9260,Under Maintenance,No,None,No,22.82,82.03,2020,12,23,22,Wednesday,0,0
1443,2019-02-13 08:05:00,17.5527433,80.06532963,RD-475,345,40,Bus,Medium,Rain,8161,Under Maintenance,No,None,Yes,40.18,70.38,2019,2,13,8,Wednesday,0,1
1444,2022-04-04 11:50:00,31.33614164,88.74192718,RD-325,353,53,Car,Low,Storm,7865,Under Maintenance,No,None,No,33.31,32.82,2022,4,4,11,Monday,0,0
1445,2018-10-03 17:46:00,33.8421469,93.9806407,RD-429,23,76,Bus,High,Storm,7492,Slippery,No,None,No,46.04,63.98,2018,10,3,17,Wednesday,0,0
1446,2023-07-13 20:36:00,25.92939416,79.07287439,RD-345,214,91,Bus,Low,Fog,2942,Dry,No,None,No,25.31,75.8,2023,7,13,20,Thursday,0,0
1447,2021-02-09 19:27:00,24.11179659,96.99100644,RD-302,480,76,Truck,Very High,Rain,8221,Slippery,No,None,No,40.78,38.19,2021,2,9,19,Tuesday,0,0
1448,2023-05-29 18:08:00,27.48471568,72.05235596,RD-64,61,61,Mixed,Very High,Rain,4049,Wet,No,None,Yes,45.14,43.72,2023,5,29,18,Monday,0,1
1449,2022-05-15 07:27:00,12.72875907,79.22114171,RD-396,290,93,Truck,Low,Storm,6741,Under Maintenance,No,None,No,48.34,82.95,2022,5,15,7,Sunday,0,0
1450,2021-06-01 21:38:00,10.53296661,93.38652631,RD-457,228,103,Bus,Medium,Fog,1575,Wet,No,None,No,40.5,31.21,2021,6,1,21,Tuesday,0,0
1451,2022-07-18 17:12:00,31.78435797,86.84755267,RD-231,81,68,Truck,Medium,Clear,8372,Wet,Yes,Fatal,Yes,34.92,75.16,2022,7,18,17,Monday,1,1
1452,2019-10-15 19:06:00,24.62646059,91.5166653,RD-235,65,115,Bus,Low,Snow,4459,Wet,No,None,No,38.54,58.43,2019,10,15,19,Tuesday,0,0
1453,2023-03-15 17:36:00,11.55254322,94.32617502,RD-338,219,15,Truck,High,Storm,4090,Slippery,No,None,No,46.07,56.81,2023,3,15,17,Wednesday,0,0
1454,2020-01-17 10:14:00,20.07322279,82.71217547,RD-302,302,45,Bike,Low,Snow,2102,Under Maintenance,No,None,No,37.12,30.43,2020,1,17,10,Friday,0,0
1455,2023-08-04 02:31:00,16.64879677,74.80766738,RD-490,207,111,Bike,Medium,Snow,4712,Slippery,No,None,No,20.91,79.16,2023,8,4,2,Friday,0,0
1456,2019-05-05 11:13:00,33.38886067,88.11750025,RD-259,399,10,Bus,Very High,Snow,5783,Dry,No,None,No,47.93,51.59,2019,5,5,11,Sunday,0,0
1457,2018-11-17 02:40:00,22.70938525,84.34091086,RD-69,418,110,Truck,Very High,Storm,3914,Dry,No,None,Yes,40.69,62.45,2018,11,17,2,Saturday,0,1
1458,2020-01-13 21:13:00,24.74786384,90.40682694,RD-494,413,110,Bus,Low,Clear,6433,Under Maintenance,No,None,No,40.3,70.64,2020,1,13,21,Monday,0,0
1459,2020-05-17 07:44:00,14.82342174,82.83969888,RD-256,288,118,Truck,Medium,Rain,831,Slippery,No,None,Yes,26.47,72.16,2020,5,17,7,Sunday,0,1
1460,2020-06-18 13:13:00,31.17284288,91.52222968,RD-3,66,49,Mixed,Very High,Fog,4969,Dry,No,None,No,39.77,87.36,2020,6,18,13,Thursday,0,0
1461,2022-10-27 03:10:00,34.97293734,94.1585068,RD-272,190,85,Truck,Low,Rain,2033,Dry,No,None,Yes,31.82,61.88,2022,10,27,3,Thursday,0,1
1462,2023-02-24 14:37:00,30.98233611,89.73790777,RD-377,452,104,Truck,Medium,Fog,6613,Under Maintenance,No,None,No,39.54,53.98,2023,2,24,14,Friday,0,0
1463,2018-10-03 23:45:00,22.29291515,89.56599946,RD-25,127,61,Bus,Low,Rain,7720,Dry,No,None,No,23.2,87.22,2018,10,3,23,Wednesday,0,0
1464,2019-11-14 01:17:00,32.21757902,85.0284909,RD-284,346,86,Truck,Very High,Storm,8493,Under Maintenance,No,None,No,39.74,68.53,2019,11,14,1,Thursday,0,0
1465,2019-02-13 21:05:00,13.45080726,81.67761835,RD-479,233,37,Bus,Medium,Storm,9804,Dry,No,None,Yes,49.98,47.89,2019,2,13,21,Wednesday,0,1
1466,2019-02-17 19:26:00,11.28899614,96.20504205,RD-222,326,65,Bus,High,Snow,4538,Wet,No,None,No,21.45,37.59,2019,2,17,19,Sunday,0,0
1467,2022-08-28 12:35:00,20.70835449,86.70826343,RD-430,320,22,Car,Very High,Fog,4328,Dry,No,None,Yes,49.32,80.55,2022,8,28,12,Sunday,0,1
1468,2020-09-29 20:17:00,13.26449955,92.37033856,RD-300,345,11,Bus,High,Clear,8472,Slippery,No,None,No,32.21,51.73,2020,9,29,20,Tuesday,0,0
1469,2018-10-24 05:19:00,15.51565613,82.65686183,RD-248,494,33,Truck,Very High,Storm,7452,Slippery,No,None,No,46.12,69.63,2018,10,24,5,Wednesday,0,0
1470,2021-09-18 10:39:00,24.968386,84.09087788,RD-474,285,73,Bike,High,Fog,4046,Under Maintenance,Yes,Minor,No,43.47,58.25,2021,9,18,10,Saturday,1,0
1471,2021-06-13 19:45:00,19.7131903,87.22378168,RD-261,268,20,Mixed,High,Storm,2031,Dry,No,None,No,37.01,41.94,2021,6,13,19,Sunday,0,0
1472,2018-03-01 16:19:00,33.11047011,89.12801869,RD-400,330,99,Truck,Low,Clear,2410,Under Maintenance,No,None,No,42.15,66.1,2018,3,1,16,Thursday,0,0
1473,2021-02-07 21:12:00,14.54275802,81.0023165,RD-472,302,73,Truck,Low,Fog,7811,Wet,No,None,No,46.36,33.64,2021,2,7,21,Sunday,0,0
1474,2022-08-14 02:33:00,36.90693027,78.33313292,RD-467,172,78,Truck,Medium,Snow,6988,Wet,No,None,No,32.12,54.8,2022,8,14,2,Sunday,0,0
1475,2022-11-21 18:59:00,18.42240906,74.94317775,RD-91,133,33,Car,Low,Fog,6275,Wet,No,None,No,29.81,62.8,2022,11,21,18,Monday,0,0
1476,2019-08-08 10:58:00,22.94668267,80.28571726,RD-355,25,33,Bike,Low,Clear,4300,Dry,No,None,No,40.03,56.16,2019,8,8,10,Thursday,0,0
1477,2021-10-09 02:34:00,11.83763118,74.12589941,RD-297,377,20,Truck,Medium,Snow,415,Slippery,No,None,No,44.24,74.92,2021,10,9,2,Saturday,0,0
1478,2019-05-24 20:10:00,24.79967137,80.08608773,RD-89,13,8,Bus,Low,Storm,6301,Dry,No,None,No,42.87,79.68,2019,5,24,20,Friday,0,0
1479,2019-04-21 12:57:00,35.87726194,93.36512471,RD-375,268,69,Bike,Very High,Snow,5235,Under Maintenance,No,None,No,43.93,76.27,2019,4,21,12,Sunday,0,0
1480,2019-04-11 20:06:00,29.73253556,96.33503527,RD-418,117,76,Bike,High,Storm,3988,Slippery,No,None,No,33.07,32.33,2019,4,11,20,Thursday,0,0
1481,2018-01-16 04:05:00,15.07758224,84.73595715,RD-66,282,96,Truck,High,Clear,2973,Slippery,No,None,No,44.54,41.65,2018,1,16,4,Tuesday,0,0
1482,2018-09-10 03:01:00,20.83573961,72.23415603,RD-54,181,5,Bus,Low,Rain,801,Wet,Yes,Minor,No,23.61,62.2,2018,9,10,3,Monday,1,0
1483,2018-12-02 15:58:00,20.33756611,80.39911185,RD-199,200,96,Bike,Low,Rain,2072,Under Maintenance,Yes,Minor,No,36.33,86.09,2018,12,2,15,Sunday,1,0
1484,2022-02-11 04:36:00,10.84048526,85.46021881,RD-337,499,7,Mixed,Medium,Clear,6656,Dry,No,None,No,20.17,80.1,2022,2,11,4,Friday,0,0
1485,2018-07-17 13:13:00,33.68965524,78.75238089,RD-308,107,68,Bus,Low,Storm,377,Slippery,No,None,No,29.74,80.55,2018,7,17,13,Tuesday,0,0
1486,2019-05-14 14:24:00,19.06222545,73.94952904,RD-311,179,118,Bike,Very High,Snow,891,Slippery,No,None,No,30.99,48.19,2019,5,14,14,Tuesday,0,0
1487,2019-08-21 09:09:00,22.33352872,74.57790385,RD-452,107,70,Bike,High,Storm,5970,Slippery,No,None,Yes,31.89,55.77,2019,8,21,9,Wednesday,0,1
1488,2019-04-04 04:11:00,16.44618547,81.74393778,RD-165,154,93,Bus,Medium,Rain,2277,Slippery,No,None,No,40.86,58.24,2019,4,4,4,Thursday,0,0
1489,2022-07-12 07:31:00,12.41947318,74.27643218,RD-259,33,61,Car,Medium,Snow,6005,Slippery,No,None,No,31.66,39.44,2022,7,12,7,Tuesday,0,0
1490,2022-11-01 23:05:00,34.16120797,75.23615806,RD-452,174,105,Bus,Medium,Fog,9118,Wet,No,None,Yes,33.46,31.86,2022,11,1,23,Tuesday,0,1
1491,2021-02-15 06:58:00,9.084526852,93.31944131,RD-197,267,79,Mixed,Low,Rain,5697,Wet,No,None,No,27.13,86.81,2021,2,15,6,Monday,0,0
1492,2020-04-04 23:31:00,19.59650554,90.59274924,RD-215,129,114,Car,Low,Clear,2134,Slippery,No,None,No,31.2,44.44,2020,4,4,23,Saturday,0,0
1493,2022-04-01 01:07:00,29.19016738,69.60407651,RD-312,279,22,Truck,Low,Snow,6403,Dry,Yes,Minor,No,26.82,44.4,2022,4,1,1,Friday,1,0
1494,2023-07-24 08:59:00,16.95687963,77.28512517,RD-469,403,110,Car,Medium,Storm,3874,Slippery,No,None,No,22.2,35.0,2023,7,24,8,Monday,0,0
1495,2020-09-17 05:48:00,20.9348296,83.42606141,RD-355,280,43,Mixed,Medium,Fog,2253,Dry,No,None,No,38.1,85.71,2020,9,17,5,Thursday,0,0
1496,2020-10-21 11:55:00,24.36984028,69.75765055,RD-391,46,108,Mixed,High,Rain,2252,Under Maintenance,No,None,Yes,40.05,64.78,2020,10,21,11,Wednesday,0,1
1497,2021-05-30 16:18:00,36.85736675,87.81196662,RD-128,323,88,Mixed,High,Snow,7274,Slippery,No,None,No,38.58,70.02,2021,5,30,16,Sunday,0,0
1498,2021-07-01 21:19:00,29.9907388,79.14890929,RD-141,439,85,Bike,Low,Rain,5758,Wet,No,None,No,33.9,84.69,2021,7,1,21,Thursday,0,0
1499,2021-08-23 06:39:00,36.04634584,79.51817594,RD-204,190,11,Car,Low,Clear,1237,Under Maintenance,No,None,No,31.39,50.74,2021,8,23,6,Monday,0,0
1500,2020-06-23 01:18:00,28.10121875,75.69449363,RD-494,91,59,Mixed,High,Rain,3544,Wet,No,None,No,45.9,67.29,2020,6,23,1,Tuesday,0,0
1501,2021-06-23 00:32:00,15.80253375,77.68394082,RD-176,263,116,Car,Very High,Storm,8272,Dry,Yes,None,Yes,35.57,32.33,2021,6,23,0,Wednesday,1,1
1502,2022-02-15 12:10:00,16.33717546,92.98900702,RD-497,321,21,Car,High,Storm,879,Slippery,No,None,No,34.38,41.21,2022,2,15,12,Tuesday,0,0
1503,2018-06-29 18:36:00,31.8514648,90.86948629,RD-151,246,72,Truck,Low,Clear,6891,Slippery,No,None,No,20.77,79.87,2018,6,29,18,Friday,0,0
1504,2020-10-27 17:47:00,20.40369124,95.13738499,RD-232,22,40,Truck,Low,Clear,7441,Wet,No,None,No,30.24,76.01,2020,10,27,17,Tuesday,0,0
1505,2020-06-21 14:53:00,18.73650161,88.27092406,RD-413,172,98,Truck,Low,Fog,4642,Under Maintenance,No,None,No,31.41,51.04,2020,6,21,14,Sunday,0,0
1506,2021-03-07 07:19:00,35.40772676,84.75828112,RD-69,173,5,Bike,Low,Snow,5880,Under Maintenance,No,None,No,31.96,52.61,2021,3,7,7,Sunday,0,0
1507,2021-02-28 14:52:00,8.383761828,75.51843231,RD-71,494,39,Bike,High,Rain,7803,Under Maintenance,No,None,Yes,37.41,62.01,2021,2,28,14,Sunday,0,1
1508,2018-03-10 06:18:00,23.22403967,87.33880429,RD-212,339,80,Truck,Low,Clear,3468,Dry,Yes,Fatal,No,36.01,30.01,2018,3,10,6,Saturday,1,0
1509,2020-08-24 23:15:00,30.47722306,94.27858456,RD-309,358,21,Mixed,Low,Snow,3480,Slippery,No,None,No,38.24,44.47,2020,8,24,23,Monday,0,0
1510,2019-02-22 09:03:00,29.34890147,70.00580233,RD-359,427,84,Bus,High,Clear,3302,Dry,Yes,Minor,Yes,42.95,42.49,2019,2,22,9,Friday,1,1
1511,2020-09-28 22:30:00,18.65965723,80.84903671,RD-454,33,32,Bike,Very High,Clear,8576,Wet,No,None,No,44.39,45.03,2020,9,28,22,Monday,0,0
1512,2018-12-07 11:38:00,23.53380104,72.33146068,RD-384,190,36,Bus,High,Fog,4885,Slippery,No,None,No,41.54,78.35,2018,12,7,11,Friday,0,0
1513,2019-01-20 23:17:00,8.161741546,91.50787795,RD-263,36,114,Bike,Low,Storm,4766,Slippery,No,None,No,48.67,46.78,2019,1,20,23,Sunday,0,0
1514,2023-03-24 17:52:00,23.51007782,85.80884904,RD-154,466,59,Car,Low,Snow,4132,Under Maintenance,No,None,No,20.55,41.49,2023,3,24,17,Friday,0,0
1515,2021-02-24 18:45:00,25.12163557,93.50983019,RD-432,466,39,Mixed,Medium,Fog,2678,Dry,No,None,No,25.87,60.26,2021,2,24,18,Wednesday,0,0
1516,2020-04-06 03:00:00,33.36894879,69.82990355,RD-360,83,23,Bike,Low,Storm,1155,Wet,No,None,No,20.23,81.94,2020,4,6,3,Monday,0,0
1517,2023-06-07 04:10:00,14.11138082,94.26618969,RD-281,149,97,Car,Very High,Clear,7973,Wet,No,None,Yes,39.42,44.48,2023,6,7,4,Wednesday,0,1
1518,2019-03-29 16:25:00,31.92922566,69.94870194,RD-441,152,97,Mixed,Low,Fog,3549,Dry,No,None,No,46.94,34.71,2019,3,29,16,Friday,0,0
1519,2023-09-10 17:31:00,28.82392881,76.34056822,RD-161,12,119,Bike,High,Storm,6759,Under Maintenance,No,None,No,27.3,51.38,2023,9,10,17,Sunday,0,0
1520,2020-02-13 13:48:00,27.31489508,72.52880667,RD-365,293,84,Mixed,Low,Storm,1986,Wet,No,None,No,47.81,74.86,2020,2,13,13,Thursday,0,0
1521,2021-11-12 04:22:00,19.4372469,72.21618426,RD-378,274,8,Bike,Low,Fog,923,Wet,No,None,No,21.81,63.04,2021,11,12,4,Friday,0,0
1522,2020-12-07 03:26:00,18.65559706,72.97842704,RD-479,432,25,Truck,Medium,Rain,7497,Dry,No,None,No,48.03,79.01,2020,12,7,3,Monday,0,0
1523,2023-08-24 00:09:00,28.39457545,81.92631828,RD-284,39,117,Bike,Low,Fog,6208,Dry,No,None,No,30.55,87.58,2023,8,24,0,Thursday,0,0
1524,2022-02-07 12:38:00,36.71647321,90.74650635,RD-324,66,119,Bike,Low,Clear,6919,Slippery,No,None,No,23.04,77.56,2022,2,7,12,Monday,0,0
1525,2020-04-14 11:13:00,19.75525902,94.05004098,RD-112,288,48,Car,High,Rain,2241,Wet,No,None,No,34.58,66.23,2020,4,14,11,Tuesday,0,0
1526,2022-01-22 18:10:00,34.63939355,84.43944339,RD-103,423,66,Truck,Very High,Fog,8803,Wet,No,None,No,27.7,59.6,2022,1,22,18,Saturday,0,0
1527,2018-10-21 02:58:00,25.00980739,72.57479516,RD-108,329,5,Bus,Medium,Storm,714,Slippery,No,None,No,28.55,32.4,2018,10,21,2,Sunday,0,0
1528,2020-06-03 07:09:00,33.17680395,70.2965295,RD-320,409,87,Mixed,Very High,Snow,9858,Under Maintenance,No,None,No,29.22,89.06,2020,6,3,7,Wednesday,0,0
1529,2018-03-08 03:42:00,14.29852296,82.32975897,RD-366,129,55,Bus,Very High,Fog,1322,Under Maintenance,No,None,No,44.09,53.01,2018,3,8,3,Thursday,0,0
1530,2021-10-09 15:50:00,30.10473017,90.19602681,RD-149,429,112,Bus,Low,Storm,9861,Dry,No,None,Yes,36.17,39.13,2021,10,9,15,Saturday,0,1
1531,2019-11-09 19:33:00,32.21336181,85.98467052,RD-352,295,94,Truck,Medium,Fog,2694,Wet,No,None,No,29.34,70.0,2019,11,9,19,Saturday,0,0
1532,2018-02-26 01:26:00,32.13290506,84.90066593,RD-177,55,80,Truck,Low,Clear,3802,Under Maintenance,Yes,None,No,38.31,47.06,2018,2,26,1,Monday,1,0
1533,2023-02-10 04:15:00,30.75662998,69.39650121,RD-472,366,21,Truck,Low,Clear,1101,Dry,No,None,No,41.48,65.15,2023,2,10,4,Friday,0,0
1534,2022-01-29 22:01:00,16.82167326,79.93481626,RD-345,89,41,Car,High,Storm,6802,Under Maintenance,No,None,No,28.18,65.21,2022,1,29,22,Saturday,0,0
1535,2023-02-21 16:14:00,23.13655637,83.9611322,RD-68,265,96,Car,Low,Storm,8461,Under Maintenance,No,None,Yes,32.41,56.74,2023,2,21,16,Tuesday,0,1
1536,2020-04-21 15:05:00,16.69143863,85.3504552,RD-364,357,40,Mixed,Medium,Rain,8345,Wet,No,None,No,23.66,80.17,2020,4,21,15,Tuesday,0,0
1537,2021-12-11 12:51:00,17.94601129,68.1394338,RD-333,383,33,Truck,Medium,Clear,9910,Under Maintenance,No,None,No,25.43,45.9,2021,12,11,12,Saturday,0,0
1538,2022-08-30 23:31:00,16.73534762,73.78709432,RD-500,413,73,Bus,Low,Snow,9861,Dry,No,None,Yes,40.43,56.92,2022,8,30,23,Tuesday,0,1
1539,2018-04-30 05:15:00,16.24258439,95.54379432,RD-491,471,106,Mixed,Medium,Clear,3349,Slippery,No,None,No,25.44,62.26,2018,4,30,5,Monday,0,0
1540,2020-11-10 03:54:00,28.1092285,82.75067131,RD-92,118,7,Car,Very High,Clear,1416,Wet,No,None,No,35.75,69.82,2020,11,10,3,Tuesday,0,0
1541,2021-12-15 10:06:00,26.85764728,88.40562386,RD-258,65,19,Bike,Very High,Snow,7555,Slippery,No,None,No,41.27,77.04,2021,12,15,10,Wednesday,0,0
1542,2018-08-11 16:26:00,13.9236628,76.93741523,RD-278,230,71,Bike,Very High,Clear,6165,Dry,No,None,Yes,23.21,53.69,2018,8,11,16,Saturday,0,1
1543,2018-08-28 20:42:00,28.05404288,84.9757878,RD-356,247,81,Mixed,High,Fog,7569,Under Maintenance,No,None,No,37.02,68.76,2018,8,28,20,Tuesday,0,0
1544,2022-10-30 23:03:00,16.44098928,78.33755102,RD-327,302,73,Car,Very High,Fog,7180,Wet,No,None,Yes,27.7,39.04,2022,10,30,23,Sunday,0,1
1545,2023-05-30 10:12:00,13.8498317,76.61180748,RD-166,476,25,Mixed,Very High,Clear,791,Under Maintenance,No,None,No,48.89,85.96,2023,5,30,10,Tuesday,0,0
1546,2018-07-18 15:51:00,29.67030453,79.93054144,RD-364,218,109,Car,Medium,Clear,5339,Under Maintenance,No,None,Yes,34.51,52.98,2018,7,18,15,Wednesday,0,1
1547,2021-01-26 04:34:00,18.52317469,81.33500995,RD-60,199,27,Truck,Medium,Snow,4473,Slippery,No,None,No,44.18,73.77,2021,1,26,4,Tuesday,0,0
1548,2020-07-31 22:15:00,24.51116521,77.60328873,RD-390,458,51,Bike,Very High,Clear,4217,Dry,No,None,No,36.51,31.22,2020,7,31,22,Friday,0,0
1549,2019-04-25 19:35:00,13.80359485,75.4816987,RD-181,166,90,Bus,Low,Storm,4048,Slippery,No,None,No,21.3,42.31,2019,4,25,19,Thursday,0,0
1550,2023-11-13 19:05:00,25.79712128,86.09079093,RD-288,135,38,Truck,Medium,Fog,6957,Under Maintenance,No,None,No,38.99,59.22,2023,11,13,19,Monday,0,0
1551,2023-06-10 02:26:00,14.0318096,79.04124182,RD-246,135,45,Bus,High,Clear,5297,Under Maintenance,No,None,No,48.54,82.7,2023,6,10,2,Saturday,0,0
1552,2021-07-23 17:17:00,12.83943078,73.85295489,RD-299,137,94,Mixed,Medium,Storm,9872,Dry,No,None,No,38.05,61.64,2021,7,23,17,Friday,0,0
1553,2022-03-15 15:22:00,19.20932858,89.99266353,RD-293,102,51,Bike,High,Clear,2896,Under Maintenance,No,None,No,44.58,85.79,2022,3,15,15,Tuesday,0,0
1554,2018-03-19 01:26:00,30.91179334,88.98850585,RD-483,481,35,Bus,Very High,Rain,8808,Slippery,No,None,No,46.53,59.03,2018,3,19,1,Monday,0,0
1555,2020-11-16 03:03:00,13.1194961,93.71765902,RD-342,92,39,Mixed,Very High,Storm,5376,Dry,No,None,No,26.84,59.43,2020,11,16,3,Monday,0,0
1556,2023-06-15 00:53:00,11.39377046,84.09555155,RD-364,52,11,Car,High,Fog,5052,Dry,Yes,None,No,26.36,37.18,2023,6,15,0,Thursday,1,0
1557,2021-03-22 01:33:00,8.917783081,76.10367321,RD-214,211,108,Truck,High,Fog,6086,Wet,No,None,No,38.33,78.16,2021,3,22,1,Monday,0,0
1558,2020-04-18 23:47:00,20.06300694,93.04752269,RD-346,301,49,Car,High,Rain,3942,Slippery,No,None,No,32.33,44.82,2020,4,18,23,Saturday,0,0
1559,2020-09-18 09:09:00,16.17872688,76.1287325,RD-383,384,61,Truck,Medium,Storm,6082,Under Maintenance,No,None,No,45.2,83.98,2020,9,18,9,Friday,0,0
1560,2023-06-19 02:51:00,16.47114507,87.01241749,RD-458,154,100,Bike,Very High,Storm,494,Wet,No,None,No,47.0,84.65,2023,6,19,2,Monday,0,0
1561,2023-12-10 22:31:00,36.47631634,73.52139804,RD-431,191,26,Bus,Medium,Snow,1164,Slippery,Yes,Fatal,Yes,30.6,86.6,2023,12,10,22,Sunday,1,1
1562,2023-10-28 15:58:00,13.62957868,86.24606674,RD-274,154,115,Car,Low,Clear,9113,Wet,No,None,No,27.11,61.21,2023,10,28,15,Saturday,0,0
1563,2023-03-06 04:41:00,21.29438447,92.38485849,RD-147,169,74,Car,High,Storm,6012,Slippery,No,None,No,43.42,70.63,2023,3,6,4,Monday,0,0
1564,2023-07-17 17:26:00,36.60467697,83.65837891,RD-450,409,25,Bus,Low,Snow,4648,Dry,No,None,No,28.24,76.71,2023,7,17,17,Monday,0,0
1565,2019-03-04 02:38:00,8.887923526,81.65573783,RD-434,316,113,Bus,High,Rain,1592,Wet,No,None,No,44.68,37.86,2019,3,4,2,Monday,0,0
1566,2021-06-26 07:48:00,28.2030659,96.81071481,RD-217,381,107,Mixed,High,Rain,537,Under Maintenance,No,None,No,32.71,66.06,2021,6,26,7,Saturday,0,0
1567,2018-12-22 14:39:00,18.76140562,68.65111065,RD-414,452,53,Truck,Very High,Rain,3713,Slippery,No,None,Yes,40.03,32.06,2018,12,22,14,Saturday,0,1
1568,2019-02-18 17:41:00,34.27683079,77.62021584,RD-7,264,51,Mixed,High,Snow,2579,Slippery,No,None,No,22.87,59.85,2019,2,18,17,Monday,0,0
1569,2019-12-18 22:34:00,34.44630169,94.63935238,RD-268,288,105,Car,Medium,Fog,8864,Wet,No,None,No,38.72,39.29,2019,12,18,22,Wednesday,0,0
1570,2022-12-13 12:53:00,19.22916934,86.63663787,RD-55,153,31,Bus,High,Rain,1031,Dry,Yes,Fatal,No,33.55,40.98,2022,12,13,12,Tuesday,1,0
1571,2021-08-28 07:04:00,14.42244049,83.72082099,RD-13,41,14,Bike,High,Snow,9277,Slippery,No,None,Yes,37.6,51.9,2021,8,28,7,Saturday,0,1
1572,2020-06-12 19:34:00,20.41209971,86.49305955,RD-196,75,90,Car,Low,Snow,9442,Slippery,No,None,No,25.04,55.95,2020,6,12,19,Friday,0,0
1573,2023-06-07 21:20:00,35.99388196,77.33629336,RD-75,369,48,Car,Very High,Clear,9008,Dry,No,None,No,42.11,67.39,2023,6,7,21,Wednesday,0,0
1574,2021-11-20 23:04:00,16.16055908,70.063876,RD-28,335,55,Truck,Very High,Rain,444,Dry,No,None,No,45.88,34.47,2021,11,20,23,Saturday,0,0
1575,2020-10-12 06:29:00,36.45821615,75.97928722,RD-344,211,22,Mixed,High,Fog,2000,Under Maintenance,No,None,No,26.5,60.22,2020,10,12,6,Monday,0,0
1576,2021-08-08 18:25:00,31.76235344,77.75838689,RD-29,491,72,Truck,Low,Snow,888,Wet,Yes,Major,No,22.87,40.96,2021,8,8,18,Sunday,1,0
1577,2021-01-17 09:04:00,15.75611761,81.91608877,RD-103,199,113,Car,Medium,Fog,4870,Dry,No,None,No,20.71,64.44,2021,1,17,9,Sunday,0,0
1578,2019-06-11 22:00:00,30.94101455,79.42299892,RD-137,423,103,Bus,Medium,Fog,9016,Wet,No,None,No,39.26,68.24,2019,6,11,22,Tuesday,0,0
1579,2023-02-19 18:43:00,9.444183851,83.10906449,RD-385,124,106,Bike,High,Rain,7773,Dry,No,None,No,38.21,63.4,2023,2,19,18,Sunday,0,0
1580,2021-06-12 03:57:00,23.89383792,73.68636011,RD-403,429,42,Truck,High,Rain,878,Under Maintenance,No,None,No,36.4,74.3,2021,6,12,3,Saturday,0,0
1581,2023-03-23 03:09:00,18.36312504,73.3374054,RD-83,271,40,Car,Low,Clear,3200,Under Maintenance,No,None,No,26.96,50.14,2023,3,23,3,Thursday,0,0
1582,2023-07-12 22:46:00,20.38114395,78.19966185,RD-147,310,64,Mixed,Very High,Fog,3127,Slippery,No,None,No,31.73,75.91,2023,7,12,22,Wednesday,0,0
1583,2020-01-11 03:14:00,21.7127758,81.73773911,RD-350,298,72,Truck,Low,Fog,6550,Dry,No,None,No,37.83,55.97,2020,1,11,3,Saturday,0,0
1584,2019-02-08 17:37:00,22.57867005,77.91012919,RD-129,14,113,Car,Medium,Snow,8030,Dry,No,None,No,34.9,59.05,2019,2,8,17,Friday,0,0
1585,2022-06-03 21:55:00,27.03595596,84.72030474,RD-75,321,78,Mixed,High,Snow,1541,Dry,No,None,No,49.63,68.89,2022,6,3,21,Friday,0,0
1586,2021-07-11 20:31:00,28.20653381,76.99017729,RD-430,37,100,Mixed,High,Snow,2550,Under Maintenance,No,None,No,24.09,31.1,2021,7,11,20,Sunday,0,0
1587,2021-01-26 19:52:00,36.29541706,73.13790084,RD-32,400,78,Bike,Low,Fog,9086,Under Maintenance,No,None,No,40.85,69.24,2021,1,26,19,Tuesday,0,0
1588,2023-09-28 00:24:00,30.12058139,93.02201519,RD-354,247,111,Bus,Very High,Clear,1057,Dry,No,None,Yes,32.13,67.12,2023,9,28,0,Thursday,0,1
1589,2022-09-12 04:37:00,27.9461355,73.81746086,RD-402,68,49,Bike,Low,Storm,4829,Dry,No,None,No,32.85,48.59,2022,9,12,4,Monday,0,0
1590,2022-05-12 22:27:00,19.38130763,96.0326003,RD-152,412,78,Mixed,Very High,Snow,8368,Wet,No,None,Yes,41.53,35.15,2022,5,12,22,Thursday,0,1
1591,2019-08-09 10:37:00,11.41643387,96.63471815,RD-105,327,79,Truck,Very High,Storm,6375,Wet,No,None,No,40.77,35.46,2019,8,9,10,Friday,0,0
1592,2018-02-21 17:56:00,9.704864164,88.20731007,RD-386,308,118,Bus,Medium,Clear,1245,Under Maintenance,No,None,No,49.74,85.39,2018,2,21,17,Wednesday,0,0
1593,2019-08-05 06:16:00,21.8528566,82.55802883,RD-278,59,107,Mixed,Very High,Fog,6021,Wet,No,None,No,23.85,71.36,2019,8,5,6,Monday,0,0
1594,2019-05-06 14:02:00,27.37944467,91.06714611,RD-17,251,13,Bus,Medium,Storm,1187,Slippery,No,None,No,23.12,37.63,2019,5,6,14,Monday,0,0
1595,2019-04-25 11:53:00,26.85463569,93.32287876,RD-184,483,17,Truck,High,Rain,5310,Wet,No,None,No,41.73,51.4,2019,4,25,11,Thursday,0,0
1596,2022-10-18 20:22:00,35.63298119,88.57816212,RD-417,446,61,Car,Low,Fog,2737,Slippery,Yes,Fatal,Yes,37.35,65.55,2022,10,18,20,Tuesday,1,1
1597,2019-05-30 08:09:00,19.09046922,70.95929791,RD-232,129,110,Car,Medium,Rain,5366,Slippery,No,None,No,28.22,80.13,2019,5,30,8,Thursday,0,0
1598,2021-09-10 06:34:00,26.20573058,68.08664821,RD-53,367,86,Mixed,Low,Clear,8392,Under Maintenance,Yes,Major,No,22.38,32.62,2021,9,10,6,Friday,1,0
1599,2021-04-05 21:01:00,33.74834083,73.56513835,RD-316,47,115,Mixed,Medium,Storm,3211,Slippery,No,None,No,22.57,44.2,2021,4,5,21,Monday,0,0
1600,2023-09-05 00:44:00,19.71825494,73.46742497,RD-445,240,61,Bike,High,Storm,3735,Wet,No,None,Yes,46.83,83.38,2023,9,5,0,Tuesday,0,1
1601,2019-06-06 01:35:00,21.85455143,73.2930074,RD-346,410,41,Mixed,Medium,Clear,4333,Dry,No,None,No,25.76,30.55,2019,6,6,1,Thursday,0,0
1602,2019-05-01 13:16:00,34.76621398,82.78339724,RD-379,220,51,Car,Medium,Clear,9840,Wet,No,None,No,29.7,42.08,2019,5,1,13,Wednesday,0,0
1603,2018-12-05 13:41:00,23.95701664,83.08244945,RD-288,292,15,Car,Low,Fog,2731,Wet,No,None,No,26.8,87.54,2018,12,5,13,Wednesday,0,0
1604,2022-04-05 10:13:00,31.18868821,88.96763935,RD-443,174,32,Bike,Medium,Clear,6741,Wet,No,None,No,30.65,66.8,2022,4,5,10,Tuesday,0,0
1605,2023-07-20 05:26:00,35.13309125,73.84256658,RD-115,392,10,Truck,Low,Snow,6578,Under Maintenance,No,None,Yes,22.08,45.7,2023,7,20,5,Thursday,0,1
1606,2020-08-28 09:12:00,24.56068312,70.68713879,RD-381,272,37,Bus,High,Rain,6706,Wet,No,None,No,35.57,34.02,2020,8,28,9,Friday,0,0
1607,2020-05-05 21:45:00,11.1664221,87.31664821,RD-332,303,18,Car,High,Clear,1738,Wet,No,None,No,22.03,31.69,2020,5,5,21,Tuesday,0,0
1608,2019-07-07 19:20:00,31.82929866,82.03591367,RD-288,218,51,Bus,Medium,Snow,6479,Under Maintenance,No,None,No,44.01,44.68,2019,7,7,19,Sunday,0,0
1609,2020-01-14 07:56:00,31.7156828,87.32329885,RD-200,386,33,Mixed,Very High,Storm,3720,Wet,No,None,No,27.01,82.89,2020,1,14,7,Tuesday,0,0
1610,2021-01-19 04:06:00,11.33457064,79.0414671,RD-122,166,107,Mixed,High,Clear,3356,Under Maintenance,No,None,No,36.2,54.95,2021,1,19,4,Tuesday,0,0
1611,2019-08-07 03:42:00,23.8954264,89.7730705,RD-262,316,19,Truck,Very High,Rain,1993,Dry,No,None,No,46.4,73.22,2019,8,7,3,Wednesday,0,0
1612,2022-09-10 18:33:00,22.12548343,87.79542255,RD-402,373,116,Bus,Very High,Rain,5405,Wet,No,None,Yes,39.53,85.1,2022,9,10,18,Saturday,0,1
1613,2021-04-12 06:49:00,32.56772505,86.8599138,RD-408,112,60,Car,Low,Fog,4095,Dry,No,None,Yes,35.99,54.48,2021,4,12,6,Monday,0,1
1614,2018-06-21 07:43:00,15.96420714,68.79950922,RD-409,474,73,Bike,Very High,Storm,7556,Slippery,No,None,No,29.73,41.48,2018,6,21,7,Thursday,0,0
1615,2018-02-07 00:00:00,20.36205354,92.8856006,RD-357,408,90,Car,Very High,Storm,6851,Slippery,No,None,No,29.99,61.03,2018,2,7,0,Wednesday,0,0
1616,2018-06-15 11:42:00,25.5389403,78.92160368,RD-148,153,35,Bus,Very High,Rain,6606,Dry,No,None,No,40.08,84.49,2018,6,15,11,Friday,0,0
1617,2018-05-01 21:51:00,23.00011059,71.93285073,RD-355,106,23,Bus,Low,Snow,8169,Under Maintenance,No,None,No,49.82,78.26,2018,5,1,21,Tuesday,0,0
1618,2019-06-21 15:49:00,35.69599397,89.91206714,RD-341,276,119,Car,Medium,Rain,8413,Dry,No,None,No,39.86,33.95,2019,6,21,15,Friday,0,0
1619,2019-02-12 08:11:00,35.8590625,82.10777272,RD-25,426,22,Car,Very High,Clear,5724,Slippery,No,None,No,36.73,71.55,2019,2,12,8,Tuesday,0,0
1620,2018-06-16 08:57:00,10.36560223,68.92815607,RD-475,361,62,Truck,High,Fog,4804,Wet,No,None,No,41.92,64.31,2018,6,16,8,Saturday,0,0
1621,2018-05-22 21:17:00,16.63756278,90.67427262,RD-196,246,74,Mixed,Low,Clear,2484,Wet,No,None,No,33.96,84.45,2018,5,22,21,Tuesday,0,0
1622,2023-08-05 03:27:00,8.218509656,80.61608643,RD-199,101,77,Truck,Very High,Storm,2886,Dry,No,None,No,21.8,37.35,2023,8,5,3,Saturday,0,0
1623,2019-01-15 04:46:00,20.11795011,89.89285215,RD-214,392,34,Car,Very High,Clear,8294,Slippery,No,None,No,36.87,62.04,2019,1,15,4,Tuesday,0,0
1624,2020-08-31 22:52:00,27.20203253,89.91213956,RD-490,157,99,Car,Low,Storm,8672,Wet,No,None,No,48.73,82.77,2020,8,31,22,Monday,0,0
1625,2022-05-22 04:12:00,21.66725865,70.8981501,RD-404,38,39,Bike,Low,Fog,1278,Dry,Yes,Fatal,No,25.26,54.6,2022,5,22,4,Sunday,1,0
1626,2022-04-20 00:24:00,9.948274333,85.78354887,RD-500,25,21,Mixed,Low,Storm,6122,Slippery,No,None,No,40.7,58.92,2022,4,20,0,Wednesday,0,0
1627,2019-09-23 23:32:00,13.68273089,78.44397487,RD-351,359,110,Bike,Very High,Fog,1043,Under Maintenance,No,None,No,26.03,34.23,2019,9,23,23,Monday,0,0
1628,2018-12-07 04:28:00,13.0254491,83.84565493,RD-161,410,20,Mixed,Low,Snow,3351,Under Maintenance,Yes,None,No,36.07,46.69,2018,12,7,4,Friday,1,0
1629,2021-03-20 00:31:00,22.8227204,70.56786239,RD-495,450,101,Mixed,Very High,Snow,3600,Under Maintenance,No,None,No,22.9,49.47,2021,3,20,0,Saturday,0,0
1630,2023-10-23 15:56:00,27.65272046,85.05732322,RD-283,215,72,Bus,High,Fog,7876,Slippery,No,None,No,33.51,86.71,2023,10,23,15,Monday,0,0
1631,2018-07-03 13:55:00,17.17343727,90.54866067,RD-28,225,99,Mixed,Very High,Rain,3774,Dry,No,None,No,42.68,46.96,2018,7,3,13,Tuesday,0,0
1632,2020-04-04 05:02:00,11.78334187,96.61760032,RD-7,302,37,Car,Medium,Fog,8715,Dry,Yes,None,Yes,30.43,57.65,2020,4,4,5,Saturday,1,1
1633,2018-12-29 01:29:00,31.15933179,77.28810695,RD-381,342,118,Mixed,Very High,Storm,2961,Slippery,No,None,No,39.95,70.28,2018,12,29,1,Saturday,0,0
1634,2018-05-07 06:11:00,32.89249327,72.49861777,RD-129,27,40,Truck,Very High,Snow,9335,Wet,No,None,No,43.86,39.73,2018,5,7,6,Monday,0,0
1635,2021-04-26 14:41:00,16.01815819,78.61113488,RD-104,336,15,Bus,Very High,Snow,9459,Slippery,No,None,No,47.82,59.19,2021,4,26,14,Monday,0,0
1636,2022-09-03 15:39:00,20.20168337,68.55977205,RD-318,389,64,Bike,Medium,Fog,7917,Wet,No,None,No,27.04,74.31,2022,9,3,15,Saturday,0,0
1637,2021-11-05 12:18:00,10.37600198,79.85442634,RD-445,186,8,Mixed,Low,Rain,1539,Slippery,No,None,No,31.98,82.01,2021,11,5,12,Friday,0,0
1638,2021-05-14 08:05:00,14.60322063,94.52309506,RD-400,148,67,Bike,Very High,Fog,9629,Under Maintenance,Yes,Minor,No,24.57,67.58,2021,5,14,8,Friday,1,0
1639,2022-09-10 00:55:00,30.24301096,73.63618173,RD-441,450,119,Car,High,Storm,5229,Wet,No,None,No,49.77,70.14,2022,9,10,0,Saturday,0,0
1640,2022-03-10 00:22:00,18.5907388,81.8538698,RD-446,218,104,Bike,High,Storm,8071,Slippery,No,None,No,47.81,37.58,2022,3,10,0,Thursday,0,0
1641,2023-04-25 02:14:00,25.5360757,84.60589455,RD-227,28,9,Mixed,Low,Clear,9922,Dry,No,None,No,36.2,86.75,2023,4,25,2,Tuesday,0,0
1642,2021-05-19 00:44:00,35.43934993,73.21730648,RD-425,79,68,Bike,High,Rain,5669,Slippery,No,None,No,45.26,37.95,2021,5,19,0,Wednesday,0,0
1643,2020-06-08 01:19:00,28.98549753,77.57306019,RD-116,125,89,Car,Medium,Snow,4310,Dry,No,None,Yes,35.63,76.48,2020,6,8,1,Monday,0,1
1644,2019-07-14 12:07:00,21.15011335,94.42936917,RD-467,475,81,Mixed,Low,Storm,2027,Wet,No,None,No,38.71,45.89,2019,7,14,12,Sunday,0,0
1645,2021-10-10 16:38:00,18.639529,76.57613341,RD-325,318,8,Bike,Low,Storm,6924,Wet,No,None,No,22.67,86.02,2021,10,10,16,Sunday,0,0
1646,2022-05-15 22:14:00,13.52528343,86.42552755,RD-361,19,110,Bike,Medium,Rain,4024,Under Maintenance,No,None,No,42.66,73.2,2022,5,15,22,Sunday,0,0
1647,2022-12-29 03:49:00,29.92806212,71.97160564,RD-364,266,118,Car,Medium,Fog,1675,Slippery,No,None,No,23.83,75.23,2022,12,29,3,Thursday,0,0
1648,2022-01-16 18:33:00,11.26033136,87.4261366,RD-332,266,39,Truck,High,Clear,7457,Dry,No,None,Yes,44.78,43.14,2022,1,16,18,Sunday,0,1
1649,2018-09-12 05:25:00,9.780417021,76.09518789,RD-189,56,30,Truck,High,Storm,5490,Dry,No,None,No,43.46,56.58,2018,9,12,5,Wednesday,0,0
1650,2019-06-24 16:18:00,11.04003158,74.70662067,RD-387,239,30,Bus,Medium,Clear,1570,Under Maintenance,No,None,No,41.26,67.07,2019,6,24,16,Monday,0,0
1651,2020-03-12 12:49:00,15.04425622,71.60079027,RD-302,164,23,Car,High,Snow,2367,Wet,No,None,Yes,21.08,76.2,2020,3,12,12,Thursday,0,1
1652,2022-06-12 18:00:00,26.18657903,69.35790717,RD-280,162,41,Truck,Very High,Clear,5485,Slippery,No,None,No,29.09,36.24,2022,6,12,18,Sunday,0,0
1653,2023-04-13 08:59:00,32.97857387,96.06793163,RD-379,227,15,Bike,Medium,Storm,5534,Dry,No,None,Yes,27.89,87.74,2023,4,13,8,Thursday,0,1
1654,2023-05-13 16:08:00,36.78604969,80.00323677,RD-309,112,70,Car,High,Fog,8753,Dry,No,None,Yes,30.8,83.41,2023,5,13,16,Saturday,0,1
1655,2018-09-14 18:37:00,29.21304029,90.55084957,RD-101,403,35,Bike,High,Storm,8889,Slippery,No,None,No,22.63,46.22,2018,9,14,18,Friday,0,0
1656,2020-03-29 14:24:00,12.23333577,94.6825897,RD-398,173,22,Bike,Low,Snow,6264,Dry,No,None,No,48.11,79.37,2020,3,29,14,Sunday,0,0
1657,2019-05-13 01:50:00,16.05343799,73.91659265,RD-372,439,79,Bus,Low,Clear,6845,Under Maintenance,No,None,No,36.61,61.1,2019,5,13,1,Monday,0,0
1658,2019-03-07 15:33:00,11.82761558,93.22560929,RD-494,401,48,Bus,Very High,Fog,5524,Wet,No,None,No,29.17,57.71,2019,3,7,15,Thursday,0,0
1659,2023-08-07 09:34:00,11.35100166,88.53271189,RD-100,490,20,Mixed,Medium,Fog,4012,Wet,No,None,No,31.91,48.87,2023,8,7,9,Monday,0,0
1660,2019-11-13 19:40:00,24.46424681,84.76133462,RD-151,455,62,Car,Very High,Clear,2607,Under Maintenance,No,None,No,33.42,64.86,2019,11,13,19,Wednesday,0,0
1661,2019-09-07 17:36:00,34.29496865,91.46325644,RD-230,422,6,Truck,Medium,Clear,4075,Slippery,No,None,No,38.02,73.79,2019,9,7,17,Saturday,0,0
1662,2020-11-02 05:19:00,27.84546448,71.20927281,RD-91,62,63,Bus,Medium,Clear,4234,Dry,No,None,No,35.47,54.66,2020,11,2,5,Monday,0,0
1663,2021-01-11 15:21:00,31.21885572,75.64440975,RD-350,491,100,Car,High,Snow,3083,Under Maintenance,Yes,Fatal,Yes,47.58,67.75,2021,1,11,15,Monday,1,1
1664,2022-11-11 12:29:00,22.73480608,71.80047534,RD-39,484,52,Bus,Low,Fog,4198,Wet,No,None,No,34.91,71.96,2022,11,11,12,Friday,0,0
1665,2021-05-07 20:18:00,21.78431203,93.98314654,RD-96,371,116,Truck,Low,Storm,2032,Under Maintenance,No,None,No,49.76,72.67,2021,5,7,20,Friday,0,0
1666,2022-04-30 05:06:00,35.18705242,70.86513213,RD-493,13,90,Bus,Medium,Snow,7855,Under Maintenance,No,None,Yes,45.54,33.12,2022,4,30,5,Saturday,0,1
1667,2022-05-16 18:59:00,28.9369745,96.41856222,RD-89,58,40,Mixed,High,Clear,2166,Dry,No,None,No,26.26,81.58,2022,5,16,18,Monday,0,0
1668,2023-11-28 08:52:00,21.32089221,71.18684523,RD-377,121,12,Car,Medium,Clear,1663,Wet,No,None,No,47.92,57.5,2023,11,28,8,Tuesday,0,0
1669,2018-01-31 22:38:00,17.64489095,87.19277068,RD-264,206,40,Car,Low,Storm,9138,Wet,No,None,No,23.49,45.74,2018,1,31,22,Wednesday,0,0
1670,2021-01-23 16:37:00,10.7006973,87.15432741,RD-62,179,111,Bike,Very High,Storm,3223,Wet,No,None,Yes,44.52,44.51,2021,1,23,16,Saturday,0,1
1671,2023-07-19 20:59:00,31.80850442,95.00613915,RD-194,127,29,Mixed,Low,Storm,941,Dry,No,None,No,31.42,58.98,2023,7,19,20,Wednesday,0,0
1672,2020-09-10 18:34:00,12.91038709,77.37084278,RD-21,84,44,Bus,Very High,Rain,9430,Wet,No,None,No,46.34,83.21,2020,9,10,18,Thursday,0,0
1673,2023-06-16 22:46:00,22.93545905,77.62834539,RD-220,330,112,Bike,Low,Snow,4437,Slippery,No,None,Yes,46.04,52.7,2023,6,16,22,Friday,0,1
1674,2018-06-26 04:54:00,26.48109794,92.54250588,RD-143,214,99,Bus,Low,Rain,6999,Slippery,No,None,No,44.18,74.98,2018,6,26,4,Tuesday,0,0
1675,2019-08-08 19:48:00,29.57826505,96.37869103,RD-285,93,8,Mixed,Medium,Storm,6335,Dry,No,None,No,43.7,35.81,2019,8,8,19,Thursday,0,0
1676,2021-09-02 12:52:00,10.41696319,68.87402458,RD-136,43,107,Bike,Very High,Fog,483,Wet,Yes,None,No,29.14,58.56,2021,9,2,12,Thursday,1,0
1677,2018-02-20 15:41:00,8.30989803,86.4241907,RD-67,362,113,Truck,Very High,Snow,2965,Slippery,No,None,No,22.43,89.5,2018,2,20,15,Tuesday,0,0
1678,2020-02-23 14:45:00,28.47424638,75.06554986,RD-83,23,47,Car,Medium,Rain,3307,Slippery,No,None,No,32.09,76.23,2020,2,23,14,Sunday,0,0
1679,2018-06-23 08:13:00,21.17734697,89.11090635,RD-300,446,78,Mixed,Medium,Clear,6006,Wet,No,None,Yes,25.21,42.63,2018,6,23,8,Saturday,0,1
1680,2020-12-01 23:32:00,13.25292544,90.40885127,RD-434,341,31,Mixed,High,Snow,2429,Dry,No,None,No,40.85,60.09,2020,12,1,23,Tuesday,0,0
1681,2023-08-16 23:16:00,36.47879495,90.11324115,RD-131,212,109,Bus,Very High,Fog,9808,Under Maintenance,No,None,No,30.38,44.02,2023,8,16,23,Wednesday,0,0
1682,2021-08-12 07:52:00,30.9492705,80.62982411,RD-3,266,42,Truck,Low,Fog,8149,Dry,No,None,No,49.27,54.57,2021,8,12,7,Thursday,0,0
1683,2023-04-01 00:12:00,24.77687877,72.57624021,RD-170,247,85,Truck,Medium,Storm,3328,Under Maintenance,Yes,Minor,No,39.23,76.81,2023,4,1,0,Saturday,1,0
1684,2019-05-20 21:30:00,28.36110569,84.9581743,RD-239,273,113,Mixed,Very High,Storm,6932,Dry,No,None,No,44.67,76.27,2019,5,20,21,Monday,0,0
1685,2022-02-13 03:51:00,12.49568024,90.88210412,RD-364,411,42,Mixed,Medium,Clear,6271,Under Maintenance,No,None,No,23.98,43.69,2022,2,13,3,Sunday,0,0
1686,2021-11-29 21:47:00,35.90453066,94.45365497,RD-480,398,68,Car,Very High,Fog,378,Dry,No,None,Yes,45.86,85.33,2021,11,29,21,Monday,0,1
1687,2022-02-06 12:33:00,36.89464529,81.12668539,RD-80,392,93,Truck,Low,Storm,4222,Wet,No,None,No,47.68,65.55,2022,2,6,12,Sunday,0,0
1688,2023-08-14 10:41:00,26.80491978,75.12458652,RD-21,137,21,Mixed,Medium,Rain,7212,Under Maintenance,Yes,Minor,No,34.61,52.8,2023,8,14,10,Monday,1,0
1689,2022-03-06 05:08:00,27.38106544,71.44585172,RD-79,232,17,Car,High,Storm,2564,Dry,No,None,No,38.19,60.12,2022,3,6,5,Sunday,0,0
1690,2023-03-20 18:01:00,28.42929725,91.13043213,RD-476,76,89,Bus,Low,Clear,522,Wet,No,None,No,42.94,66.3,2023,3,20,18,Monday,0,0
1691,2020-10-31 22:42:00,27.30780048,83.52362365,RD-166,159,83,Truck,Medium,Clear,8206,Wet,Yes,None,No,25.25,63.59,2020,10,31,22,Saturday,1,0
1692,2022-02-23 11:57:00,20.71768402,87.55133868,RD-306,143,116,Bike,High,Rain,213,Wet,No,None,No,35.08,59.18,2022,2,23,11,Wednesday,0,0
1693,2021-06-10 22:42:00,23.67961088,72.61797162,RD-27,353,28,Bike,Medium,Snow,8637,Dry,No,None,No,31.96,60.3,2021,6,10,22,Thursday,0,0
1694,2019-04-10 17:14:00,16.19905973,68.1907857,RD-397,420,11,Mixed,Low,Fog,1900,Dry,No,None,Yes,24.39,40.58,2019,4,10,17,Wednesday,0,1
1695,2022-07-04 21:21:00,20.95858958,96.0598666,RD-478,222,68,Mixed,Low,Clear,1847,Under Maintenance,No,None,No,31.03,78.76,2022,7,4,21,Monday,0,0
1696,2021-09-30 20:47:00,20.64699587,91.51575757,RD-321,46,113,Car,Low,Fog,5853,Under Maintenance,No,None,Yes,22.05,62.51,2021,9,30,20,Thursday,0,1
1697,2021-12-01 12:37:00,16.35607225,79.60076588,RD-316,130,67,Mixed,High,Rain,9107,Wet,No,None,No,20.77,37.86,2021,12,1,12,Wednesday,0,0
1698,2019-07-22 20:33:00,30.81443977,81.25728576,RD-432,235,106,Mixed,Very High,Rain,9375,Under Maintenance,No,None,No,24.05,75.97,2019,7,22,20,Monday,0,0
1699,2021-01-16 04:46:00,19.88048813,94.94289544,RD-339,300,108,Car,Low,Snow,7589,Wet,No,None,No,48.89,85.95,2021,1,16,4,Saturday,0,0
1700,2019-12-23 06:40:00,23.99974309,74.02185823,RD-155,392,26,Bike,Low,Clear,8866,Wet,No,None,No,36.49,86.84,2019,12,23,6,Monday,0,0
1701,2021-10-20 09:00:00,12.52662517,91.28203188,RD-252,45,110,Car,Very High,Rain,5404,Wet,No,None,Yes,48.97,52.14,2021,10,20,9,Wednesday,0,1
1702,2022-04-28 17:40:00,21.77404011,68.51995631,RD-405,198,57,Truck,High,Storm,1983,Wet,No,None,No,32.97,38.13,2022,4,28,17,Thursday,0,0
1703,2018-12-21 17:46:00,30.0822046,93.39567081,RD-294,256,78,Truck,High,Fog,4422,Slippery,No,None,No,29.35,61.1,2018,12,21,17,Friday,0,0
1704,2021-09-20 21:38:00,20.89124353,85.08923619,RD-282,227,101,Mixed,Very High,Fog,8585,Wet,No,None,No,35.18,36.76,2021,9,20,21,Monday,0,0
1705,2019-05-02 11:44:00,24.17450013,81.84976082,RD-184,389,16,Mixed,Low,Storm,2348,Wet,Yes,None,No,33.19,86.04,2019,5,2,11,Thursday,1,0
1706,2021-07-21 06:02:00,28.34949094,88.48727336,RD-38,266,76,Bike,High,Fog,9481,Slippery,No,None,No,23.17,41.01,2021,7,21,6,Wednesday,0,0
1707,2020-04-25 03:15:00,19.28029166,69.96188281,RD-402,185,108,Bike,Very High,Storm,2451,Slippery,No,None,No,39.22,45.17,2020,4,25,3,Saturday,0,0
1708,2019-06-28 02:01:00,18.24519402,73.67077475,RD-363,220,26,Bus,High,Fog,1096,Under Maintenance,No,None,No,26.48,54.4,2019,6,28,2,Friday,0,0
1709,2020-06-16 06:02:00,10.48651678,79.80256738,RD-163,227,107,Truck,Medium,Rain,2378,Under Maintenance,No,None,No,38.59,52.99,2020,6,16,6,Tuesday,0,0
1710,2018-06-08 14:56:00,24.88589944,85.91811913,RD-270,352,43,Truck,Medium,Snow,5320,Wet,No,None,Yes,39.51,77.68,2018,6,8,14,Friday,0,1
1711,2021-12-06 16:21:00,28.50179792,72.19190042,RD-113,497,51,Bus,Very High,Clear,2282,Wet,No,None,No,24.56,57.38,2021,12,6,16,Monday,0,0
1712,2023-06-12 12:58:00,24.85632138,79.00527673,RD-490,491,68,Bus,Low,Clear,9175,Dry,No,None,No,21.84,40.25,2023,6,12,12,Monday,0,0
1713,2021-01-26 06:54:00,16.22223501,75.56589191,RD-95,356,48,Truck,Medium,Clear,9402,Slippery,No,None,No,43.42,46.03,2021,1,26,6,Tuesday,0,0
1714,2022-08-17 05:24:00,15.60776941,86.72151165,RD-267,332,20,Mixed,Low,Clear,3532,Wet,No,None,No,33.79,60.55,2022,8,17,5,Wednesday,0,0
1715,2020-10-12 00:09:00,12.62514078,94.65907504,RD-35,496,63,Truck,High,Clear,9702,Slippery,No,None,No,21.74,38.85,2020,10,12,0,Monday,0,0
1716,2021-05-01 20:53:00,9.362734099,72.81339487,RD-403,86,116,Bus,Very High,Storm,9672,Wet,Yes,Minor,No,49.85,66.7,2021,5,1,20,Saturday,1,0
1717,2019-08-20 22:52:00,20.37946305,73.48857317,RD-259,432,38,Bike,Medium,Rain,3998,Under Maintenance,No,None,No,21.73,63.94,2019,8,20,22,Tuesday,0,0
1718,2022-02-23 23:00:00,12.65508932,85.41532591,RD-82,473,50,Car,Very High,Snow,4692,Dry,No,None,No,40.85,72.88,2022,2,23,23,Wednesday,0,0
1719,2021-03-08 21:00:00,28.03313333,81.15331275,RD-213,12,84,Bike,Very High,Clear,5863,Slippery,Yes,Major,No,49.51,86.26,2021,3,8,21,Monday,1,0
1720,2019-12-17 10:17:00,35.89025728,88.82503356,RD-279,35,82,Bike,Very High,Fog,3724,Dry,No,None,No,27.18,84.74,2019,12,17,10,Tuesday,0,0
1721,2018-01-13 03:49:00,10.13096511,76.34867449,RD-275,462,74,Bus,Very High,Fog,3363,Wet,No,None,No,24.27,86.76,2018,1,13,3,Saturday,0,0
1722,2022-02-14 15:28:00,33.89571773,83.79976887,RD-207,448,59,Truck,Very High,Snow,9806,Slippery,No,None,No,23.64,44.68,2022,2,14,15,Monday,0,0
1723,2021-09-11 14:29:00,27.07376657,79.21801634,RD-48,12,118,Bus,High,Clear,6723,Under Maintenance,No,None,No,29.1,37.89,2021,9,11,14,Saturday,0,0
1724,2021-06-14 11:52:00,32.94809044,76.15666041,RD-179,321,78,Bus,Medium,Clear,3329,Dry,No,None,No,23.03,48.14,2021,6,14,11,Monday,0,0
1725,2022-07-19 02:51:00,12.49380668,89.14959593,RD-114,293,28,Mixed,Very High,Rain,3732,Wet,No,None,No,40.76,83.71,2022,7,19,2,Tuesday,0,0
1726,2018-12-31 20:47:00,34.28797883,91.08091871,RD-453,248,31,Mixed,Medium,Fog,4789,Under Maintenance,No,None,Yes,21.87,88.32,2018,12,31,20,Monday,0,1
1727,2021-04-11 06:36:00,35.77828282,77.53959219,RD-110,253,115,Car,Medium,Fog,4313,Dry,No,None,No,35.28,81.56,2021,4,11,6,Sunday,0,0
1728,2019-11-04 23:07:00,34.29470916,86.06618329,RD-340,436,118,Mixed,High,Storm,719,Under Maintenance,No,None,No,49.9,36.6,2019,11,4,23,Monday,0,0
1729,2020-01-02 01:33:00,30.77948931,73.17915031,RD-170,39,77,Car,Medium,Fog,7195,Under Maintenance,No,None,No,44.42,86.85,2020,1,2,1,Thursday,0,0
1730,2021-02-02 15:45:00,10.61882346,90.9380686,RD-170,352,116,Bike,Medium,Clear,5109,Dry,No,None,No,38.46,55.4,2021,2,2,15,Tuesday,0,0
1731,2023-04-27 05:47:00,14.40120107,76.1562719,RD-185,411,20,Bike,Medium,Clear,7236,Under Maintenance,No,None,No,29.19,30.56,2023,4,27,5,Thursday,0,0
1732,2018-07-09 16:20:00,34.48092112,72.95768762,RD-151,14,6,Bus,High,Fog,1865,Wet,No,None,No,38.72,56.54,2018,7,9,16,Monday,0,0
1733,2020-12-26 13:08:00,14.65330462,95.25888047,RD-112,351,35,Bike,Low,Storm,3702,Wet,No,None,No,35.81,32.76,2020,12,26,13,Saturday,0,0
1734,2019-09-07 18:17:00,18.08370694,80.25204415,RD-487,118,67,Mixed,Medium,Snow,8833,Under Maintenance,No,None,No,32.78,62.63,2019,9,7,18,Saturday,0,0
1735,2023-05-08 04:43:00,9.463829942,86.66149749,RD-386,326,51,Mixed,Medium,Fog,4639,Slippery,Yes,Minor,No,23.92,50.31,2023,5,8,4,Monday,1,0
1736,2023-02-18 10:55:00,26.21469713,91.46718743,RD-317,266,23,Mixed,Medium,Snow,4018,Dry,No,None,No,46.6,58.41,2023,2,18,10,Saturday,0,0
1737,2019-03-01 17:23:00,24.33572675,87.8981272,RD-272,73,60,Truck,Low,Fog,3023,Slippery,No,None,No,33.49,66.79,2019,3,1,17,Friday,0,0
1738,2018-10-08 14:18:00,35.89137837,84.37514157,RD-244,228,15,Mixed,Low,Snow,5597,Wet,No,None,No,25.84,82.13,2018,10,8,14,Monday,0,0
1739,2023-05-14 20:00:00,33.87799442,78.77679031,RD-288,151,90,Bus,High,Clear,809,Wet,No,None,No,31.03,69.71,2023,5,14,20,Sunday,0,0
1740,2019-12-08 07:23:00,22.67237283,94.63716806,RD-422,306,97,Bus,Very High,Clear,6823,Dry,No,None,Yes,32.42,56.04,2019,12,8,7,Sunday,0,1
1741,2020-10-14 09:29:00,25.67078179,71.87271823,RD-386,263,99,Bike,Medium,Snow,6752,Wet,No,None,No,44.83,79.17,2020,10,14,9,Wednesday,0,0
1742,2023-04-23 04:13:00,19.98270778,93.63367191,RD-333,82,12,Car,Very High,Rain,910,Dry,No,None,Yes,42.01,84.33,2023,4,23,4,Sunday,0,1
1743,2020-07-15 10:16:00,11.84131498,88.58561608,RD-5,461,78,Truck,Low,Clear,4452,Slippery,No,None,No,43.08,37.19,2020,7,15,10,Wednesday,0,0
1744,2018-11-07 21:35:00,33.16592727,84.57090961,RD-59,190,10,Car,Very High,Storm,1196,Dry,Yes,None,No,20.33,61.92,2018,11,7,21,Wednesday,1,0
1745,2023-05-05 23:14:00,23.93661885,77.41768508,RD-343,226,35,Truck,High,Storm,9384,Wet,No,None,No,32.48,47.07,2023,5,5,23,Friday,0,0
1746,2020-07-24 07:19:00,20.33637159,72.23528052,RD-178,424,119,Bus,Low,Snow,4679,Slippery,Yes,Minor,Yes,34.44,32.82,2020,7,24,7,Friday,1,1
1747,2019-03-02 22:40:00,9.985496775,80.85165611,RD-229,131,103,Bus,Medium,Rain,8090,Slippery,No,None,No,20.58,70.11,2019,3,2,22,Saturday,0,0
1748,2018-06-23 14:26:00,27.29611884,90.7290261,RD-124,324,54,Truck,Very High,Storm,7754,Dry,No,None,Yes,27.79,81.77,2018,6,23,14,Saturday,0,1
1749,2019-10-11 01:19:00,19.59028227,89.61398203,RD-464,233,108,Bike,Low,Clear,4019,Slippery,No,None,No,42.81,39.77,2019,10,11,1,Friday,0,0
1750,2020-06-27 07:02:00,15.35718012,86.71782388,RD-329,459,33,Mixed,Low,Fog,8847,Under Maintenance,No,None,No,24.11,78.74,2020,6,27,7,Saturday,0,0
1751,2021-03-25 03:40:00,33.42584488,96.78249049,RD-315,249,25,Mixed,Very High,Fog,9191,Dry,No,None,No,36.06,81.2,2021,3,25,3,Thursday,0,0
1752,2022-03-24 12:07:00,13.3253232,96.20640835,RD-471,302,45,Car,Very High,Clear,8533,Slippery,No,None,No,26.46,84.86,2022,3,24,12,Thursday,0,0
1753,2022-01-14 16:56:00,22.93557636,79.60014136,RD-319,253,73,Bus,Very High,Rain,5737,Wet,No,None,No,20.36,45.92,2022,1,14,16,Friday,0,0
1754,2021-03-07 08:32:00,31.07692454,73.58349594,RD-125,59,73,Mixed,Low,Snow,1420,Under Maintenance,No,None,No,27.24,84.24,2021,3,7,8,Sunday,0,0
1755,2022-01-03 21:31:00,32.62316842,81.45130982,RD-491,203,92,Bus,Medium,Clear,8674,Under Maintenance,No,None,No,49.28,49.24,2022,1,3,21,Monday,0,0
1756,2022-08-26 08:12:00,31.7424566,92.49272168,RD-21,23,83,Bus,Low,Fog,4380,Under Maintenance,No,None,No,44.05,63.14,2022,8,26,8,Friday,0,0
1757,2023-08-05 00:57:00,34.00216372,81.29832954,RD-350,408,60,Bus,Medium,Snow,6720,Wet,No,None,No,48.79,33.03,2023,8,5,0,Saturday,0,0
1758,2020-08-24 14:53:00,12.12836395,77.74347699,RD-454,290,32,Mixed,Very High,Rain,4884,Under Maintenance,No,None,Yes,34.64,32.63,2020,8,24,14,Monday,0,1
1759,2020-01-27 14:56:00,35.27329744,89.49571352,RD-165,467,38,Mixed,Very High,Storm,6944,Under Maintenance,Yes,None,No,23.29,73.22,2020,1,27,14,Monday,1,0
1760,2022-10-28 20:34:00,8.313285042,86.85398494,RD-196,357,60,Mixed,High,Fog,9201,Under Maintenance,No,None,Yes,36.44,56.67,2022,10,28,20,Friday,0,1
1761,2022-11-18 01:28:00,15.42121605,96.09223243,RD-469,249,81,Truck,Medium,Rain,2055,Wet,No,None,Yes,33.63,45.38,2022,11,18,1,Friday,0,1
1762,2020-03-27 04:53:00,10.43712364,83.92853946,RD-408,17,59,Mixed,Very High,Clear,4019,Slippery,Yes,Fatal,No,45.33,41.42,2020,3,27,4,Friday,1,0
1763,2023-05-09 07:59:00,35.42046092,96.05669354,RD-484,195,48,Bus,Medium,Rain,5879,Wet,No,None,No,22.94,70.2,2023,5,9,7,Tuesday,0,0
1764,2018-05-05 03:29:00,20.29413395,76.43715303,RD-59,387,36,Bus,Medium,Rain,9432,Wet,No,None,No,34.65,30.02,2018,5,5,3,Saturday,0,0
1765,2018-02-20 20:05:00,17.14281274,93.07990065,RD-198,257,90,Car,Medium,Snow,3542,Wet,No,None,Yes,24.5,78.35,2018,2,20,20,Tuesday,0,1
1766,2021-11-14 11:17:00,12.84553644,78.17682937,RD-132,449,33,Bike,Medium,Fog,737,Slippery,No,None,Yes,29.74,34.75,2021,11,14,11,Sunday,0,1
1767,2020-08-13 21:20:00,12.51871932,91.48059653,RD-277,407,7,Truck,Low,Fog,6442,Slippery,No,None,No,42.12,41.49,2020,8,13,21,Thursday,0,0
1768,2022-06-26 04:18:00,25.8040189,94.85359935,RD-371,93,73,Car,High,Rain,9555,Wet,No,None,Yes,34.28,53.17,2022,6,26,4,Sunday,0,1
1769,2020-06-07 07:30:00,9.365440825,86.07254145,RD-145,51,118,Truck,Medium,Clear,707,Wet,No,None,No,31.28,59.09,2020,6,7,7,Sunday,0,0
1770,2020-04-06 09:06:00,25.23558088,89.12792354,RD-13,278,15,Truck,Medium,Rain,2193,Wet,No,None,Yes,31.83,51.3,2020,4,6,9,Monday,0,1
1771,2021-08-11 05:43:00,30.46483179,95.80055125,RD-467,28,52,Bus,High,Clear,7312,Slippery,No,None,No,33.78,49.24,2021,8,11,5,Wednesday,0,0
1772,2022-11-24 02:04:00,25.42943114,78.87953742,RD-265,43,109,Bus,Very High,Snow,2089,Wet,No,None,Yes,43.55,87.83,2022,11,24,2,Thursday,0,1
1773,2018-01-14 18:47:00,31.97078427,82.83592804,RD-421,483,57,Bus,Medium,Fog,7580,Dry,Yes,Major,No,46.76,68.49,2018,1,14,18,Sunday,1,0
1774,2021-04-12 11:49:00,15.69250242,94.0504657,RD-395,366,60,Bus,Very High,Fog,7720,Under Maintenance,No,None,Yes,48.66,31.41,2021,4,12,11,Monday,0,1
1775,2020-01-25 00:15:00,10.23797401,87.51166101,RD-192,183,57,Car,Low,Fog,9332,Wet,No,None,No,43.61,55.81,2020,1,25,0,Saturday,0,0
1776,2021-05-14 21:01:00,28.90872789,93.33414204,RD-264,225,30,Bike,High,Fog,902,Dry,No,None,No,29.46,82.5,2021,5,14,21,Friday,0,0
1777,2020-10-13 07:49:00,32.01578132,85.92938067,RD-412,382,13,Bike,Low,Snow,9955,Slippery,No,None,No,40.64,48.09,2020,10,13,7,Tuesday,0,0
1778,2023-10-19 15:30:00,22.54861956,89.45223038,RD-261,320,112,Car,Very High,Rain,4079,Slippery,No,None,No,33.13,35.67,2023,10,19,15,Thursday,0,0
1779,2023-01-20 04:17:00,31.79789126,68.37881056,RD-229,478,79,Bike,High,Fog,7225,Dry,No,None,Yes,27.64,75.5,2023,1,20,4,Friday,0,1
1780,2018-08-21 19:35:00,21.27965551,77.85052076,RD-250,457,69,Mixed,Low,Storm,5925,Slippery,Yes,Fatal,No,45.23,66.36,2018,8,21,19,Tuesday,1,0
1781,2021-11-11 08:27:00,13.75730138,90.34220137,RD-23,194,106,Mixed,Very High,Clear,1489,Dry,No,None,No,21.15,64.22,2021,11,11,8,Thursday,0,0
1782,2020-09-19 01:51:00,21.75742651,79.71623056,RD-152,481,113,Mixed,Very High,Clear,2131,Under Maintenance,No,None,No,47.05,33.21,2020,9,19,1,Saturday,0,0
1783,2019-01-11 06:36:00,14.26256882,78.52255507,RD-460,209,60,Bus,High,Fog,2735,Dry,Yes,None,No,33.84,38.43,2019,1,11,6,Friday,1,0
1784,2019-05-02 21:01:00,21.68891555,95.59501484,RD-334,457,32,Mixed,High,Clear,3784,Wet,No,None,Yes,39.12,67.35,2019,5,2,21,Thursday,0,1
1785,2020-09-03 16:55:00,12.27899522,84.02390626,RD-99,106,27,Truck,Very High,Clear,1296,Wet,No,None,No,39.78,42.47,2020,9,3,16,Thursday,0,0
1786,2023-01-26 01:51:00,13.38130007,73.58227047,RD-165,142,35,Truck,Very High,Snow,9627,Under Maintenance,No,None,Yes,46.85,60.24,2023,1,26,1,Thursday,0,1
1787,2020-09-12 02:41:00,33.6044702,81.69457398,RD-264,482,70,Car,Low,Clear,3865,Slippery,No,None,No,39.1,62.69,2020,9,12,2,Saturday,0,0
1788,2019-01-19 11:43:00,11.35988724,83.04146703,RD-43,52,65,Truck,Low,Snow,7076,Wet,No,None,No,38.42,47.01,2019,1,19,11,Saturday,0,0
1789,2022-12-19 09:46:00,14.50395412,96.67321739,RD-486,113,86,Car,Very High,Clear,2104,Slippery,No,None,No,22.0,86.91,2022,12,19,9,Monday,0,0
1790,2023-01-02 14:23:00,36.87008147,88.82836663,RD-50,26,20,Bike,Medium,Snow,595,Under Maintenance,No,None,No,35.55,80.55,2023,1,2,14,Monday,0,0
1791,2020-07-08 10:37:00,24.70453697,83.06266179,RD-86,98,63,Truck,High,Clear,5887,Slippery,No,None,No,24.51,73.34,2020,7,8,10,Wednesday,0,0
1792,2019-02-07 01:37:00,24.9887573,80.52773207,RD-498,499,110,Truck,High,Storm,8236,Under Maintenance,No,None,No,42.12,34.68,2019,2,7,1,Thursday,0,0
1793,2020-06-07 04:56:00,32.50415542,94.54935371,RD-490,183,85,Car,High,Rain,3182,Slippery,No,None,Yes,35.37,36.37,2020,6,7,4,Sunday,0,1
1794,2018-06-25 22:26:00,23.20526946,86.73229121,RD-396,170,52,Truck,Very High,Snow,7807,Slippery,No,None,No,40.41,59.57,2018,6,25,22,Monday,0,0
1795,2022-10-25 16:40:00,14.43167665,78.32651687,RD-276,334,21,Car,Low,Storm,1535,Dry,No,None,No,21.25,39.64,2022,10,25,16,Tuesday,0,0
1796,2019-11-17 09:55:00,20.25153013,81.47428049,RD-274,280,115,Truck,Low,Rain,8295,Dry,No,None,No,22.54,88.7,2019,11,17,9,Sunday,0,0
1797,2019-01-17 08:40:00,29.89503636,76.06561872,RD-4,51,39,Bus,High,Rain,9960,Wet,No,None,No,41.49,39.51,2019,1,17,8,Thursday,0,0
1798,2019-09-27 09:28:00,33.30100471,95.85243176,RD-321,408,99,Bike,Medium,Storm,5215,Under Maintenance,Yes,Minor,No,22.16,59.25,2019,9,27,9,Friday,1,0
1799,2019-09-14 00:12:00,15.92291092,88.35640747,RD-34,458,103,Truck,High,Fog,9605,Under Maintenance,No,None,No,22.14,51.85,2019,9,14,0,Saturday,0,0
1800,2023-03-31 11:19:00,15.59728266,79.37664961,RD-108,200,63,Bike,High,Fog,5793,Under Maintenance,No,None,No,20.36,68.36,2023,3,31,11,Friday,0,0
1801,2022-06-29 03:25:00,17.50063798,73.31318287,RD-344,65,92,Truck,High,Snow,3785,Slippery,Yes,None,No,48.7,37.74,2022,6,29,3,Wednesday,1,0
1802,2019-06-21 13:56:00,25.2901103,73.13355346,RD-323,180,45,Truck,Medium,Fog,5371,Dry,No,None,Yes,42.13,55.82,2019,6,21,13,Friday,0,1
1803,2020-10-24 17:33:00,16.0767629,81.85452435,RD-397,91,41,Bus,High,Snow,4936,Dry,No,None,No,30.6,46.48,2020,10,24,17,Saturday,0,0
1804,2019-09-05 02:10:00,33.90097084,81.55944445,RD-110,463,117,Mixed,Low,Storm,1574,Under Maintenance,No,None,No,28.9,83.27,2019,9,5,2,Thursday,0,0
1805,2022-03-26 15:18:00,36.36222007,80.11587052,RD-443,299,34,Mixed,Medium,Fog,8771,Dry,No,None,No,30.49,32.44,2022,3,26,15,Saturday,0,0
1806,2021-08-02 16:55:00,27.69447775,92.70237483,RD-351,203,86,Bike,Medium,Fog,8484,Slippery,No,None,No,43.24,84.82,2021,8,2,16,Monday,0,0
1807,2023-04-18 00:03:00,36.13869119,96.39631039,RD-218,474,95,Bike,Low,Clear,8884,Dry,No,None,No,39.84,79.98,2023,4,18,0,Tuesday,0,0
1808,2019-07-23 20:30:00,16.34766359,78.28987202,RD-428,383,20,Bus,Very High,Clear,9547,Wet,No,None,No,25.56,47.85,2019,7,23,20,Tuesday,0,0
1809,2022-01-16 20:36:00,31.63994024,76.54370839,RD-54,78,88,Car,Medium,Rain,5163,Under Maintenance,No,None,No,25.22,77.36,2022,1,16,20,Sunday,0,0
1810,2019-11-03 20:54:00,27.67489456,90.33321268,RD-106,29,109,Bike,Medium,Clear,1142,Under Maintenance,No,None,No,22.95,31.87,2019,11,3,20,Sunday,0,0
1811,2019-09-29 17:29:00,15.63256309,81.04399539,RD-276,151,51,Mixed,Medium,Storm,860,Slippery,No,None,No,39.81,88.01,2019,9,29,17,Sunday,0,0
1812,2019-08-16 18:49:00,17.23381113,74.30948919,RD-425,213,32,Bus,Very High,Snow,9811,Wet,No,None,No,42.93,61.6,2019,8,16,18,Friday,0,0
1813,2020-04-18 07:41:00,22.17014433,73.24723861,RD-360,333,25,Car,High,Snow,7874,Dry,Yes,None,No,27.95,48.2,2020,4,18,7,Saturday,1,0
1814,2020-11-07 13:32:00,30.95765676,76.13646499,RD-450,306,45,Bus,Very High,Clear,8336,Slippery,Yes,Minor,Yes,20.63,51.75,2020,11,7,13,Saturday,1,1
1815,2019-04-24 17:21:00,33.29444581,68.03838523,RD-500,196,49,Mixed,Low,Clear,6424,Dry,No,None,No,22.47,33.98,2019,4,24,17,Wednesday,0,0
1816,2021-03-22 15:55:00,26.38446427,95.30146822,RD-380,59,101,Bus,Low,Snow,7982,Dry,No,None,No,49.04,89.36,2021,3,22,15,Monday,0,0
1817,2020-03-03 14:55:00,28.92571479,80.47721742,RD-397,211,116,Truck,Low,Rain,8176,Dry,No,None,No,28.86,32.36,2020,3,3,14,Tuesday,0,0
1818,2019-09-23 15:24:00,15.65163659,70.40256799,RD-223,432,77,Mixed,Medium,Fog,3867,Under Maintenance,No,None,No,43.08,69.29,2019,9,23,15,Monday,0,0
1819,2020-05-03 09:43:00,29.49107494,72.78375672,RD-332,167,68,Car,High,Rain,8846,Under Maintenance,No,None,No,38.74,56.56,2020,5,3,9,Sunday,0,0
1820,2022-10-24 14:54:00,25.54441458,77.37679647,RD-419,174,92,Bus,High,Storm,3775,Wet,Yes,Major,No,31.46,86.93,2022,10,24,14,Monday,1,0
1821,2023-02-17 10:31:00,14.46470625,83.99912435,RD-482,312,17,Mixed,Medium,Storm,3855,Slippery,No,None,No,26.17,44.76,2023,2,17,10,Friday,0,0
1822,2022-01-26 11:07:00,35.55542218,88.4077663,RD-37,135,98,Mixed,High,Fog,8694,Under Maintenance,No,None,No,23.64,61.93,2022,1,26,11,Wednesday,0,0
1823,2022-04-06 12:37:00,22.87292867,76.92768448,RD-383,227,114,Car,Very High,Fog,3475,Slippery,No,None,No,38.45,58.94,2022,4,6,12,Wednesday,0,0
1824,2018-10-30 19:14:00,31.03939856,95.77087798,RD-352,438,47,Mixed,Low,Rain,3319,Slippery,No,None,No,43.24,72.17,2018,10,30,19,Tuesday,0,0
1825,2023-03-20 09:11:00,23.24277024,90.04904518,RD-79,322,101,Car,Low,Snow,8855,Slippery,No,None,No,39.32,34.08,2023,3,20,9,Monday,0,0
1826,2019-09-04 17:09:00,35.05516477,91.94816433,RD-13,397,114,Mixed,Medium,Fog,8679,Wet,No,None,No,35.91,41.63,2019,9,4,17,Wednesday,0,0
1827,2018-10-29 06:27:00,12.09710215,77.38572498,RD-236,271,62,Bus,Medium,Rain,7373,Slippery,No,None,No,21.26,42.87,2018,10,29,6,Monday,0,0
1828,2019-02-21 19:23:00,23.83848415,79.04787497,RD-368,408,92,Car,Medium,Rain,9759,Wet,No,None,No,49.05,74.29,2019,2,21,19,Thursday,0,0
1829,2023-05-06 02:22:00,8.72949506,83.60379175,RD-170,118,24,Car,Medium,Snow,5171,Slippery,No,None,Yes,43.96,41.35,2023,5,6,2,Saturday,0,1
1830,2022-02-21 18:34:00,13.72441418,81.09921189,RD-20,438,118,Mixed,Low,Rain,9873,Under Maintenance,No,None,No,28.78,64.41,2022,2,21,18,Monday,0,0
1831,2022-11-06 16:07:00,16.14976863,75.53686194,RD-45,91,67,Truck,Medium,Storm,6052,Wet,No,None,No,49.4,42.91,2022,11,6,16,Sunday,0,0
1832,2021-11-29 07:26:00,21.70569206,96.92085661,RD-38,346,5,Car,Low,Snow,5840,Under Maintenance,No,None,No,38.06,81.7,2021,11,29,7,Monday,0,0
1833,2023-02-14 03:23:00,31.78500707,92.60236977,RD-28,453,27,Truck,High,Clear,7252,Under Maintenance,No,None,Yes,37.47,86.53,2023,2,14,3,Tuesday,0,1
1834,2020-05-31 15:27:00,21.53298052,74.90163299,RD-92,490,37,Bike,Very High,Rain,3849,Dry,No,None,No,42.44,61.11,2020,5,31,15,Sunday,0,0
1835,2019-09-11 18:02:00,24.27442879,93.8795578,RD-407,109,61,Bus,High,Fog,1969,Dry,No,None,No,44.35,51.14,2019,9,11,18,Wednesday,0,0
1836,2023-07-05 05:21:00,34.79757646,85.01969302,RD-129,116,85,Truck,Very High,Fog,7371,Under Maintenance,No,None,No,39.69,44.04,2023,7,5,5,Wednesday,0,0
1837,2022-07-27 12:28:00,29.93944147,68.36429942,RD-286,354,58,Bus,Medium,Snow,9173,Wet,No,None,No,23.84,32.99,2022,7,27,12,Wednesday,0,0
1838,2021-11-22 02:01:00,9.455898258,78.03839005,RD-37,124,70,Car,Low,Fog,224,Wet,No,None,No,30.15,46.11,2021,11,22,2,Monday,0,0
1839,2023-11-17 18:20:00,13.11741513,68.74625002,RD-295,421,99,Bus,Very High,Fog,9617,Wet,No,None,No,47.84,69.25,2023,11,17,18,Friday,0,0
1840,2020-01-11 13:06:00,9.108307852,70.54534541,RD-421,342,35,Truck,Low,Clear,6989,Wet,No,None,Yes,26.74,62.02,2020,1,11,13,Saturday,0,1
1841,2020-07-23 23:26:00,10.00263156,73.19034189,RD-117,297,58,Car,High,Fog,1996,Under Maintenance,No,None,No,31.17,86.64,2020,7,23,23,Thursday,0,0
1842,2022-07-07 00:00:00,17.82678926,82.04756067,RD-467,441,20,Truck,Medium,Snow,5212,Slippery,No,None,No,32.96,53.78,2022,7,7,0,Thursday,0,0
1843,2019-10-05 14:08:00,29.10789661,79.05737251,RD-133,412,41,Car,Medium,Snow,3166,Slippery,No,None,No,33.18,71.63,2019,10,5,14,Saturday,0,0
1844,2019-09-03 06:40:00,15.08623389,72.32088899,RD-209,40,105,Truck,Very High,Storm,6380,Under Maintenance,No,None,No,38.39,59.36,2019,9,3,6,Tuesday,0,0
1845,2021-06-10 04:47:00,19.37630161,79.44210733,RD-199,216,11,Car,High,Rain,3354,Dry,No,None,No,48.29,60.75,2021,6,10,4,Thursday,0,0
1846,2018-05-21 06:51:00,19.42236518,76.82584524,RD-231,453,104,Truck,Medium,Rain,9592,Dry,No,None,Yes,27.22,46.07,2018,5,21,6,Monday,0,1
1847,2020-06-15 15:31:00,25.11888996,79.89452223,RD-323,53,5,Bike,High,Rain,7579,Slippery,No,None,Yes,23.65,57.3,2020,6,15,15,Monday,0,1
1848,2022-04-05 16:17:00,33.89465121,72.9970157,RD-208,416,98,Truck,High,Snow,8017,Wet,Yes,Fatal,No,25.92,58.25,2022,4,5,16,Tuesday,1,0
1849,2021-09-19 12:30:00,36.51359122,85.68162012,RD-222,497,22,Truck,Low,Fog,6235,Wet,No,None,No,46.61,72.4,2021,9,19,12,Sunday,0,0
1850,2018-07-13 11:07:00,25.53371797,69.29140554,RD-162,36,46,Bike,High,Rain,1143,Wet,No,None,No,39.37,86.44,2018,7,13,11,Friday,0,0
1851,2018-12-17 08:07:00,22.64704392,79.24843914,RD-9,138,43,Bus,High,Fog,8982,Under Maintenance,No,None,No,28.58,49.76,2018,12,17,8,Monday,0,0
1852,2023-02-18 13:49:00,27.77439487,93.95168453,RD-200,159,30,Car,High,Fog,6439,Slippery,No,None,No,44.48,32.53,2023,2,18,13,Saturday,0,0
1853,2019-02-07 05:51:00,27.37290618,80.170438,RD-345,401,79,Truck,High,Storm,9554,Under Maintenance,No,None,Yes,45.84,59.78,2019,2,7,5,Thursday,0,1
1854,2022-08-18 16:01:00,23.19443002,80.79131816,RD-61,334,69,Bus,Medium,Rain,7611,Slippery,No,None,No,45.4,62.67,2022,8,18,16,Thursday,0,0
1855,2021-08-27 21:34:00,29.37173267,69.97225098,RD-274,289,61,Mixed,Low,Snow,4516,Under Maintenance,No,None,No,47.57,40.11,2021,8,27,21,Friday,0,0
1856,2018-11-27 14:18:00,22.24687069,85.55556455,RD-4,133,106,Bus,Very High,Snow,8879,Dry,No,None,No,27.57,75.63,2018,11,27,14,Tuesday,0,0
1857,2019-12-09 14:14:00,36.89729436,95.15568119,RD-329,298,73,Mixed,Low,Storm,494,Under Maintenance,No,None,Yes,42.65,89.1,2019,12,9,14,Monday,0,1
1858,2021-06-22 21:14:00,9.4209218,76.4567015,RD-369,405,90,Car,Medium,Rain,8776,Dry,Yes,Fatal,No,33.82,86.75,2021,6,22,21,Tuesday,1,0
1859,2021-12-24 00:01:00,20.85325303,79.40429781,RD-317,269,81,Mixed,Medium,Fog,4871,Under Maintenance,No,None,No,45.26,41.83,2021,12,24,0,Friday,0,0
1860,2021-07-20 01:42:00,19.51370597,85.05658496,RD-33,73,21,Bike,Very High,Rain,758,Dry,No,None,No,41.85,82.52,2021,7,20,1,Tuesday,0,0
1861,2023-09-17 17:36:00,30.33881475,70.70312364,RD-388,216,118,Bike,Medium,Snow,4266,Under Maintenance,Yes,None,No,43.29,72.27,2023,9,17,17,Sunday,1,0
1862,2018-10-15 07:11:00,13.53393534,95.55822002,RD-382,325,11,Bus,Medium,Snow,6419,Slippery,No,None,Yes,39.68,57.23,2018,10,15,7,Monday,0,1
1863,2021-08-17 07:40:00,20.58818944,81.56030354,RD-300,402,106,Bike,Low,Snow,8858,Slippery,No,None,No,25.32,62.44,2021,8,17,7,Tuesday,0,0
1864,2020-05-10 18:46:00,28.24039156,71.33779283,RD-24,51,75,Bike,Low,Fog,4285,Slippery,No,None,No,36.35,80.98,2020,5,10,18,Sunday,0,0
1865,2020-11-10 04:50:00,25.49256412,77.72159046,RD-359,318,16,Bus,Low,Snow,5169,Wet,No,None,No,49.54,58.81,2020,11,10,4,Tuesday,0,0
1866,2018-10-09 23:42:00,23.80853311,78.84109663,RD-435,470,42,Truck,Very High,Rain,4249,Under Maintenance,No,None,No,48.12,52.39,2018,10,9,23,Tuesday,0,0
1867,2019-11-05 06:27:00,20.61369884,78.01594844,RD-38,211,91,Car,Low,Fog,7994,Dry,No,None,No,21.3,59.59,2019,11,5,6,Tuesday,0,0
1868,2019-06-04 07:17:00,29.80825521,88.10348584,RD-184,69,52,Mixed,Very High,Rain,4698,Dry,No,None,No,24.94,64.75,2019,6,4,7,Tuesday,0,0
1869,2019-02-16 17:11:00,26.74632871,78.02010115,RD-476,371,59,Bus,Medium,Clear,8479,Dry,Yes,Fatal,Yes,23.95,41.34,2019,2,16,17,Saturday,1,1
1870,2023-09-23 00:23:00,33.36661974,77.39176503,RD-258,407,58,Bike,Very High,Clear,2569,Wet,No,None,No,41.78,84.05,2023,9,23,0,Saturday,0,0
1871,2019-05-28 15:23:00,29.25696771,77.34056718,RD-55,316,76,Mixed,Very High,Fog,7943,Slippery,No,None,No,44.53,70.45,2019,5,28,15,Tuesday,0,0
1872,2021-09-18 22:51:00,12.07181937,90.55760696,RD-149,386,19,Truck,High,Snow,6183,Dry,No,None,No,26.41,68.0,2021,9,18,22,Saturday,0,0
1873,2019-01-03 09:53:00,25.96660321,76.94306413,RD-403,74,34,Car,High,Snow,4676,Under Maintenance,No,None,No,35.18,35.97,2019,1,3,9,Thursday,0,0
1874,2021-06-29 18:18:00,9.291614564,68.40594469,RD-352,420,59,Car,Medium,Fog,7301,Under Maintenance,No,None,Yes,45.22,66.25,2021,6,29,18,Tuesday,0,1
1875,2018-04-26 02:52:00,19.23375501,78.60051898,RD-155,31,77,Bike,Medium,Rain,3196,Dry,No,None,No,41.98,37.26,2018,4,26,2,Thursday,0,0
1876,2023-07-18 07:46:00,19.94619349,76.06887821,RD-311,287,113,Truck,Low,Clear,9188,Wet,No,None,Yes,36.27,34.72,2023,7,18,7,Tuesday,0,1
1877,2018-08-05 01:05:00,32.7916042,94.36150026,RD-45,483,25,Car,Very High,Snow,9486,Dry,No,None,No,37.71,61.64,2018,8,5,1,Sunday,0,0
1878,2020-12-27 17:05:00,13.2307795,81.8592791,RD-145,457,112,Mixed,High,Snow,5066,Wet,No,None,No,35.25,54.17,2020,12,27,17,Sunday,0,0
1879,2022-03-29 05:43:00,26.66270364,74.80268469,RD-392,392,64,Mixed,Low,Clear,6865,Under Maintenance,No,None,No,28.93,65.33,2022,3,29,5,Tuesday,0,0
1880,2019-06-26 02:06:00,13.57922365,96.46591699,RD-475,33,82,Bike,High,Fog,7535,Dry,Yes,Minor,No,36.95,35.35,2019,6,26,2,Wednesday,1,0
1881,2023-09-05 03:12:00,35.51143438,75.15558268,RD-225,39,12,Truck,Low,Fog,2876,Wet,No,None,No,40.67,55.86,2023,9,5,3,Tuesday,0,0
1882,2018-05-27 07:45:00,23.35541105,90.12770021,RD-196,49,51,Mixed,High,Fog,3108,Slippery,No,None,No,46.2,40.49,2018,5,27,7,Sunday,0,0
1883,2021-12-16 07:46:00,28.53819918,86.83696796,RD-203,90,40,Car,Low,Snow,3188,Wet,No,None,Yes,39.09,89.23,2021,12,16,7,Thursday,0,1
1884,2021-05-20 04:36:00,26.74981632,81.40461469,RD-421,416,77,Mixed,Very High,Rain,3866,Slippery,No,None,No,42.83,63.67,2021,5,20,4,Thursday,0,0
1885,2023-11-04 12:51:00,16.8055172,79.76921797,RD-339,147,30,Car,Low,Storm,8347,Dry,No,None,No,24.8,71.25,2023,11,4,12,Saturday,0,0
1886,2022-09-06 20:21:00,34.13473505,93.2990919,RD-16,298,88,Truck,Medium,Fog,685,Slippery,No,None,No,33.85,49.53,2022,9,6,20,Tuesday,0,0
1887,2019-07-08 09:53:00,26.19021139,81.77738927,RD-243,81,106,Bike,Low,Storm,3410,Dry,No,None,No,20.28,35.68,2019,7,8,9,Monday,0,0
1888,2022-06-15 05:48:00,22.79922256,78.88535704,RD-81,270,74,Bike,High,Rain,6549,Dry,Yes,Minor,No,27.4,88.55,2022,6,15,5,Wednesday,1,0
1889,2019-12-25 17:33:00,23.32246011,78.27325594,RD-274,491,38,Bike,Very High,Snow,7334,Slippery,No,None,No,41.79,47.18,2019,12,25,17,Wednesday,0,0
1890,2023-04-14 01:24:00,33.8300252,76.00017214,RD-113,252,64,Bus,Low,Storm,8268,Dry,No,None,Yes,49.75,55.43,2023,4,14,1,Friday,0,1
1891,2023-07-31 08:34:00,9.714464712,79.8600126,RD-70,164,27,Bike,Low,Fog,8291,Dry,Yes,Fatal,No,22.98,68.99,2023,7,31,8,Monday,1,0
1892,2018-05-11 14:56:00,19.28280067,71.47762164,RD-383,327,107,Bike,Medium,Storm,9882,Slippery,Yes,Fatal,Yes,32.04,31.48,2018,5,11,14,Friday,1,1
1893,2021-12-13 01:07:00,32.40719831,69.88856795,RD-201,232,101,Car,High,Clear,7400,Dry,No,None,Yes,44.0,78.62,2021,12,13,1,Monday,0,1
1894,2020-07-16 13:13:00,9.087942161,83.70255837,RD-408,418,89,Truck,Medium,Rain,2377,Slippery,No,None,No,26.12,62.19,2020,7,16,13,Thursday,0,0
1895,2021-06-12 19:23:00,26.53625536,81.17358434,RD-409,459,45,Truck,Low,Clear,5949,Slippery,Yes,Major,No,36.65,46.69,2021,6,12,19,Saturday,1,0
1896,2021-02-07 02:04:00,19.69466131,73.02837612,RD-435,29,94,Mixed,Very High,Rain,4900,Dry,No,None,No,41.99,33.7,2021,2,7,2,Sunday,0,0
1897,2022-04-28 19:42:00,13.93292064,71.09717707,RD-280,128,73,Bike,High,Rain,8401,Wet,No,None,No,38.48,39.75,2022,4,28,19,Thursday,0,0
1898,2021-07-29 18:33:00,25.73074115,72.15474982,RD-152,129,59,Truck,Low,Snow,3967,Under Maintenance,No,None,No,25.64,83.7,2021,7,29,18,Thursday,0,0
1899,2022-10-28 00:43:00,32.10076909,77.14209048,RD-492,308,77,Truck,Low,Rain,1622,Under Maintenance,No,None,Yes,30.66,71.16,2022,10,28,0,Friday,0,1
1900,2018-08-13 06:03:00,21.55284708,81.09305536,RD-325,76,49,Truck,High,Rain,9117,Under Maintenance,Yes,Major,No,43.51,44.99,2018,8,13,6,Monday,1,0
1901,2022-10-21 22:02:00,12.25538429,73.60715317,RD-74,195,65,Truck,Medium,Fog,9885,Slippery,No,None,No,36.63,33.94,2022,10,21,22,Friday,0,0
1902,2019-07-04 08:25:00,16.87838537,89.91312454,RD-153,434,37,Car,Very High,Clear,2908,Dry,No,None,No,20.16,71.44,2019,7,4,8,Thursday,0,0
1903,2020-08-22 04:52:00,36.45924425,73.60640699,RD-347,241,93,Bike,Medium,Storm,9830,Dry,No,None,No,42.83,64.34,2020,8,22,4,Saturday,0,0
1904,2020-08-01 02:31:00,11.22166471,71.59966705,RD-455,73,56,Truck,Medium,Snow,1924,Wet,No,None,No,21.06,54.27,2020,8,1,2,Saturday,0,0
1905,2020-01-16 10:22:00,12.66073559,96.84209121,RD-469,367,115,Car,Very High,Rain,5447,Slippery,No,None,No,42.37,51.82,2020,1,16,10,Thursday,0,0
1906,2023-01-17 18:39:00,36.71515759,80.98363533,RD-495,311,85,Bus,Low,Fog,1705,Wet,Yes,Major,No,26.07,43.01,2023,1,17,18,Tuesday,1,0
1907,2020-04-15 20:18:00,33.58094129,72.9302035,RD-408,453,108,Mixed,High,Rain,6612,Slippery,No,None,No,48.74,70.18,2020,4,15,20,Wednesday,0,0
1908,2023-02-18 07:10:00,28.5067336,93.94215149,RD-444,241,115,Car,High,Snow,4719,Dry,No,None,Yes,31.04,88.24,2023,2,18,7,Saturday,0,1
1909,2021-03-14 00:40:00,12.37851435,74.70165711,RD-374,408,23,Mixed,Medium,Clear,3798,Slippery,No,None,No,29.81,40.54,2021,3,14,0,Sunday,0,0
1910,2022-03-23 03:08:00,14.97592535,94.84181871,RD-332,36,79,Mixed,Medium,Storm,6566,Dry,No,None,No,24.47,65.83,2022,3,23,3,Wednesday,0,0
1911,2018-08-06 05:31:00,13.22528392,71.44986476,RD-192,195,12,Bus,Low,Fog,625,Under Maintenance,Yes,None,No,29.17,55.45,2018,8,6,5,Monday,1,0
1912,2018-03-27 21:45:00,26.2976908,92.41262618,RD-491,161,74,Bus,Very High,Snow,862,Dry,No,None,No,46.3,56.8,2018,3,27,21,Tuesday,0,0
1913,2021-01-14 11:31:00,19.56719774,73.34374615,RD-487,428,10,Bus,Very High,Snow,3079,Wet,No,None,No,49.89,45.25,2021,1,14,11,Thursday,0,0
1914,2023-04-11 05:56:00,9.38559495,95.21179181,RD-6,32,76,Car,High,Rain,2613,Under Maintenance,No,None,No,31.05,79.51,2023,4,11,5,Tuesday,0,0
1915,2019-06-02 00:22:00,16.44747678,84.65306564,RD-284,17,61,Bus,Very High,Fog,6653,Under Maintenance,No,None,Yes,33.46,59.12,2019,6,2,0,Sunday,0,1
1916,2022-06-18 09:41:00,32.95894356,73.50749718,RD-448,389,92,Truck,Medium,Storm,9935,Dry,No,None,No,41.66,62.6,2022,6,18,9,Saturday,0,0
1917,2020-12-19 15:16:00,31.08522767,92.49978157,RD-285,223,64,Car,Low,Snow,2344,Under Maintenance,No,None,Yes,46.59,48.29,2020,12,19,15,Saturday,0,1
1918,2023-01-29 17:54:00,26.64734232,79.32670377,RD-73,153,23,Bike,Low,Storm,8035,Under Maintenance,No,None,No,37.79,40.91,2023,1,29,17,Sunday,0,0
1919,2023-12-11 20:23:00,10.48076191,89.25158922,RD-64,463,56,Bus,Medium,Clear,782,Wet,No,None,No,31.75,35.15,2023,12,11,20,Monday,0,0
1920,2021-12-24 16:03:00,33.60093376,86.65978093,RD-22,496,45,Car,High,Rain,5291,Under Maintenance,Yes,Major,No,32.38,72.85,2021,12,24,16,Friday,1,0
1921,2022-05-12 04:18:00,23.50101645,88.71454115,RD-3,454,95,Bus,Medium,Storm,6513,Slippery,No,None,No,40.87,41.77,2022,5,12,4,Thursday,0,0
1922,2018-10-16 13:38:00,22.34270429,77.96773194,RD-294,374,88,Mixed,Low,Snow,1382,Slippery,No,None,Yes,20.1,71.4,2018,10,16,13,Tuesday,0,1
1923,2019-10-12 15:56:00,35.08784373,95.22593913,RD-306,195,92,Truck,Low,Snow,2260,Under Maintenance,No,None,No,38.59,53.42,2019,10,12,15,Saturday,0,0
1924,2022-12-25 16:28:00,8.256476781,84.23458124,RD-202,422,42,Mixed,Low,Snow,7487,Dry,No,None,No,30.66,54.95,2022,12,25,16,Sunday,0,0
1925,2022-05-21 03:18:00,24.121019,70.24925769,RD-276,264,73,Bus,Very High,Snow,8718,Wet,No,None,No,43.83,58.15,2022,5,21,3,Saturday,0,0
1926,2018-04-02 21:42:00,30.94608734,69.93528621,RD-281,328,20,Car,Medium,Fog,6749,Wet,No,None,Yes,22.79,52.06,2018,4,2,21,Monday,0,1
1927,2020-01-04 18:12:00,9.847023765,89.40865921,RD-485,163,43,Truck,High,Rain,4207,Under Maintenance,Yes,None,No,37.65,36.04,2020,1,4,18,Saturday,1,0
1928,2022-02-14 14:54:00,18.35798996,92.64925865,RD-44,402,101,Mixed,Medium,Fog,7849,Dry,No,None,Yes,34.43,48.58,2022,2,14,14,Monday,0,1
1929,2022-05-14 19:14:00,36.34707035,88.16310942,RD-157,412,78,Truck,Medium,Fog,3408,Wet,No,None,No,39.27,69.82,2022,5,14,19,Saturday,0,0
1930,2023-08-18 17:00:00,14.1417955,76.04742203,RD-108,336,55,Truck,Medium,Rain,4199,Slippery,No,None,No,21.95,69.95,2023,8,18,17,Friday,0,0
1931,2021-04-30 03:07:00,23.40420357,74.55121488,RD-384,121,9,Bus,Very High,Snow,2730,Under Maintenance,No,None,No,37.4,47.17,2021,4,30,3,Friday,0,0
1932,2023-06-11 02:10:00,29.63600176,84.3976611,RD-380,290,87,Truck,Medium,Clear,2496,Under Maintenance,No,None,No,36.84,57.61,2023,6,11,2,Sunday,0,0
1933,2022-10-16 00:14:00,19.32084172,73.70660544,RD-463,33,66,Bike,Low,Fog,6696,Under Maintenance,Yes,Major,No,36.82,41.61,2022,10,16,0,Sunday,1,0
1934,2019-09-29 08:30:00,19.82832415,78.99389294,RD-372,48,119,Bike,High,Storm,2513,Wet,Yes,None,No,38.1,42.62,2019,9,29,8,Sunday,1,0
1935,2022-01-17 10:06:00,9.834782211,86.2320457,RD-177,184,45,Mixed,Very High,Fog,4697,Under Maintenance,No,None,No,40.29,31.38,2022,1,17,10,Monday,0,0
1936,2021-11-28 22:07:00,13.5127071,76.26242876,RD-109,198,89,Mixed,Very High,Rain,8879,Slippery,No,None,No,44.15,83.8,2021,11,28,22,Sunday,0,0
1937,2019-09-01 10:20:00,33.53766754,78.88772873,RD-212,110,71,Car,Very High,Fog,5576,Wet,No,None,No,28.09,42.64,2019,9,1,10,Sunday,0,0
1938,2019-09-07 03:53:00,31.73121157,78.45501895,RD-464,235,63,Bus,Very High,Storm,9318,Slippery,No,None,Yes,44.75,43.65,2019,9,7,3,Saturday,0,1
1939,2018-05-31 14:33:00,16.83451715,81.35518193,RD-331,166,96,Mixed,Low,Fog,4193,Dry,No,None,No,34.95,46.78,2018,5,31,14,Thursday,0,0
1940,2023-10-20 02:03:00,19.06962767,87.5564349,RD-436,363,109,Car,Low,Clear,8343,Slippery,Yes,Fatal,Yes,22.31,37.64,2023,10,20,2,Friday,1,1
1941,2020-10-15 00:01:00,20.77190229,90.6881259,RD-263,285,23,Mixed,High,Fog,8941,Under Maintenance,No,None,No,21.76,68.36,2020,10,15,0,Thursday,0,0
1942,2021-01-20 18:31:00,18.03236522,87.2873919,RD-73,270,84,Car,Medium,Storm,7038,Under Maintenance,No,None,Yes,30.03,34.51,2021,1,20,18,Wednesday,0,1
1943,2018-03-09 18:54:00,26.96343942,68.75886708,RD-83,245,66,Bus,Very High,Snow,6931,Slippery,No,None,No,43.55,38.05,2018,3,9,18,Friday,0,0
1944,2022-01-28 08:25:00,8.372024495,94.00835116,RD-95,429,57,Bus,Medium,Clear,7351,Slippery,No,None,Yes,41.23,68.69,2022,1,28,8,Friday,0,1
1945,2023-02-26 00:11:00,33.52487362,84.85447478,RD-114,487,70,Mixed,Medium,Snow,9458,Dry,No,None,Yes,43.66,50.38,2023,2,26,0,Sunday,0,1
1946,2021-06-24 15:58:00,16.71882371,94.68714832,RD-316,388,12,Bike,High,Fog,9347,Under Maintenance,No,None,No,35.52,72.48,2021,6,24,15,Thursday,0,0
1947,2023-11-04 21:50:00,33.29883039,95.95229645,RD-428,199,50,Truck,Very High,Storm,3073,Dry,No,None,No,33.21,63.45,2023,11,4,21,Saturday,0,0
1948,2023-04-10 04:13:00,21.17718871,81.56755669,RD-130,187,106,Mixed,Medium,Rain,3715,Wet,No,None,No,24.42,45.36,2023,4,10,4,Monday,0,0
1949,2019-06-06 08:12:00,30.51359876,94.57460247,RD-100,285,16,Car,High,Clear,6227,Dry,No,None,Yes,29.85,69.05,2019,6,6,8,Thursday,0,1
1950,2018-10-24 08:18:00,31.94761533,78.59618353,RD-59,148,92,Bus,Medium,Storm,758,Slippery,No,None,No,33.02,36.98,2018,10,24,8,Wednesday,0,0
1951,2018-01-08 20:40:00,16.73737589,75.55096939,RD-93,134,69,Mixed,High,Rain,8957,Under Maintenance,No,None,No,22.66,62.18,2018,1,8,20,Monday,0,0
1952,2019-03-04 22:01:00,26.56941946,70.13527791,RD-344,478,86,Bus,Low,Clear,8357,Under Maintenance,No,None,Yes,26.62,56.23,2019,3,4,22,Monday,0,1
1953,2022-09-23 01:28:00,25.6150053,81.10308317,RD-410,157,27,Mixed,High,Clear,1258,Slippery,Yes,None,No,37.95,46.07,2022,9,23,1,Friday,1,0
1954,2023-01-25 07:47:00,21.80440896,87.97193117,RD-291,271,43,Bus,High,Fog,7926,Under Maintenance,No,None,No,42.07,66.24,2023,1,25,7,Wednesday,0,0
1955,2021-04-06 00:32:00,21.61749163,96.32823438,RD-437,182,64,Bike,Low,Rain,8920,Dry,No,None,Yes,49.95,82.28,2021,4,6,0,Tuesday,0,1
1956,2023-11-25 08:48:00,16.85089484,83.11796906,RD-28,291,31,Car,Very High,Clear,3269,Under Maintenance,No,None,No,47.99,89.93,2023,11,25,8,Saturday,0,0
1957,2023-08-28 23:09:00,16.99552484,89.29977012,RD-436,160,61,Mixed,High,Clear,9747,Wet,No,None,Yes,39.28,66.47,2023,8,28,23,Monday,0,1
1958,2023-03-14 18:51:00,23.89639664,93.98826742,RD-385,398,48,Bus,High,Fog,1700,Slippery,No,None,No,32.64,54.28,2023,3,14,18,Tuesday,0,0
1959,2023-05-01 14:10:00,8.935847922,83.75237374,RD-478,418,112,Mixed,Medium,Fog,7268,Slippery,No,None,No,39.09,43.51,2023,5,1,14,Monday,0,0
1960,2021-04-01 09:02:00,35.07626708,72.83619321,RD-282,486,74,Car,High,Snow,3905,Slippery,No,None,No,43.57,45.43,2021,4,1,9,Thursday,0,0
1961,2018-06-26 22:47:00,26.84940037,92.59804404,RD-237,13,32,Mixed,High,Snow,7236,Wet,No,None,No,23.55,58.77,2018,6,26,22,Tuesday,0,0
1962,2020-02-01 17:24:00,20.85986266,84.65103748,RD-331,356,27,Truck,Medium,Snow,4041,Under Maintenance,No,None,No,32.3,52.04,2020,2,1,17,Saturday,0,0
1963,2018-12-19 00:39:00,9.792374062,89.99682624,RD-282,403,38,Bus,Very High,Snow,887,Dry,No,None,Yes,45.19,84.83,2018,12,19,0,Wednesday,0,1
1964,2022-11-29 02:30:00,26.27036279,87.0958599,RD-38,171,29,Car,Low,Rain,5466,Slippery,No,None,No,31.51,52.1,2022,11,29,2,Tuesday,0,0
1965,2023-01-15 02:42:00,8.51453722,69.77008768,RD-149,100,15,Bike,Low,Rain,1154,Slippery,No,None,No,37.16,52.41,2023,1,15,2,Sunday,0,0
1966,2019-12-07 02:01:00,27.71614866,72.90433395,RD-344,451,52,Truck,High,Storm,7252,Under Maintenance,No,None,No,37.63,53.01,2019,12,7,2,Saturday,0,0
1967,2019-01-20 05:24:00,10.10320898,76.30124282,RD-35,273,69,Mixed,Very High,Storm,3789,Dry,No,None,No,25.53,80.2,2019,1,20,5,Sunday,0,0
1968,2020-03-06 15:58:00,27.0269635,76.25652678,RD-129,135,106,Mixed,Low,Snow,7919,Wet,No,None,No,30.87,69.05,2020,3,6,15,Friday,0,0
1969,2022-04-12 22:23:00,19.77074522,92.33673345,RD-51,445,14,Truck,Medium,Snow,4416,Dry,No,None,No,30.04,66.85,2022,4,12,22,Tuesday,0,0
1970,2023-05-23 20:42:00,27.21622635,85.34894147,RD-102,125,77,Bike,High,Rain,9480,Dry,No,None,No,20.79,50.05,2023,5,23,20,Tuesday,0,0
1971,2022-03-29 00:12:00,12.01642244,70.41788474,RD-372,364,30,Bike,High,Snow,2555,Wet,No,None,Yes,20.73,79.07,2022,3,29,0,Tuesday,0,1
1972,2020-02-11 17:31:00,11.40410437,79.22875864,RD-298,37,14,Mixed,Very High,Snow,969,Dry,No,None,No,44.95,32.3,2020,2,11,17,Tuesday,0,0
1973,2023-04-28 17:42:00,15.17529719,84.13358988,RD-250,146,22,Mixed,High,Rain,3501,Wet,No,None,No,28.19,82.25,2023,4,28,17,Friday,0,0
1974,2021-04-29 04:59:00,19.93382823,75.29358207,RD-488,171,118,Bike,Very High,Clear,2288,Dry,No,None,No,35.54,60.76,2021,4,29,4,Thursday,0,0
1975,2020-06-17 08:16:00,15.3378976,69.15518299,RD-170,196,64,Bike,Low,Rain,4101,Under Maintenance,Yes,Fatal,Yes,28.96,53.9,2020,6,17,8,Wednesday,1,1
1976,2021-11-21 00:33:00,10.37844615,79.02764844,RD-183,487,77,Bike,Low,Snow,7397,Wet,Yes,Fatal,Yes,48.22,59.83,2021,11,21,0,Sunday,1,1
1977,2021-06-04 21:14:00,17.42581485,81.37447812,RD-66,410,49,Mixed,Very High,Rain,5407,Under Maintenance,No,None,No,27.78,70.04,2021,6,4,21,Friday,0,0
1978,2018-05-27 00:02:00,28.4670661,94.23818332,RD-344,389,30,Bus,Low,Storm,2373,Dry,No,None,No,32.89,30.77,2018,5,27,0,Sunday,0,0
1979,2019-03-08 22:03:00,24.90949702,94.34261881,RD-336,42,110,Truck,Low,Clear,4944,Dry,No,None,Yes,46.18,82.29,2019,3,8,22,Friday,0,1
1980,2021-05-28 18:59:00,35.9364121,82.5116717,RD-121,321,13,Bike,Low,Clear,812,Dry,No,None,No,45.26,56.8,2021,5,28,18,Friday,0,0
1981,2022-01-07 21:25:00,20.64172817,81.67334217,RD-52,326,40,Mixed,Very High,Clear,2519,Under Maintenance,No,None,No,25.58,50.58,2022,1,7,21,Friday,0,0
1982,2023-01-28 06:43:00,17.6512683,86.57455974,RD-146,486,19,Car,Medium,Rain,1043,Under Maintenance,Yes,Major,Yes,44.08,38.29,2023,1,28,6,Saturday,1,1
1983,2020-06-19 04:35:00,28.1167063,75.48559793,RD-318,378,28,Mixed,Medium,Storm,9235,Dry,No,None,No,33.75,56.37,2020,6,19,4,Friday,0,0
1984,2023-10-28 10:38:00,19.94680489,76.28571119,RD-36,302,44,Bus,Low,Fog,2148,Dry,No,None,No,34.49,59.78,2023,10,28,10,Saturday,0,0
1985,2020-06-11 07:48:00,25.93096879,68.07417772,RD-461,22,6,Bus,Medium,Storm,7034,Wet,No,None,Yes,24.0,54.22,2020,6,11,7,Thursday,0,1
1986,2019-08-10 18:35:00,35.44233114,70.26814442,RD-100,422,8,Bike,Low,Storm,8604,Slippery,No,None,No,22.42,70.72,2019,8,10,18,Saturday,0,0
1987,2019-01-07 08:52:00,22.47648763,73.17660531,RD-163,305,106,Truck,High,Snow,9048,Wet,No,None,No,41.84,55.25,2019,1,7,8,Monday,0,0
1988,2019-05-16 10:51:00,22.44707517,86.5766094,RD-249,263,99,Mixed,Medium,Storm,3944,Slippery,No,None,No,34.89,87.69,2019,5,16,10,Thursday,0,0
1989,2019-10-06 11:04:00,30.47982918,74.16706045,RD-231,368,24,Truck,High,Rain,9505,Slippery,No,None,Yes,33.11,65.96,2019,10,6,11,Sunday,0,1
1990,2018-10-19 14:22:00,29.926223,71.59829114,RD-169,320,43,Car,Low,Clear,1113,Dry,Yes,Major,No,41.89,78.45,2018,10,19,14,Friday,1,0
1991,2018-10-03 08:23:00,22.97071195,85.87283699,RD-316,23,49,Truck,Medium,Storm,7721,Under Maintenance,No,None,No,42.97,36.56,2018,10,3,8,Wednesday,0,0
1992,2020-12-21 10:24:00,9.876890118,86.90075068,RD-338,273,30,Truck,Medium,Storm,1837,Dry,No,None,No,24.77,53.84,2020,12,21,10,Monday,0,0
1993,2021-01-03 22:35:00,36.44282282,69.73052072,RD-157,169,64,Bike,High,Fog,1824,Dry,No,None,Yes,38.31,50.21,2021,1,3,22,Sunday,0,1
1994,2019-07-12 17:56:00,18.94229221,90.41404454,RD-356,404,73,Car,Low,Fog,7291,Wet,No,None,No,24.06,64.17,2019,7,12,17,Friday,0,0
1995,2022-01-10 07:27:00,17.18448608,85.57855502,RD-300,236,72,Bus,Medium,Snow,425,Slippery,No,None,No,42.54,81.67,2022,1,10,7,Monday,0,0
1996,2022-06-29 06:40:00,36.46485817,79.51489786,RD-79,334,90,Truck,Very High,Fog,4345,Wet,No,None,No,39.71,34.7,2022,6,29,6,Wednesday,0,0
1997,2019-07-07 01:44:00,33.29192129,96.51228646,RD-290,187,74,Car,Low,Snow,4855,Dry,Yes,Major,No,48.7,34.35,2019,7,7,1,Sunday,1,0
1998,2021-07-03 12:06:00,17.57628261,68.29578123,RD-291,174,105,Car,Very High,Rain,2326,Slippery,No,None,No,22.07,81.02,2021,7,3,12,Saturday,0,0
1999,2019-06-14 13:21:00,16.94096262,83.80070011,RD-187,54,35,Bus,Medium,Clear,8073,Wet,No,None,Yes,21.71,42.77,2019,6,14,13,Friday,0,1
2000,2021-08-29 03:51:00,28.90767014,72.63139885,RD-414,462,73,Bike,Medium,Fog,6174,Wet,Yes,None,Yes,28.47,70.13,2021,8,29,3,Sunday,1,1
2001,2019-09-06 15:36:00,17.69516117,77.55065028,RD-162,331,11,Car,Very High,Rain,1780,Wet,No,None,No,27.85,62.57,2019,9,6,15,Friday,0,0
2002,2021-03-18 06:40:00,15.29152693,71.86286622,RD-491,163,73,Bus,Medium,Clear,9229,Dry,Yes,Fatal,No,27.41,79.97,2021,3,18,6,Thursday,1,0
2003,2021-12-24 21:58:00,36.41045456,87.37822084,RD-220,295,8,Mixed,Medium,Rain,9262,Under Maintenance,No,None,No,47.19,37.51,2021,12,24,21,Friday,0,0
2004,2021-01-28 08:15:00,24.4055969,79.64557621,RD-87,342,95,Car,Low,Rain,4073,Under Maintenance,No,None,Yes,27.49,37.79,2021,1,28,8,Thursday,0,1
2005,2018-08-03 10:51:00,30.11243102,96.60268552,RD-3,389,77,Mixed,Low,Rain,8300,Dry,Yes,Major,No,28.16,63.41,2018,8,3,10,Friday,1,0
2006,2021-01-08 21:19:00,28.67859383,86.9615664,RD-161,47,41,Mixed,Low,Rain,2178,Slippery,No,None,No,42.78,86.78,2021,1,8,21,Friday,0,0
2007,2020-05-16 15:09:00,29.91025384,94.6027097,RD-127,113,6,Car,High,Fog,6790,Slippery,No,None,No,33.49,54.9,2020,5,16,15,Saturday,0,0
2008,2019-07-16 14:47:00,34.19830931,74.98398845,RD-403,164,53,Bus,Low,Storm,5961,Slippery,No,None,Yes,43.3,49.62,2019,7,16,14,Tuesday,0,1
2009,2018-02-12 13:56:00,22.52228165,77.24473783,RD-114,90,87,Mixed,Medium,Rain,7149,Wet,No,None,No,21.96,66.4,2018,2,12,13,Monday,0,0
2010,2019-03-22 19:38:00,29.8479672,78.51778494,RD-365,188,107,Bike,Medium,Clear,5152,Slippery,No,None,No,34.63,85.83,2019,3,22,19,Friday,0,0
2011,2020-12-04 10:43:00,31.1076012,92.31693541,RD-379,408,21,Truck,High,Fog,5299,Dry,No,None,No,21.01,80.22,2020,12,4,10,Friday,0,0
2012,2019-06-10 16:00:00,35.44515298,74.13859733,RD-329,327,21,Mixed,Medium,Fog,4111,Under Maintenance,No,None,No,21.88,89.73,2019,6,10,16,Monday,0,0
2013,2022-07-20 02:28:00,28.67980439,95.45490256,RD-224,106,116,Mixed,High,Rain,740,Dry,No,None,No,47.19,31.35,2022,7,20,2,Wednesday,0,0
2014,2022-02-08 16:06:00,33.88585818,69.26379358,RD-142,39,44,Truck,Low,Rain,5388,Under Maintenance,No,None,No,24.18,36.77,2022,2,8,16,Tuesday,0,0
2015,2022-08-22 00:51:00,10.75610491,93.80588242,RD-431,169,55,Bus,Very High,Clear,5075,Dry,No,None,No,35.97,66.57,2022,8,22,0,Monday,0,0
2016,2023-07-17 11:51:00,11.65680122,81.09100247,RD-185,443,118,Bike,Very High,Storm,7703,Wet,No,None,No,32.33,79.23,2023,7,17,11,Monday,0,0
2017,2020-06-28 15:39:00,12.5920395,83.25104299,RD-69,16,92,Bike,Very High,Fog,540,Under Maintenance,Yes,Minor,No,30.42,47.11,2020,6,28,15,Sunday,1,0
2018,2020-07-12 04:12:00,12.19957909,96.92452583,RD-348,304,81,Mixed,Very High,Rain,1900,Under Maintenance,No,None,No,47.0,44.35,2020,7,12,4,Sunday,0,0
2019,2019-04-25 10:14:00,10.53804556,93.23139143,RD-376,454,32,Car,Very High,Snow,1921,Wet,No,None,No,20.65,77.22,2019,4,25,10,Thursday,0,0
2020,2021-12-29 21:16:00,11.55463979,94.21662614,RD-170,281,50,Car,High,Snow,1593,Wet,Yes,Minor,No,39.91,33.38,2021,12,29,21,Wednesday,1,0
2021,2023-01-20 19:10:00,36.88139826,84.98051519,RD-450,212,118,Mixed,Medium,Rain,9948,Dry,Yes,Minor,No,48.9,52.16,2023,1,20,19,Friday,1,0
2022,2021-01-21 02:13:00,15.89336586,95.73391169,RD-246,430,113,Car,High,Snow,5795,Dry,No,None,No,36.81,60.35,2021,1,21,2,Thursday,0,0
2023,2019-04-11 17:43:00,21.86339511,87.94635755,RD-237,318,110,Bike,Medium,Clear,7593,Dry,No,None,No,48.1,63.62,2019,4,11,17,Thursday,0,0
2024,2018-04-21 22:44:00,31.82684572,91.76048394,RD-229,87,82,Bike,Low,Storm,6735,Slippery,No,None,Yes,21.57,73.72,2018,4,21,22,Saturday,0,1
2025,2019-04-18 03:18:00,11.43083555,88.90708332,RD-184,160,91,Truck,High,Snow,2613,Under Maintenance,No,None,Yes,32.56,51.29,2019,4,18,3,Thursday,0,1
2026,2021-02-13 02:43:00,17.20358518,90.64651849,RD-397,387,91,Bike,Low,Clear,1574,Slippery,No,None,Yes,27.8,66.76,2021,2,13,2,Saturday,0,1
2027,2021-03-12 18:08:00,12.61929459,86.50115769,RD-157,196,78,Bus,Medium,Snow,4106,Dry,No,None,Yes,41.92,65.12,2021,3,12,18,Friday,0,1
2028,2022-08-25 21:46:00,9.814127365,89.06584988,RD-250,360,106,Bike,Medium,Clear,5506,Wet,No,None,No,49.44,62.86,2022,8,25,21,Thursday,0,0
2029,2019-10-21 02:59:00,35.86184804,80.64221586,RD-283,37,53,Mixed,Medium,Clear,4214,Under Maintenance,No,None,Yes,27.7,68.43,2019,10,21,2,Monday,0,1
2030,2018-04-23 04:44:00,32.89237724,88.49915441,RD-56,499,21,Car,Medium,Rain,4636,Slippery,No,None,Yes,39.63,45.57,2018,4,23,4,Monday,0,1
2031,2021-10-13 00:58:00,33.49964185,76.02750602,RD-90,462,31,Car,Very High,Fog,8167,Slippery,No,None,No,25.94,35.08,2021,10,13,0,Wednesday,0,0
2032,2018-07-09 10:43:00,33.19172386,86.41328292,RD-331,353,66,Bike,Medium,Clear,2945,Dry,No,None,No,36.96,37.16,2018,7,9,10,Monday,0,0
2033,2018-03-09 21:16:00,12.48243819,83.18882054,RD-311,188,15,Bike,Medium,Snow,9016,Wet,No,None,No,33.92,43.47,2018,3,9,21,Friday,0,0
2034,2023-07-10 06:10:00,30.76490999,94.0575909,RD-42,219,87,Car,Low,Rain,1748,Dry,No,None,No,49.16,60.01,2023,7,10,6,Monday,0,0
2035,2022-04-21 12:27:00,29.10826485,87.52346246,RD-431,205,113,Car,Low,Fog,3785,Dry,No,None,No,38.26,80.43,2022,4,21,12,Thursday,0,0
2036,2021-03-04 08:55:00,34.83704545,85.30199562,RD-144,264,48,Bike,Very High,Storm,440,Wet,Yes,None,No,30.49,72.08,2021,3,4,8,Thursday,1,0
2037,2022-05-17 23:32:00,14.3603459,77.07914901,RD-440,224,112,Bus,Very High,Clear,7815,Dry,No,None,No,23.42,77.34,2022,5,17,23,Tuesday,0,0
2038,2018-06-28 08:15:00,20.00728722,93.02131363,RD-424,210,95,Bus,Very High,Clear,1800,Slippery,No,None,No,24.54,51.06,2018,6,28,8,Thursday,0,0
2039,2023-05-25 09:51:00,16.55292687,69.57057301,RD-72,124,40,Car,Very High,Fog,4910,Wet,No,None,Yes,26.76,54.28,2023,5,25,9,Thursday,0,1
2040,2019-01-03 23:23:00,15.47961673,94.09277992,RD-457,148,20,Truck,Very High,Rain,6972,Slippery,No,None,Yes,27.53,53.62,2019,1,3,23,Thursday,0,1
2041,2023-09-21 02:40:00,26.91906894,86.93634994,RD-276,300,64,Bus,Low,Storm,6486,Dry,No,None,Yes,45.52,41.51,2023,9,21,2,Thursday,0,1
2042,2020-06-03 07:55:00,12.75435714,73.4952853,RD-101,148,91,Mixed,Low,Fog,1403,Wet,No,None,No,36.84,33.67,2020,6,3,7,Wednesday,0,0
2043,2019-09-01 00:53:00,21.47940647,94.18686957,RD-135,208,101,Car,High,Storm,3598,Slippery,No,None,No,35.7,65.45,2019,9,1,0,Sunday,0,0
2044,2022-01-02 08:52:00,26.75257298,77.46426544,RD-376,26,56,Bus,Very High,Fog,8491,Slippery,No,None,No,23.44,89.35,2022,1,2,8,Sunday,0,0
2045,2022-04-07 03:29:00,11.77878895,72.8799053,RD-454,64,26,Bike,Medium,Rain,1394,Slippery,Yes,None,No,45.8,40.01,2022,4,7,3,Thursday,1,0
2046,2019-01-03 20:06:00,15.45242398,77.25523579,RD-321,91,82,Truck,Very High,Snow,6099,Wet,No,None,No,41.68,32.8,2019,1,3,20,Thursday,0,0
2047,2019-05-18 14:38:00,36.05361568,95.87109752,RD-40,35,81,Bike,High,Fog,7572,Slippery,No,None,No,22.03,76.77,2019,5,18,14,Saturday,0,0
2048,2021-08-31 07:10:00,31.06745062,89.82999648,RD-373,56,90,Bike,High,Snow,1357,Under Maintenance,No,None,Yes,41.24,45.16,2021,8,31,7,Tuesday,0,1
2049,2018-11-24 16:59:00,27.63168561,94.58700083,RD-39,35,75,Truck,Medium,Fog,8197,Wet,Yes,None,No,36.31,79.78,2018,11,24,16,Saturday,1,0
2050,2018-05-20 01:20:00,32.82310701,76.66728888,RD-457,322,42,Car,Low,Clear,4724,Slippery,No,None,No,22.45,72.24,2018,5,20,1,Sunday,0,0
2051,2021-04-13 15:57:00,8.405085112,70.3907391,RD-10,218,69,Bike,High,Rain,8630,Under Maintenance,No,None,Yes,33.75,86.74,2021,4,13,15,Tuesday,0,1
2052,2018-09-30 05:23:00,8.176158598,84.31990158,RD-435,129,55,Car,Medium,Clear,5053,Wet,No,None,No,34.54,54.54,2018,9,30,5,Sunday,0,0
2053,2021-06-22 14:41:00,12.46503244,82.00702243,RD-260,467,101,Car,Medium,Storm,3661,Slippery,No,None,Yes,24.97,69.72,2021,6,22,14,Tuesday,0,1
2054,2019-09-16 03:09:00,22.36245646,88.89753873,RD-324,231,90,Car,High,Snow,2066,Wet,No,None,Yes,48.37,57.89,2019,9,16,3,Monday,0,1
2055,2023-02-16 17:00:00,24.52923751,83.73758024,RD-16,88,27,Bike,High,Storm,1698,Under Maintenance,No,None,No,45.5,67.84,2023,2,16,17,Thursday,0,0
2056,2021-08-09 06:47:00,11.29696741,79.49753649,RD-417,441,19,Car,Low,Snow,5172,Under Maintenance,No,None,No,40.07,56.98,2021,8,9,6,Monday,0,0
2057,2022-07-21 14:04:00,10.09628298,68.13588977,RD-298,291,112,Bike,Medium,Snow,8074,Dry,No,None,No,33.87,41.32,2022,7,21,14,Thursday,0,0
2058,2020-10-31 14:31:00,32.0216898,81.56465019,RD-297,50,83,Car,Medium,Rain,2205,Wet,No,None,Yes,32.35,60.47,2020,10,31,14,Saturday,0,1
2059,2023-03-11 21:28:00,21.46958596,71.49864179,RD-208,165,35,Mixed,Low,Storm,4455,Wet,No,None,No,39.53,61.72,2023,3,11,21,Saturday,0,0
2060,2022-08-23 12:27:00,36.78233835,94.73803199,RD-394,412,32,Bike,High,Clear,1504,Slippery,No,None,No,36.36,78.64,2022,8,23,12,Tuesday,0,0
2061,2023-09-24 08:41:00,14.65105311,94.72948359,RD-303,10,71,Mixed,Medium,Clear,6169,Under Maintenance,No,None,No,21.87,74.13,2023,9,24,8,Sunday,0,0
2062,2021-08-25 22:42:00,26.76883225,91.30582121,RD-109,265,46,Car,Low,Snow,4378,Slippery,Yes,Minor,No,35.38,69.83,2021,8,25,22,Wednesday,1,0
2063,2021-08-23 20:34:00,31.3272568,72.57813336,RD-465,43,29,Bike,Medium,Snow,4151,Dry,No,None,No,44.19,36.8,2021,8,23,20,Monday,0,0
2064,2023-11-20 10:43:00,33.30650652,72.2757256,RD-19,367,37,Truck,Medium,Snow,5866,Dry,No,None,No,33.78,73.24,2023,11,20,10,Monday,0,0
2065,2020-10-05 18:10:00,16.88325145,84.33599678,RD-283,353,101,Mixed,High,Storm,1909,Slippery,No,None,Yes,21.56,60.02,2020,10,5,18,Monday,0,1
2066,2018-06-13 03:38:00,13.6051311,89.0963913,RD-134,434,27,Bus,Medium,Storm,2183,Dry,No,None,No,43.59,83.65,2018,6,13,3,Wednesday,0,0
2067,2020-02-25 20:58:00,14.55674263,94.23163882,RD-279,353,96,Bus,High,Fog,9428,Dry,Yes,Fatal,No,26.04,85.19,2020,2,25,20,Tuesday,1,0
2068,2023-12-14 16:27:00,27.33554032,93.92699689,RD-458,475,57,Truck,Medium,Clear,6972,Dry,No,None,No,27.76,33.31,2023,12,14,16,Thursday,0,0
2069,2021-03-15 11:40:00,23.14756531,72.50449984,RD-277,74,20,Truck,Medium,Snow,2698,Under Maintenance,Yes,Fatal,No,24.94,79.24,2021,3,15,11,Monday,1,0
2070,2020-12-06 15:53:00,25.3707501,96.86874455,RD-242,264,41,Bus,Medium,Storm,6559,Wet,No,None,No,29.91,32.26,2020,12,6,15,Sunday,0,0
2071,2023-12-20 12:57:00,8.595329921,72.54712697,RD-335,83,9,Bike,Low,Fog,8581,Wet,No,None,No,42.7,52.03,2023,12,20,12,Wednesday,0,0
2072,2018-01-03 09:42:00,19.33822306,92.36342926,RD-397,13,111,Car,High,Snow,8126,Dry,No,None,No,35.58,62.54,2018,1,3,9,Wednesday,0,0
2073,2020-11-30 20:09:00,16.99430552,85.02142113,RD-77,407,15,Bike,Low,Clear,1576,Dry,No,None,No,26.15,38.89,2020,11,30,20,Monday,0,0
2074,2020-10-23 13:54:00,33.04965743,87.67030775,RD-188,456,16,Bus,Very High,Storm,7364,Slippery,No,None,No,46.33,74.78,2020,10,23,13,Friday,0,0
2075,2019-02-13 20:57:00,30.51150199,85.51518154,RD-201,30,25,Mixed,Medium,Snow,3117,Under Maintenance,No,None,No,46.39,30.5,2019,2,13,20,Wednesday,0,0
2076,2019-01-10 23:40:00,20.45758407,93.22077923,RD-115,329,22,Mixed,Very High,Rain,7362,Dry,No,None,No,46.12,40.12,2019,1,10,23,Thursday,0,0
2077,2022-05-13 14:09:00,26.28535785,86.47583279,RD-457,163,18,Car,High,Rain,1841,Dry,No,None,No,27.16,64.85,2022,5,13,14,Friday,0,0
2078,2021-07-26 11:29:00,9.382702419,92.61125082,RD-396,367,37,Car,Low,Clear,8597,Dry,No,None,No,33.54,72.86,2021,7,26,11,Monday,0,0
2079,2020-11-22 04:29:00,26.48029207,72.47667138,RD-302,253,25,Bus,Low,Fog,7671,Wet,No,None,No,49.55,85.0,2020,11,22,4,Sunday,0,0
2080,2020-02-19 15:37:00,10.81894487,93.13449519,RD-376,78,30,Bus,High,Fog,2751,Slippery,No,None,No,43.16,72.33,2020,2,19,15,Wednesday,0,0
2081,2018-01-19 16:12:00,28.70654465,96.79564629,RD-439,472,93,Car,High,Rain,5092,Dry,No,None,Yes,20.82,70.31,2018,1,19,16,Friday,0,1
2082,2020-04-11 20:02:00,24.64131501,87.18369705,RD-149,417,108,Mixed,Low,Clear,4833,Slippery,No,None,No,21.96,53.66,2020,4,11,20,Saturday,0,0
2083,2023-08-08 21:42:00,16.71430404,96.31447202,RD-69,19,29,Truck,Very High,Rain,3037,Under Maintenance,No,None,No,33.92,30.08,2023,8,8,21,Tuesday,0,0
2084,2019-12-19 11:35:00,18.75435989,74.37662262,RD-238,108,39,Truck,High,Snow,5963,Under Maintenance,No,None,No,47.28,37.21,2019,12,19,11,Thursday,0,0
2085,2022-09-26 20:08:00,10.61265589,92.04921049,RD-257,474,67,Truck,Medium,Storm,2944,Wet,No,None,No,36.16,62.07,2022,9,26,20,Monday,0,0
2086,2021-08-29 01:12:00,17.36086564,72.90236252,RD-262,41,118,Mixed,Very High,Fog,3340,Slippery,No,None,No,34.93,70.51,2021,8,29,1,Sunday,0,0
2087,2020-05-11 15:34:00,36.0384444,82.96234014,RD-47,82,24,Bike,Low,Storm,2275,Slippery,No,None,No,23.16,55.05,2020,5,11,15,Monday,0,0
2088,2018-02-21 15:37:00,22.09936102,87.25701475,RD-204,424,67,Bike,High,Clear,1720,Slippery,No,None,No,39.7,73.84,2018,2,21,15,Wednesday,0,0
2089,2019-04-28 15:08:00,21.75298674,87.1476053,RD-187,242,70,Mixed,High,Clear,5413,Wet,No,None,No,44.66,61.31,2019,4,28,15,Sunday,0,0
2090,2018-04-13 03:01:00,26.24763488,87.45496731,RD-258,408,109,Bike,Very High,Rain,4624,Slippery,No,None,No,31.41,34.45,2018,4,13,3,Friday,0,0
2091,2023-12-19 13:42:00,22.04887048,77.3068161,RD-6,187,119,Truck,High,Clear,1094,Dry,No,None,No,43.27,41.52,2023,12,19,13,Tuesday,0,0
2092,2018-07-07 16:09:00,18.30976389,96.23791181,RD-340,12,16,Mixed,Medium,Storm,1911,Dry,No,None,No,48.93,80.4,2018,7,7,16,Saturday,0,0
2093,2018-12-09 01:09:00,12.04612565,68.19003683,RD-123,113,36,Car,Low,Fog,7257,Under Maintenance,No,None,No,26.11,73.49,2018,12,9,1,Sunday,0,0
2094,2019-10-06 18:48:00,26.27914191,86.00895501,RD-435,44,111,Mixed,Very High,Rain,5796,Dry,No,None,No,35.7,83.69,2019,10,6,18,Sunday,0,0
2095,2020-08-01 16:25:00,29.71875026,93.11718186,RD-494,124,101,Bus,Very High,Clear,5440,Wet,No,None,No,28.61,37.05,2020,8,1,16,Saturday,0,0
2096,2022-02-21 04:19:00,34.76997694,93.84228295,RD-413,319,52,Truck,Medium,Snow,3473,Under Maintenance,No,None,No,43.79,89.41,2022,2,21,4,Monday,0,0
2097,2021-01-05 21:40:00,8.087401841,88.88595664,RD-315,214,99,Truck,High,Clear,1906,Slippery,Yes,Fatal,No,37.33,42.56,2021,1,5,21,Tuesday,1,0
2098,2021-03-21 20:32:00,9.933151925,84.66955393,RD-351,351,101,Bus,Very High,Fog,6711,Slippery,No,None,No,39.04,30.71,2021,3,21,20,Sunday,0,0
2099,2022-09-13 12:18:00,34.0827642,81.26271662,RD-85,121,63,Truck,Low,Rain,9805,Wet,No,None,No,43.94,89.85,2022,9,13,12,Tuesday,0,0
2100,2018-01-29 10:10:00,26.30351065,81.03596385,RD-388,208,24,Bus,High,Fog,6044,Under Maintenance,No,None,No,31.88,46.86,2018,1,29,10,Monday,0,0
2101,2019-04-21 23:41:00,35.77939802,80.32787481,RD-264,259,109,Bus,Very High,Storm,7530,Slippery,No,None,Yes,47.45,70.08,2019,4,21,23,Sunday,0,1
2102,2019-09-16 14:01:00,20.49449323,88.29688677,RD-72,349,105,Truck,Very High,Storm,6218,Under Maintenance,No,None,No,35.99,40.6,2019,9,16,14,Monday,0,0
2103,2020-06-10 21:11:00,20.08392794,89.20504475,RD-229,110,41,Mixed,Low,Clear,796,Dry,No,None,Yes,24.74,64.81,2020,6,10,21,Wednesday,0,1
2104,2019-11-19 14:41:00,17.9836728,82.92810812,RD-82,419,44,Bus,Very High,Snow,3995,Under Maintenance,Yes,Minor,No,40.88,84.24,2019,11,19,14,Tuesday,1,0
2105,2022-03-05 07:01:00,12.14174879,89.48354119,RD-92,92,65,Car,High,Snow,2930,Slippery,No,None,No,43.8,49.21,2022,3,5,7,Saturday,0,0
2106,2021-03-07 13:38:00,18.98035436,83.32520027,RD-290,231,60,Bus,Medium,Rain,5609,Slippery,No,None,Yes,29.5,70.22,2021,3,7,13,Sunday,0,1
2107,2019-09-09 03:39:00,8.424807666,70.82319939,RD-486,363,18,Car,Very High,Clear,3375,Under Maintenance,No,None,Yes,45.72,41.27,2019,9,9,3,Monday,0,1
2108,2023-06-27 01:03:00,22.77008526,92.69683701,RD-290,300,40,Mixed,Medium,Fog,4678,Slippery,No,None,No,47.18,67.49,2023,6,27,1,Tuesday,0,0
2109,2022-02-19 13:43:00,32.56909601,93.24393311,RD-338,165,80,Bus,Low,Clear,5116,Slippery,No,None,No,28.31,50.19,2022,2,19,13,Saturday,0,0
2110,2019-01-27 11:15:00,17.31470586,75.7273753,RD-447,108,94,Bus,Medium,Snow,6732,Slippery,No,None,No,49.51,42.67,2019,1,27,11,Sunday,0,0
2111,2023-12-07 17:17:00,10.74456454,90.80656902,RD-496,262,38,Bus,Very High,Fog,9351,Under Maintenance,No,None,No,24.22,48.79,2023,12,7,17,Thursday,0,0
2112,2018-05-11 00:43:00,36.23907838,82.82395896,RD-75,235,10,Car,Low,Fog,8920,Slippery,Yes,Major,Yes,26.06,40.73,2018,5,11,0,Friday,1,1
2113,2018-12-31 03:29:00,11.74035066,71.59678822,RD-377,249,50,Mixed,High,Snow,7755,Wet,No,None,Yes,25.53,84.11,2018,12,31,3,Monday,0,1
2114,2019-12-31 20:22:00,23.33222741,79.54196218,RD-375,122,81,Truck,Medium,Rain,207,Dry,No,None,No,46.82,53.83,2019,12,31,20,Tuesday,0,0
2115,2018-06-14 11:02:00,31.46638493,70.22000679,RD-248,388,26,Bike,Very High,Clear,7222,Wet,No,None,Yes,39.63,44.72,2018,6,14,11,Thursday,0,1
2116,2023-08-05 05:37:00,15.31801101,90.80754288,RD-481,153,103,Bus,High,Snow,5341,Wet,No,None,Yes,24.56,56.9,2023,8,5,5,Saturday,0,1
2117,2020-09-11 04:51:00,32.40319666,73.69077042,RD-184,441,87,Bus,Medium,Clear,994,Dry,No,None,No,33.21,49.23,2020,9,11,4,Friday,0,0
2118,2021-07-03 15:42:00,24.15372908,72.76736513,RD-21,252,105,Bus,High,Clear,8013,Wet,No,None,No,38.46,74.67,2021,7,3,15,Saturday,0,0
2119,2023-07-19 06:22:00,17.62613472,74.04759131,RD-113,489,27,Truck,Very High,Rain,6502,Dry,No,None,No,22.5,88.27,2023,7,19,6,Wednesday,0,0
2120,2018-12-22 10:56:00,33.10498727,74.55779937,RD-390,346,118,Mixed,Very High,Fog,4866,Under Maintenance,No,None,No,46.47,56.28,2018,12,22,10,Saturday,0,0
2121,2019-10-12 15:14:00,26.03800445,87.54461325,RD-250,353,68,Car,Medium,Snow,1995,Dry,No,None,No,44.11,81.66,2019,10,12,15,Saturday,0,0
2122,2021-04-21 15:46:00,25.84614837,86.51942848,RD-119,78,100,Truck,Medium,Fog,6053,Dry,No,None,No,35.16,63.95,2021,4,21,15,Wednesday,0,0
2123,2023-07-26 23:39:00,22.6162818,71.7507621,RD-33,213,48,Mixed,Very High,Storm,1394,Under Maintenance,No,None,Yes,49.01,39.43,2023,7,26,23,Wednesday,0,1
2124,2023-01-08 10:11:00,15.96738713,89.0081564,RD-136,415,15,Bike,High,Snow,5692,Dry,No,None,No,32.53,71.44,2023,1,8,10,Sunday,0,0
2125,2019-09-29 04:13:00,16.84095294,78.12265599,RD-190,21,72,Mixed,Medium,Clear,3624,Slippery,No,None,No,49.52,60.81,2019,9,29,4,Sunday,0,0
2126,2018-09-10 18:34:00,10.55429311,81.26670919,RD-120,102,65,Mixed,Very High,Snow,9254,Dry,Yes,Minor,No,40.04,69.04,2018,9,10,18,Monday,1,0
2127,2020-06-03 11:35:00,15.06798748,71.62093883,RD-22,67,80,Car,Low,Fog,6335,Wet,No,None,No,39.04,83.38,2020,6,3,11,Wednesday,0,0
2128,2022-01-10 12:09:00,16.0569275,88.55015563,RD-343,496,60,Mixed,High,Storm,2497,Wet,No,None,No,24.98,56.43,2022,1,10,12,Monday,0,0
2129,2021-09-27 23:44:00,9.702343286,78.91044227,RD-106,304,55,Mixed,Low,Rain,774,Slippery,No,None,Yes,46.46,84.07,2021,9,27,23,Monday,0,1
2130,2018-04-19 08:46:00,11.19912736,86.33175849,RD-266,429,67,Bus,Low,Snow,7104,Slippery,No,None,No,32.82,75.04,2018,4,19,8,Thursday,0,0
2131,2023-02-18 08:16:00,15.83733667,80.3894074,RD-465,271,107,Car,High,Rain,7417,Slippery,No,None,No,24.87,59.32,2023,2,18,8,Saturday,0,0
2132,2021-06-26 01:23:00,27.64032317,69.41719522,RD-406,185,34,Mixed,Low,Storm,5685,Wet,No,None,Yes,20.38,66.19,2021,6,26,1,Saturday,0,1
2133,2021-10-14 10:35:00,13.34281474,88.40119741,RD-185,17,14,Mixed,Low,Fog,4599,Slippery,No,None,No,36.79,49.53,2021,10,14,10,Thursday,0,0
2134,2022-10-01 12:29:00,23.1336384,84.02273665,RD-199,79,119,Bus,Low,Storm,4709,Under Maintenance,No,None,No,35.82,89.02,2022,10,1,12,Saturday,0,0
2135,2023-02-05 07:19:00,22.7291947,80.59310274,RD-241,64,92,Car,Very High,Snow,4059,Wet,No,None,No,41.58,70.04,2023,2,5,7,Sunday,0,0
2136,2022-02-08 19:32:00,32.18710431,73.84500773,RD-470,359,27,Bike,Low,Clear,5845,Slippery,No,None,No,46.71,32.63,2022,2,8,19,Tuesday,0,0
2137,2021-03-19 13:38:00,25.66575036,86.10595323,RD-233,70,5,Car,Low,Fog,4608,Slippery,No,None,No,22.38,49.6,2021,3,19,13,Friday,0,0
2138,2019-03-12 19:17:00,34.59297328,75.98072595,RD-452,263,52,Truck,High,Snow,6639,Under Maintenance,No,None,No,41.94,67.4,2019,3,12,19,Tuesday,0,0
2139,2022-01-25 08:46:00,26.21493971,80.44605466,RD-24,348,8,Mixed,High,Fog,5414,Under Maintenance,No,None,No,25.62,33.38,2022,1,25,8,Tuesday,0,0
2140,2018-05-07 19:22:00,8.739953496,69.63806927,RD-21,359,32,Truck,Low,Fog,5548,Dry,No,None,No,45.75,31.43,2018,5,7,19,Monday,0,0
2141,2023-01-19 11:55:00,19.06327008,90.52564871,RD-333,482,48,Truck,Low,Snow,9310,Under Maintenance,No,None,No,44.57,57.0,2023,1,19,11,Thursday,0,0
2142,2019-10-08 07:38:00,28.27239131,70.61107539,RD-166,403,113,Bike,Low,Clear,5313,Dry,No,None,No,36.22,49.96,2019,10,8,7,Tuesday,0,0
2143,2021-11-22 10:44:00,21.77853494,93.83434863,RD-53,313,71,Mixed,Very High,Clear,6565,Under Maintenance,No,None,No,41.31,56.3,2021,11,22,10,Monday,0,0
2144,2021-03-04 03:41:00,20.16253822,93.15966395,RD-361,331,116,Car,Low,Snow,3511,Under Maintenance,No,None,Yes,29.43,45.76,2021,3,4,3,Thursday,0,1
2145,2019-05-17 09:17:00,27.4748233,96.16160782,RD-496,375,6,Bus,High,Fog,4495,Wet,No,None,Yes,34.14,39.88,2019,5,17,9,Friday,0,1
2146,2021-08-18 08:46:00,16.28625351,94.34479604,RD-267,116,109,Mixed,High,Fog,4275,Dry,No,None,Yes,44.65,71.35,2021,8,18,8,Wednesday,0,1
2147,2020-11-27 08:16:00,34.36036292,96.17082197,RD-325,161,62,Truck,Low,Snow,2790,Dry,No,None,No,33.78,60.87,2020,11,27,8,Friday,0,0
2148,2020-06-19 09:11:00,19.98116443,93.73101108,RD-425,385,10,Truck,Low,Snow,5591,Dry,No,None,No,30.73,42.01,2020,6,19,9,Friday,0,0
2149,2021-04-11 00:30:00,26.30531652,71.26274955,RD-141,293,46,Mixed,High,Storm,5166,Under Maintenance,No,None,No,34.83,49.18,2021,4,11,0,Sunday,0,0
2150,2019-12-21 19:15:00,36.48766473,80.69277403,RD-428,43,21,Bike,Low,Clear,4828,Dry,No,None,No,44.85,65.51,2019,12,21,19,Saturday,0,0
2151,2021-05-04 13:16:00,30.77892667,70.20853449,RD-380,322,41,Car,Low,Fog,527,Dry,No,None,No,30.06,34.33,2021,5,4,13,Tuesday,0,0
2152,2022-10-29 15:44:00,23.4170716,83.81364799,RD-135,76,48,Bus,Very High,Fog,8941,Dry,No,None,No,25.21,38.85,2022,10,29,15,Saturday,0,0
2153,2020-03-09 03:28:00,32.92224006,83.36294608,RD-297,291,27,Bike,Low,Fog,4621,Under Maintenance,No,None,No,41.36,34.39,2020,3,9,3,Monday,0,0
2154,2018-11-25 21:22:00,24.25269384,94.74317244,RD-279,200,44,Car,Very High,Fog,9022,Dry,No,None,No,44.78,78.74,2018,11,25,21,Sunday,0,0
2155,2018-11-17 16:27:00,20.8079496,96.12114761,RD-292,159,89,Mixed,Medium,Snow,5989,Wet,No,None,Yes,23.02,75.14,2018,11,17,16,Saturday,0,1
2156,2023-04-21 02:45:00,33.3301354,75.52967736,RD-90,489,48,Bike,Very High,Clear,6603,Dry,No,None,No,27.2,75.2,2023,4,21,2,Friday,0,0
2157,2019-03-03 03:32:00,8.78750535,84.88707264,RD-193,116,35,Bus,Low,Storm,5696,Dry,No,None,No,24.26,72.98,2019,3,3,3,Sunday,0,0
2158,2018-08-18 03:48:00,19.81651797,81.4688119,RD-335,429,80,Car,Low,Snow,2016,Slippery,No,None,Yes,30.44,70.16,2018,8,18,3,Saturday,0,1
2159,2021-07-17 10:53:00,17.94678153,83.85532007,RD-194,215,97,Mixed,High,Fog,6240,Under Maintenance,No,None,Yes,33.51,58.62,2021,7,17,10,Saturday,0,1
2160,2023-09-22 11:22:00,28.70850288,83.42011476,RD-188,46,110,Car,Low,Clear,9818,Wet,No,None,No,42.46,68.54,2023,9,22,11,Friday,0,0
2161,2018-04-26 12:41:00,8.365000239,94.50960787,RD-301,140,17,Bus,Low,Clear,8165,Wet,No,None,No,39.53,32.3,2018,4,26,12,Thursday,0,0
2162,2023-04-13 03:04:00,27.16472189,93.98764748,RD-335,485,94,Mixed,Low,Rain,3442,Slippery,Yes,Fatal,No,38.63,67.29,2023,4,13,3,Thursday,1,0
2163,2023-04-24 14:33:00,18.04447584,71.55936378,RD-460,355,101,Truck,Very High,Snow,7894,Wet,No,None,Yes,30.57,76.67,2023,4,24,14,Monday,0,1
2164,2018-01-13 06:55:00,10.83890799,78.00819517,RD-428,241,102,Truck,Very High,Clear,6116,Wet,No,None,No,45.24,60.02,2018,1,13,6,Saturday,0,0
2165,2019-02-01 12:33:00,36.42959267,89.83047713,RD-40,467,24,Bike,Medium,Snow,4778,Wet,No,None,No,34.14,51.45,2019,2,1,12,Friday,0,0
2166,2021-10-03 13:36:00,14.1546334,87.83562607,RD-265,73,51,Mixed,Very High,Clear,8174,Dry,No,None,No,49.37,46.65,2021,10,3,13,Sunday,0,0
2167,2023-07-12 12:37:00,18.12476794,86.30458411,RD-129,373,14,Mixed,High,Clear,5829,Dry,No,None,No,39.02,68.57,2023,7,12,12,Wednesday,0,0
2168,2022-07-16 06:29:00,14.00435109,96.82050254,RD-193,227,69,Bike,Very High,Storm,4613,Dry,No,None,No,23.79,71.57,2022,7,16,6,Saturday,0,0
2169,2020-05-22 19:25:00,27.19774472,77.77111666,RD-499,113,56,Car,Low,Rain,300,Slippery,Yes,Fatal,No,40.29,82.26,2020,5,22,19,Friday,1,0
2170,2022-06-19 05:50:00,30.69297311,82.94221247,RD-465,416,67,Bike,Very High,Snow,4593,Slippery,Yes,Fatal,Yes,29.75,50.54,2022,6,19,5,Sunday,1,1
2171,2021-01-01 02:38:00,32.9585842,96.39536082,RD-115,464,33,Mixed,Low,Fog,7191,Dry,No,None,No,40.59,76.19,2021,1,1,2,Friday,0,0
2172,2018-11-01 00:41:00,17.01894832,88.17101608,RD-265,491,58,Truck,High,Storm,9192,Under Maintenance,No,None,No,22.09,63.68,2018,11,1,0,Thursday,0,0
2173,2018-08-25 11:40:00,23.21204835,86.81172789,RD-208,67,90,Car,Medium,Fog,3665,Dry,No,None,No,25.25,82.97,2018,8,25,11,Saturday,0,0
2174,2018-03-07 17:30:00,27.23447112,72.48766996,RD-181,405,54,Mixed,Medium,Storm,7515,Under Maintenance,No,None,No,45.67,61.67,2018,3,7,17,Wednesday,0,0
2175,2018-05-18 12:22:00,26.25610828,75.1530502,RD-419,351,69,Bus,Medium,Clear,262,Wet,No,None,No,26.82,61.06,2018,5,18,12,Friday,0,0
2176,2019-06-06 08:43:00,28.76478861,78.94672249,RD-445,61,48,Truck,Medium,Rain,8011,Under Maintenance,Yes,Fatal,No,45.11,64.67,2019,6,6,8,Thursday,1,0
2177,2021-04-25 00:35:00,30.32209181,81.48056591,RD-177,276,12,Truck,Low,Snow,9883,Slippery,No,None,No,28.38,74.96,2021,4,25,0,Sunday,0,0
2178,2022-09-06 19:06:00,10.82672733,82.41909695,RD-250,274,13,Bike,Low,Clear,4438,Slippery,No,None,No,39.29,87.88,2022,9,6,19,Tuesday,0,0
2179,2023-05-26 03:15:00,12.88101972,94.16197826,RD-406,398,27,Mixed,Very High,Fog,6061,Wet,No,None,Yes,40.82,34.41,2023,5,26,3,Friday,0,1
2180,2019-06-22 23:20:00,29.29531044,71.10914759,RD-247,335,88,Mixed,Low,Rain,9686,Slippery,No,None,No,35.38,33.21,2019,6,22,23,Saturday,0,0
2181,2020-12-03 10:41:00,21.82359048,75.20222453,RD-455,80,38,Bike,Medium,Fog,9334,Under Maintenance,No,None,Yes,29.16,86.25,2020,12,3,10,Thursday,0,1
2182,2019-03-25 22:13:00,20.38397994,72.1653803,RD-310,119,20,Mixed,Low,Snow,7835,Dry,No,None,No,26.38,61.79,2019,3,25,22,Monday,0,0
2183,2022-07-20 08:12:00,21.20776363,89.32401105,RD-4,155,90,Mixed,High,Fog,1477,Dry,No,None,Yes,21.0,66.89,2022,7,20,8,Wednesday,0,1
2184,2018-12-15 12:27:00,18.78875439,96.14681423,RD-257,472,114,Truck,High,Rain,7896,Slippery,No,None,No,29.12,58.95,2018,12,15,12,Saturday,0,0
2185,2022-08-17 08:36:00,25.14095786,93.9248633,RD-452,74,66,Car,High,Snow,6099,Slippery,No,None,No,39.59,35.62,2022,8,17,8,Wednesday,0,0
2186,2019-03-30 07:24:00,17.37644074,88.9757223,RD-72,377,91,Bus,Medium,Clear,7890,Under Maintenance,No,None,No,48.15,76.09,2019,3,30,7,Saturday,0,0
2187,2022-11-27 15:36:00,26.46764662,68.62416132,RD-226,88,69,Bus,Very High,Clear,3937,Dry,No,None,No,46.14,74.83,2022,11,27,15,Sunday,0,0
2188,2020-05-30 00:02:00,13.87647635,78.06389523,RD-85,319,82,Car,Low,Rain,1652,Under Maintenance,No,None,No,42.98,48.7,2020,5,30,0,Saturday,0,0
2189,2021-03-13 07:07:00,29.97297849,93.04492345,RD-118,402,56,Bus,Very High,Rain,5272,Slippery,No,None,No,43.65,48.37,2021,3,13,7,Saturday,0,0
2190,2019-03-05 04:42:00,30.66639926,86.93903736,RD-40,336,117,Car,Low,Rain,637,Slippery,No,None,Yes,39.95,80.27,2019,3,5,4,Tuesday,0,1
2191,2021-02-19 03:58:00,24.77710367,74.07843832,RD-264,453,27,Mixed,Medium,Fog,8240,Wet,No,None,No,27.81,34.34,2021,2,19,3,Friday,0,0
2192,2021-06-29 11:57:00,18.71038042,81.52812691,RD-330,146,42,Bike,High,Clear,3266,Slippery,No,None,No,47.22,82.87,2021,6,29,11,Tuesday,0,0
2193,2023-03-09 00:40:00,8.417500624,70.54962582,RD-144,181,44,Mixed,Medium,Clear,5896,Dry,No,None,Yes,40.12,45.4,2023,3,9,0,Thursday,0,1
2194,2019-07-21 02:56:00,11.5244417,83.10324456,RD-109,148,118,Bike,High,Clear,9401,Slippery,No,None,No,36.81,65.58,2019,7,21,2,Sunday,0,0
2195,2022-11-06 04:01:00,10.31092337,94.12982498,RD-77,140,12,Car,Very High,Snow,6881,Under Maintenance,No,None,No,23.33,86.16,2022,11,6,4,Sunday,0,0
2196,2022-08-23 11:54:00,8.295945729,69.12284654,RD-96,214,36,Mixed,Very High,Storm,3978,Slippery,No,None,No,33.41,70.69,2022,8,23,11,Tuesday,0,0
2197,2018-02-20 00:02:00,28.94437339,85.80285423,RD-81,270,44,Car,Medium,Rain,1468,Dry,No,None,Yes,33.81,54.87,2018,2,20,0,Tuesday,0,1
2198,2021-09-09 13:48:00,35.72593604,74.75997824,RD-186,169,70,Truck,Medium,Snow,4354,Dry,No,None,No,45.94,71.37,2021,9,9,13,Thursday,0,0
2199,2023-04-24 20:49:00,8.323879694,96.72116709,RD-309,159,52,Car,Low,Storm,1857,Slippery,Yes,None,No,36.4,50.64,2023,4,24,20,Monday,1,0
2200,2020-03-10 22:33:00,11.26802745,69.8879499,RD-368,319,17,Mixed,Very High,Rain,4594,Under Maintenance,No,None,Yes,31.41,46.64,2020,3,10,22,Tuesday,0,1
2201,2020-03-18 20:10:00,32.95959992,85.90145011,RD-419,446,31,Bike,High,Storm,1343,Under Maintenance,No,None,No,49.3,89.8,2020,3,18,20,Wednesday,0,0
2202,2020-08-30 07:07:00,27.96656523,75.43474995,RD-61,455,50,Truck,Very High,Clear,6774,Slippery,No,None,Yes,23.32,75.05,2020,8,30,7,Sunday,0,1
2203,2023-01-26 13:41:00,19.7366015,93.59142881,RD-339,443,75,Mixed,Low,Storm,1123,Slippery,Yes,Minor,No,32.68,68.68,2023,1,26,13,Thursday,1,0
2204,2023-09-04 21:32:00,36.79109901,71.53596418,RD-118,116,7,Mixed,Medium,Rain,4517,Under Maintenance,No,None,No,21.26,51.32,2023,9,4,21,Monday,0,0
2205,2023-12-01 01:23:00,24.63501891,80.44832577,RD-213,35,89,Mixed,High,Snow,8810,Under Maintenance,No,None,No,42.2,32.95,2023,12,1,1,Friday,0,0
2206,2022-08-30 02:13:00,27.41837137,73.3754848,RD-416,76,65,Truck,Low,Rain,2638,Under Maintenance,Yes,None,No,47.54,31.86,2022,8,30,2,Tuesday,1,0
2207,2022-01-25 12:48:00,26.94211464,91.18386795,RD-170,191,76,Mixed,Medium,Storm,5416,Slippery,Yes,None,No,28.4,63.25,2022,1,25,12,Tuesday,1,0
2208,2021-10-25 09:00:00,14.45834727,78.19186342,RD-369,434,69,Bike,High,Storm,3255,Slippery,No,None,No,45.75,75.72,2021,10,25,9,Monday,0,0
2209,2022-01-16 11:19:00,22.15560788,73.41468276,RD-59,136,21,Mixed,Low,Rain,3810,Slippery,No,None,No,28.77,62.24,2022,1,16,11,Sunday,0,0
2210,2019-06-26 13:26:00,14.27592766,89.05113097,RD-247,387,30,Bus,Medium,Clear,8484,Wet,No,None,No,47.32,80.45,2019,6,26,13,Wednesday,0,0
2211,2019-05-10 22:02:00,22.77447138,91.69930222,RD-346,145,33,Car,Very High,Rain,1318,Under Maintenance,No,None,No,42.62,32.01,2019,5,10,22,Friday,0,0
2212,2019-06-20 21:07:00,8.892655345,81.40946913,RD-246,33,76,Bus,Medium,Rain,6518,Dry,No,None,No,44.15,52.01,2019,6,20,21,Thursday,0,0
2213,2023-09-05 06:29:00,19.07681613,78.98663267,RD-246,497,42,Bike,Medium,Storm,4940,Slippery,No,None,No,20.54,44.22,2023,9,5,6,Tuesday,0,0
2214,2019-09-29 14:30:00,18.79409211,86.33218158,RD-108,278,55,Bike,Low,Fog,7593,Under Maintenance,No,None,No,48.88,56.84,2019,9,29,14,Sunday,0,0
2215,2021-04-18 15:39:00,16.45728803,86.89050108,RD-303,340,47,Car,Low,Storm,5665,Under Maintenance,No,None,No,41.8,34.34,2021,4,18,15,Sunday,0,0
2216,2022-03-17 07:52:00,10.29763932,87.16161647,RD-83,239,76,Bike,Low,Storm,2877,Dry,No,None,No,29.14,87.25,2022,3,17,7,Thursday,0,0
2217,2019-05-15 20:45:00,30.35804475,75.99697162,RD-332,118,12,Bike,Medium,Storm,5554,Wet,No,None,No,44.88,43.4,2019,5,15,20,Wednesday,0,0
2218,2023-05-01 00:56:00,20.19319106,95.29777171,RD-427,197,29,Mixed,Medium,Storm,5388,Dry,No,None,No,28.45,85.34,2023,5,1,0,Monday,0,0
2219,2019-11-03 19:11:00,31.60522218,74.18988318,RD-211,244,110,Car,Very High,Clear,2344,Dry,No,None,No,46.18,55.55,2019,11,3,19,Sunday,0,0
2220,2018-09-01 09:47:00,32.2360899,78.85059,RD-12,151,110,Bus,Low,Snow,1542,Under Maintenance,Yes,Fatal,No,23.38,89.13,2018,9,1,9,Saturday,1,0
2221,2023-01-29 10:01:00,14.19432431,76.22712433,RD-125,55,59,Mixed,Very High,Rain,3785,Dry,No,None,No,41.11,63.24,2023,1,29,10,Sunday,0,0
2222,2021-04-06 03:27:00,20.2185733,95.00258174,RD-23,252,49,Mixed,High,Rain,4638,Wet,No,None,No,36.22,85.85,2021,4,6,3,Tuesday,0,0
2223,2019-09-01 16:44:00,28.90824615,92.02273413,RD-66,270,95,Bus,Very High,Fog,5498,Under Maintenance,No,None,Yes,22.9,30.32,2019,9,1,16,Sunday,0,1
2224,2021-05-28 00:48:00,22.48538846,91.52688618,RD-294,248,90,Bike,Low,Clear,8370,Slippery,No,None,No,27.26,74.89,2021,5,28,0,Friday,0,0
2225,2023-06-09 11:55:00,32.79697868,68.13659237,RD-304,150,71,Truck,High,Fog,7204,Under Maintenance,No,None,No,20.37,84.18,2023,6,9,11,Friday,0,0
2226,2018-03-21 06:13:00,24.57550122,87.89111451,RD-83,161,61,Truck,Medium,Rain,8785,Wet,No,None,Yes,34.06,38.38,2018,3,21,6,Wednesday,0,1
2227,2020-09-29 02:09:00,26.25784807,74.67793716,RD-69,409,53,Bike,Medium,Fog,5928,Wet,No,None,Yes,29.04,35.77,2020,9,29,2,Tuesday,0,1
2228,2019-12-26 16:29:00,30.82368047,96.06458346,RD-323,38,58,Mixed,High,Storm,4071,Wet,No,None,No,37.95,55.47,2019,12,26,16,Thursday,0,0
2229,2022-02-22 01:21:00,11.54444112,83.39179083,RD-263,28,51,Bus,Low,Storm,2481,Dry,No,None,No,28.92,86.02,2022,2,22,1,Tuesday,0,0
2230,2021-08-21 18:07:00,24.9431989,84.37638704,RD-21,90,68,Truck,Very High,Rain,4332,Wet,No,None,No,29.0,62.54,2021,8,21,18,Saturday,0,0
2231,2018-08-11 12:30:00,10.47746619,78.33800192,RD-457,453,106,Mixed,Medium,Fog,2776,Wet,No,None,No,42.3,61.65,2018,8,11,12,Saturday,0,0
2232,2023-10-13 20:52:00,15.55598258,83.56518805,RD-294,455,117,Truck,High,Storm,8757,Under Maintenance,Yes,Minor,Yes,21.44,38.47,2023,10,13,20,Friday,1,1
2233,2022-04-23 21:18:00,14.16457949,89.74237844,RD-76,488,28,Bus,Very High,Clear,6891,Under Maintenance,No,None,No,47.09,30.05,2022,4,23,21,Saturday,0,0
2234,2021-03-01 14:21:00,24.44520663,84.29568447,RD-29,185,66,Mixed,Very High,Clear,4450,Under Maintenance,No,None,No,45.57,78.61,2021,3,1,14,Monday,0,0
2235,2021-08-02 00:57:00,32.47316897,86.59662381,RD-86,230,37,Car,Medium,Rain,247,Under Maintenance,No,None,No,40.03,35.25,2021,8,2,0,Monday,0,0
2236,2020-10-05 06:42:00,11.85147868,81.70157426,RD-133,297,103,Mixed,Low,Snow,6765,Dry,No,None,Yes,37.8,68.03,2020,10,5,6,Monday,0,1
2237,2020-08-23 17:12:00,30.2834993,88.77559161,RD-473,55,44,Car,Low,Snow,8197,Dry,Yes,Major,No,46.77,84.88,2020,8,23,17,Sunday,1,0
2238,2020-09-30 03:47:00,12.14891764,94.0872115,RD-93,90,33,Bike,High,Fog,9301,Dry,No,None,No,25.56,42.52,2020,9,30,3,Wednesday,0,0
2239,2020-09-30 13:23:00,13.50047967,69.4804848,RD-265,80,12,Bus,High,Rain,1675,Wet,No,None,No,22.37,69.92,2020,9,30,13,Wednesday,0,0
2240,2021-01-27 18:04:00,34.59126572,71.11159939,RD-491,239,79,Truck,Low,Rain,1849,Under Maintenance,No,None,No,27.19,34.72,2021,1,27,18,Wednesday,0,0
2241,2020-12-26 08:30:00,8.28214551,87.88266432,RD-208,334,20,Bike,High,Storm,1609,Dry,No,None,No,43.84,66.23,2020,12,26,8,Saturday,0,0
2242,2020-05-14 20:59:00,13.7171772,78.95342804,RD-307,481,37,Bike,Low,Storm,3360,Slippery,No,None,No,21.04,39.84,2020,5,14,20,Thursday,0,0
2243,2021-12-09 12:22:00,14.25112665,76.1669347,RD-497,449,68,Mixed,Medium,Clear,8813,Slippery,No,None,Yes,37.48,74.16,2021,12,9,12,Thursday,0,1
2244,2019-04-08 13:07:00,16.17453634,73.17920522,RD-289,132,15,Mixed,Very High,Clear,5850,Dry,No,None,No,49.86,48.07,2019,4,8,13,Monday,0,0
2245,2020-08-17 03:35:00,18.53893951,84.60645203,RD-327,426,33,Car,High,Rain,5990,Wet,No,None,Yes,45.67,57.8,2020,8,17,3,Monday,0,1
2246,2018-01-10 09:49:00,10.99216234,78.07843947,RD-10,32,53,Car,Medium,Storm,7024,Wet,No,None,No,35.64,65.97,2018,1,10,9,Wednesday,0,0
2247,2018-11-22 11:40:00,21.58517412,82.73086396,RD-450,471,113,Bike,Low,Storm,5214,Slippery,No,None,No,21.91,40.28,2018,11,22,11,Thursday,0,0
2248,2020-06-30 17:23:00,19.58116065,95.79827562,RD-369,388,92,Bike,High,Rain,486,Under Maintenance,No,None,Yes,44.94,74.5,2020,6,30,17,Tuesday,0,1
2249,2021-09-30 11:25:00,26.12308052,89.98976172,RD-373,107,70,Mixed,Medium,Clear,2174,Wet,No,None,No,37.97,48.16,2021,9,30,11,Thursday,0,0
2250,2019-12-23 01:27:00,33.15801139,91.08257521,RD-339,198,9,Mixed,High,Storm,2108,Slippery,No,None,No,23.45,69.74,2019,12,23,1,Monday,0,0
2251,2021-02-23 19:15:00,16.63388754,71.60173919,RD-421,141,92,Truck,Medium,Snow,1901,Under Maintenance,No,None,No,22.82,39.5,2021,2,23,19,Tuesday,0,0
2252,2021-11-05 02:52:00,23.84814545,77.42442925,RD-146,458,57,Bus,Low,Fog,5671,Under Maintenance,Yes,Major,No,47.29,71.29,2021,11,5,2,Friday,1,0
2253,2023-05-31 01:23:00,18.76994373,71.08082869,RD-485,139,48,Truck,Very High,Clear,3783,Dry,No,None,No,40.08,37.69,2023,5,31,1,Wednesday,0,0
2254,2021-01-23 00:38:00,9.167258152,96.08710697,RD-44,358,115,Bus,Medium,Snow,5214,Slippery,Yes,None,No,44.88,55.52,2021,1,23,0,Saturday,1,0
2255,2022-06-10 19:36:00,31.81118556,87.78344084,RD-111,195,11,Bike,Low,Rain,3517,Wet,No,None,No,46.37,44.83,2022,6,10,19,Friday,0,0
2256,2023-09-20 13:57:00,26.39227676,68.55778129,RD-230,338,99,Mixed,High,Rain,4638,Slippery,No,None,Yes,37.15,74.9,2023,9,20,13,Wednesday,0,1
2257,2022-07-23 06:02:00,8.062995841,81.78963983,RD-311,37,98,Truck,Very High,Fog,7464,Wet,No,None,Yes,35.52,45.72,2022,7,23,6,Saturday,0,1
2258,2019-06-09 06:52:00,15.23758627,75.64224346,RD-242,170,74,Bus,Very High,Storm,9798,Slippery,No,None,No,32.91,82.9,2019,6,9,6,Sunday,0,0
2259,2018-08-19 08:34:00,16.96069274,83.65880669,RD-445,288,73,Car,High,Snow,8901,Dry,No,None,No,29.51,83.51,2018,8,19,8,Sunday,0,0
2260,2020-08-27 14:41:00,31.53441468,73.18107291,RD-247,93,83,Bus,Very High,Storm,9313,Slippery,No,None,No,33.04,41.79,2020,8,27,14,Thursday,0,0
2261,2020-05-22 16:15:00,30.0606831,69.64880923,RD-88,384,31,Bus,High,Snow,8175,Dry,No,None,No,43.22,66.83,2020,5,22,16,Friday,0,0
2262,2021-08-19 00:07:00,19.48817171,77.37214844,RD-113,296,103,Mixed,High,Rain,5578,Dry,No,None,No,38.06,35.26,2021,8,19,0,Thursday,0,0
2263,2021-06-21 04:34:00,12.56292427,76.56970621,RD-426,57,58,Truck,Low,Rain,3272,Dry,No,None,No,46.78,53.49,2021,6,21,4,Monday,0,0
2264,2020-08-26 03:55:00,19.19493242,88.79194396,RD-211,55,77,Bike,High,Storm,2196,Wet,No,None,No,33.3,72.8,2020,8,26,3,Wednesday,0,0
2265,2022-12-04 02:36:00,31.49424335,81.76191691,RD-308,392,27,Truck,Low,Storm,9849,Dry,Yes,Minor,No,38.21,69.57,2022,12,4,2,Sunday,1,0
2266,2019-02-24 02:40:00,21.11934945,76.4485063,RD-74,54,62,Bike,Medium,Snow,9106,Wet,No,None,No,38.94,67.48,2019,2,24,2,Sunday,0,0
2267,2022-05-21 08:30:00,11.36023546,84.54248503,RD-407,227,21,Car,Medium,Fog,1317,Under Maintenance,No,None,No,37.75,46.95,2022,5,21,8,Saturday,0,0
2268,2023-05-22 18:15:00,9.1178767,70.06820426,RD-299,104,91,Mixed,High,Rain,671,Dry,No,None,No,41.08,52.68,2023,5,22,18,Monday,0,0
2269,2022-09-22 02:41:00,17.6667229,87.20822574,RD-421,425,50,Bus,Low,Snow,9767,Slippery,No,None,No,27.12,36.18,2022,9,22,2,Thursday,0,0
2270,2022-03-14 08:03:00,12.30252152,72.27139164,RD-393,316,107,Truck,Medium,Clear,2461,Slippery,No,None,No,35.37,73.14,2022,3,14,8,Monday,0,0
2271,2018-07-20 08:27:00,29.60619418,76.11128171,RD-94,312,51,Truck,Low,Storm,3468,Under Maintenance,No,None,No,23.13,60.23,2018,7,20,8,Friday,0,0
2272,2020-05-03 07:17:00,16.08394761,76.18156373,RD-320,326,97,Bike,Medium,Rain,1885,Dry,No,None,No,31.54,72.53,2020,5,3,7,Sunday,0,0
2273,2022-07-03 20:28:00,33.4461379,81.50970568,RD-338,187,63,Truck,High,Fog,1080,Under Maintenance,No,None,No,34.63,44.94,2022,7,3,20,Sunday,0,0
2274,2022-09-27 00:27:00,25.90312939,95.64156363,RD-262,44,107,Bus,Medium,Fog,4218,Slippery,No,None,No,39.57,49.47,2022,9,27,0,Tuesday,0,0
2275,2021-03-14 07:01:00,19.41624903,77.41511826,RD-136,408,49,Bike,High,Clear,6510,Slippery,Yes,None,No,48.52,50.05,2021,3,14,7,Sunday,1,0
2276,2020-11-12 22:09:00,25.69166908,76.15833419,RD-86,472,114,Bus,High,Storm,5725,Wet,No,None,No,38.02,31.54,2020,11,12,22,Thursday,0,0
2277,2023-12-07 09:11:00,16.56004522,72.89525757,RD-371,430,66,Bike,Medium,Storm,4857,Wet,No,None,Yes,42.31,50.46,2023,12,7,9,Thursday,0,1
2278,2020-09-26 22:01:00,12.09839249,79.3670981,RD-352,65,58,Bus,High,Snow,1476,Under Maintenance,Yes,Major,No,35.19,78.2,2020,9,26,22,Saturday,1,0
2279,2023-07-13 08:43:00,35.96115025,73.27919224,RD-176,68,79,Bike,Low,Clear,6269,Slippery,No,None,No,39.02,83.84,2023,7,13,8,Thursday,0,0
2280,2023-03-25 12:52:00,24.33168192,71.99531075,RD-473,418,118,Mixed,Low,Fog,2972,Dry,No,None,No,22.13,61.09,2023,3,25,12,Saturday,0,0
2281,2018-07-08 00:20:00,8.212515516,92.86339957,RD-233,29,17,Truck,Low,Fog,6314,Dry,No,None,No,27.63,57.33,2018,7,8,0,Sunday,0,0
2282,2019-07-25 20:55:00,16.99911198,69.5265233,RD-306,185,16,Bus,Very High,Clear,3205,Wet,No,None,No,30.86,31.85,2019,7,25,20,Thursday,0,0
2283,2020-12-01 20:25:00,12.62650033,88.61392846,RD-303,95,6,Car,Medium,Clear,9118,Slippery,Yes,None,No,34.17,82.75,2020,12,1,20,Tuesday,1,0
2284,2021-07-20 06:37:00,15.48731608,73.87455613,RD-36,157,46,Mixed,Medium,Fog,916,Wet,No,None,No,21.37,30.78,2021,7,20,6,Tuesday,0,0
2285,2021-07-18 01:20:00,9.615750072,68.33973568,RD-118,408,58,Mixed,Very High,Clear,1829,Dry,No,None,No,24.2,86.69,2021,7,18,1,Sunday,0,0
2286,2021-06-03 23:10:00,15.10748321,91.05920381,RD-194,71,15,Bus,Medium,Clear,7050,Wet,No,None,No,28.3,59.35,2021,6,3,23,Thursday,0,0
2287,2020-02-17 06:42:00,27.80746692,88.36628006,RD-198,103,116,Bus,Low,Storm,8777,Slippery,Yes,Minor,No,49.15,50.52,2020,2,17,6,Monday,1,0
2288,2023-02-22 09:05:00,31.79767687,77.69466828,RD-68,23,117,Car,Very High,Clear,2048,Dry,Yes,Minor,No,29.94,85.45,2023,2,22,9,Wednesday,1,0
2289,2019-04-05 18:51:00,18.07436851,70.30064348,RD-56,114,82,Bus,Very High,Fog,1538,Slippery,No,None,No,34.46,31.46,2019,4,5,18,Friday,0,0
2290,2020-01-31 01:09:00,23.15150671,78.45947535,RD-9,414,26,Car,Low,Rain,6245,Dry,No,None,No,25.88,64.89,2020,1,31,1,Friday,0,0
2291,2018-01-08 05:54:00,9.21192731,73.25849983,RD-104,187,89,Bus,Medium,Fog,8580,Slippery,No,None,No,38.32,62.94,2018,1,8,5,Monday,0,0
2292,2018-02-12 10:20:00,10.63322321,95.04260305,RD-268,218,113,Car,High,Storm,5155,Slippery,No,None,No,28.42,43.16,2018,2,12,10,Monday,0,0
2293,2022-09-08 01:46:00,24.00580011,83.35906997,RD-441,78,53,Bike,High,Clear,1468,Wet,No,None,No,26.21,55.73,2022,9,8,1,Thursday,0,0
2294,2019-07-15 13:40:00,32.37673041,95.95146549,RD-466,408,41,Truck,Medium,Fog,888,Dry,No,None,No,35.5,69.14,2019,7,15,13,Monday,0,0
2295,2019-06-25 17:10:00,10.55165099,78.18810954,RD-259,72,40,Truck,High,Snow,3110,Under Maintenance,Yes,Major,No,20.17,73.63,2019,6,25,17,Tuesday,1,0
2296,2020-12-28 22:05:00,20.13785339,84.13742174,RD-351,180,93,Bus,Very High,Rain,8536,Slippery,No,None,Yes,20.23,30.04,2020,12,28,22,Monday,0,1
2297,2022-06-05 21:07:00,36.14231537,73.51357947,RD-215,292,111,Bus,High,Fog,731,Dry,No,None,No,26.57,86.21,2022,6,5,21,Sunday,0,0
2298,2022-05-20 03:02:00,29.42498382,91.44444373,RD-424,391,53,Truck,Medium,Clear,9748,Under Maintenance,No,None,No,21.1,39.87,2022,5,20,3,Friday,0,0
2299,2019-03-21 02:47:00,13.73049339,69.19190906,RD-77,326,62,Truck,Medium,Storm,7933,Wet,No,None,No,23.24,44.01,2019,3,21,2,Thursday,0,0
2300,2019-05-12 15:26:00,16.27005375,88.17284727,RD-311,319,7,Car,Medium,Rain,7425,Under Maintenance,No,None,Yes,30.17,45.81,2019,5,12,15,Sunday,0,1
2301,2021-11-11 06:59:00,35.48957074,79.35814268,RD-50,196,70,Car,Very High,Snow,6415,Under Maintenance,No,None,No,44.08,32.27,2021,11,11,6,Thursday,0,0
2302,2022-04-17 22:32:00,14.4086431,84.77405745,RD-91,245,95,Bike,Medium,Snow,8839,Slippery,No,None,No,37.16,37.38,2022,4,17,22,Sunday,0,0
2303,2018-01-11 15:46:00,20.78631408,85.17551491,RD-244,176,37,Bike,High,Clear,924,Dry,No,None,No,35.38,89.18,2018,1,11,15,Thursday,0,0
2304,2019-02-14 04:37:00,18.31269155,88.61305831,RD-462,221,22,Car,Medium,Snow,9194,Wet,No,None,No,28.8,48.91,2019,2,14,4,Thursday,0,0
2305,2021-04-06 23:35:00,22.21112613,73.92360389,RD-315,126,52,Bike,Medium,Rain,6724,Under Maintenance,No,None,Yes,47.95,36.92,2021,4,6,23,Tuesday,0,1
2306,2020-08-01 21:16:00,14.86082542,83.41019172,RD-308,242,79,Mixed,Medium,Snow,355,Slippery,No,None,No,31.91,36.42,2020,8,1,21,Saturday,0,0
2307,2019-03-29 04:17:00,27.38216247,80.38085216,RD-20,172,75,Car,Very High,Clear,8078,Dry,No,None,No,22.61,73.17,2019,3,29,4,Friday,0,0
2308,2018-12-12 22:16:00,14.8031386,76.18325216,RD-450,90,41,Bike,Very High,Snow,6004,Wet,Yes,Minor,No,38.51,81.27,2018,12,12,22,Wednesday,1,0
2309,2020-08-06 19:02:00,25.46093928,82.37610686,RD-402,274,54,Bike,Very High,Storm,5801,Under Maintenance,No,None,No,23.42,45.42,2020,8,6,19,Thursday,0,0
2310,2019-04-27 21:10:00,18.37531003,95.60843631,RD-273,372,40,Bus,Very High,Rain,8661,Under Maintenance,No,None,Yes,30.36,31.25,2019,4,27,21,Saturday,0,1
2311,2019-07-27 18:53:00,15.29280783,95.51766347,RD-258,375,31,Bus,Low,Clear,6453,Under Maintenance,No,None,No,35.22,43.39,2019,7,27,18,Saturday,0,0
2312,2019-06-24 20:15:00,28.15507629,76.08570228,RD-386,132,26,Bus,Low,Clear,8707,Wet,No,None,Yes,46.23,33.39,2019,6,24,20,Monday,0,1
2313,2020-05-04 04:02:00,35.99195358,93.64200778,RD-61,69,35,Truck,High,Storm,5476,Slippery,No,None,No,34.81,36.2,2020,5,4,4,Monday,0,0
2314,2019-05-06 20:57:00,33.21188781,93.42588947,RD-48,71,44,Truck,Medium,Clear,4352,Slippery,No,None,No,41.07,55.89,2019,5,6,20,Monday,0,0
2315,2023-03-26 12:17:00,10.51822638,75.23795478,RD-247,264,58,Truck,Very High,Fog,4541,Slippery,No,None,No,49.78,43.8,2023,3,26,12,Sunday,0,0
2316,2018-12-25 11:43:00,21.17799986,85.36957165,RD-338,115,68,Car,Very High,Clear,6208,Dry,Yes,None,No,23.94,60.96,2018,12,25,11,Tuesday,1,0
2317,2020-09-17 15:35:00,28.14861844,93.22813702,RD-67,333,74,Bus,Medium,Snow,9220,Wet,No,None,No,28.24,45.21,2020,9,17,15,Thursday,0,0
2318,2023-01-20 13:46:00,24.3158594,82.93484926,RD-462,153,57,Bus,Medium,Clear,8713,Wet,No,None,No,31.84,86.43,2023,1,20,13,Friday,0,0
2319,2018-05-17 01:04:00,29.06434816,78.72331454,RD-309,409,58,Car,Low,Rain,5370,Under Maintenance,No,None,No,32.65,84.36,2018,5,17,1,Thursday,0,0
2320,2021-05-29 19:11:00,36.27848411,86.87277748,RD-277,486,58,Truck,Medium,Clear,8913,Slippery,No,None,No,32.33,64.01,2021,5,29,19,Saturday,0,0
2321,2021-01-12 20:31:00,17.92588248,73.00032684,RD-424,245,101,Bike,Low,Rain,3103,Under Maintenance,No,None,Yes,47.23,51.27,2021,1,12,20,Tuesday,0,1
2322,2021-07-27 00:49:00,30.35532161,72.69021007,RD-1,361,75,Mixed,Medium,Storm,8442,Under Maintenance,No,None,Yes,41.42,52.87,2021,7,27,0,Tuesday,0,1
2323,2019-07-05 18:33:00,10.72806821,92.14673782,RD-460,41,10,Bus,Medium,Fog,551,Wet,No,None,No,38.24,54.71,2019,7,5,18,Friday,0,0
2324,2021-08-22 17:41:00,33.22269876,69.21437256,RD-481,367,68,Truck,Very High,Snow,4788,Slippery,No,None,No,29.28,73.65,2021,8,22,17,Sunday,0,0
2325,2018-11-03 21:33:00,30.57453503,91.3052694,RD-397,496,58,Bike,Very High,Fog,3230,Slippery,No,None,No,44.71,57.1,2018,11,3,21,Saturday,0,0
2326,2023-05-10 05:50:00,23.10805631,76.42433058,RD-348,256,69,Bus,Low,Fog,2935,Wet,No,None,No,48.65,81.4,2023,5,10,5,Wednesday,0,0
2327,2020-02-18 20:08:00,31.80997063,82.01055224,RD-333,241,107,Bus,Medium,Storm,4352,Wet,No,None,No,44.64,86.65,2020,2,18,20,Tuesday,0,0
2328,2021-12-04 17:57:00,27.33207991,83.7619366,RD-221,47,50,Mixed,Very High,Clear,2683,Dry,No,None,No,20.05,50.16,2021,12,4,17,Saturday,0,0
2329,2019-01-07 10:38:00,24.01456075,90.24500893,RD-268,176,106,Truck,Low,Fog,2483,Under Maintenance,Yes,Major,No,39.09,63.64,2019,1,7,10,Monday,1,0
2330,2023-07-11 20:04:00,35.43401485,93.63188161,RD-216,455,46,Car,Very High,Snow,2560,Under Maintenance,Yes,Major,No,21.53,35.7,2023,7,11,20,Tuesday,1,0
2331,2019-07-24 04:04:00,11.77769129,91.32249964,RD-190,456,118,Bike,High,Rain,3100,Slippery,No,None,No,27.73,42.03,2019,7,24,4,Wednesday,0,0
2332,2022-01-27 15:31:00,36.79606248,84.59796948,RD-448,114,116,Bike,Low,Storm,9245,Wet,No,None,No,21.79,54.81,2022,1,27,15,Thursday,0,0
2333,2022-09-17 15:31:00,12.47855343,78.09239644,RD-23,25,112,Truck,High,Storm,5022,Slippery,No,None,Yes,38.11,42.37,2022,9,17,15,Saturday,0,1
2334,2019-09-04 02:44:00,21.9251029,83.27017692,RD-358,63,97,Bike,Medium,Fog,3283,Wet,No,None,Yes,40.6,82.59,2019,9,4,2,Wednesday,0,1
2335,2018-01-09 08:40:00,14.71091891,68.87062885,RD-272,263,79,Car,Low,Clear,4720,Slippery,Yes,Major,Yes,23.43,39.5,2018,1,9,8,Tuesday,1,1
2336,2018-09-25 10:44:00,15.88549583,75.10442334,RD-220,246,96,Bike,High,Fog,6852,Slippery,No,None,Yes,31.52,57.34,2018,9,25,10,Tuesday,0,1
2337,2018-09-23 10:17:00,26.32312716,78.61850561,RD-118,408,60,Truck,Medium,Rain,8156,Slippery,No,None,No,33.69,66.34,2018,9,23,10,Sunday,0,0
2338,2020-04-17 20:14:00,9.006594141,77.2728812,RD-481,27,44,Car,Low,Fog,6694,Slippery,No,None,Yes,31.07,71.51,2020,4,17,20,Friday,0,1
2339,2018-08-24 22:54:00,35.28165658,70.75926128,RD-411,269,19,Mixed,Medium,Clear,9367,Slippery,No,None,No,23.63,52.98,2018,8,24,22,Friday,0,0
2340,2023-09-05 02:29:00,16.10904159,69.47186836,RD-247,46,34,Truck,High,Storm,2709,Dry,Yes,Fatal,No,32.57,82.15,2023,9,5,2,Tuesday,1,0
2341,2018-03-05 02:18:00,15.90344439,80.20072861,RD-405,305,27,Mixed,Low,Snow,1998,Under Maintenance,No,None,No,42.54,64.1,2018,3,5,2,Monday,0,0
2342,2021-07-17 10:05:00,33.04334817,70.16919285,RD-394,72,16,Bike,Medium,Storm,9291,Under Maintenance,Yes,Major,No,22.13,56.37,2021,7,17,10,Saturday,1,0
2343,2022-08-26 06:57:00,30.18024941,76.3000337,RD-196,77,96,Car,Medium,Clear,210,Under Maintenance,No,None,No,22.41,34.03,2022,8,26,6,Friday,0,0
2344,2020-05-25 08:08:00,27.479936,81.7699441,RD-180,410,99,Bike,Very High,Storm,441,Wet,No,None,Yes,30.64,57.88,2020,5,25,8,Monday,0,1
2345,2018-12-31 10:21:00,12.24439507,74.08887687,RD-302,474,34,Truck,High,Fog,2277,Wet,Yes,Major,Yes,48.25,79.24,2018,12,31,10,Monday,1,1
2346,2022-08-10 03:17:00,30.31888485,70.30651286,RD-412,491,107,Mixed,Low,Fog,8931,Dry,No,None,No,40.06,66.87,2022,8,10,3,Wednesday,0,0
2347,2019-10-19 01:55:00,18.46222245,80.53186485,RD-380,385,20,Mixed,Low,Fog,2605,Dry,No,None,No,40.36,79.93,2019,10,19,1,Saturday,0,0
2348,2018-11-03 10:34:00,36.82277077,81.00581846,RD-465,185,34,Bike,Medium,Fog,1352,Dry,No,None,Yes,30.86,59.64,2018,11,3,10,Saturday,0,1
2349,2019-04-14 06:37:00,27.46623681,94.55281459,RD-390,28,72,Truck,High,Clear,3587,Dry,No,None,Yes,37.81,37.11,2019,4,14,6,Sunday,0,1
2350,2018-05-05 00:42:00,32.24089916,71.70729163,RD-429,95,37,Bike,Medium,Rain,8823,Slippery,No,None,No,20.3,30.82,2018,5,5,0,Saturday,0,0
2351,2021-03-09 15:28:00,29.27977346,85.83486595,RD-357,432,61,Bus,Medium,Fog,8419,Dry,No,None,No,39.08,48.19,2021,3,9,15,Tuesday,0,0
2352,2021-01-16 09:13:00,25.23291194,77.27137442,RD-295,244,101,Truck,Low,Storm,382,Dry,No,None,No,47.4,71.88,2021,1,16,9,Saturday,0,0
2353,2020-11-22 07:21:00,28.77325257,71.58433708,RD-51,458,32,Truck,Medium,Clear,4187,Dry,No,None,No,38.38,77.42,2020,11,22,7,Sunday,0,0
2354,2023-05-06 15:40:00,25.32703104,79.4012661,RD-218,318,89,Car,Low,Clear,1666,Dry,No,None,No,46.21,47.75,2023,5,6,15,Saturday,0,0
2355,2020-03-28 14:56:00,9.484759129,80.41018998,RD-69,155,83,Bus,Low,Snow,5860,Under Maintenance,No,None,Yes,41.72,59.74,2020,3,28,14,Saturday,0,1
2356,2020-02-14 05:34:00,18.02017108,78.54337091,RD-131,304,30,Mixed,Very High,Fog,2069,Slippery,No,None,No,23.62,55.27,2020,2,14,5,Friday,0,0
2357,2023-03-26 10:16:00,17.17610804,90.20624949,RD-245,453,18,Bike,Low,Storm,2673,Dry,No,None,No,47.07,54.63,2023,3,26,10,Sunday,0,0
2358,2018-10-15 23:30:00,28.70522303,92.33698763,RD-393,101,61,Mixed,Very High,Rain,4999,Wet,No,None,Yes,21.99,43.88,2018,10,15,23,Monday,0,1
2359,2020-05-12 09:17:00,24.70902282,72.31322109,RD-120,470,19,Truck,Medium,Rain,865,Under Maintenance,No,None,Yes,36.02,38.18,2020,5,12,9,Tuesday,0,1
2360,2022-10-16 06:23:00,25.70417528,72.86924708,RD-466,428,70,Bike,Low,Storm,5808,Under Maintenance,No,None,Yes,24.26,41.8,2022,10,16,6,Sunday,0,1
2361,2023-11-06 20:57:00,32.56246586,80.21531035,RD-440,338,20,Mixed,Low,Clear,8627,Wet,Yes,Major,No,20.35,33.32,2023,11,6,20,Monday,1,0
2362,2019-10-17 05:28:00,23.23390703,77.28547987,RD-43,346,41,Bike,Very High,Storm,7378,Slippery,No,None,No,32.66,41.89,2019,10,17,5,Thursday,0,0
2363,2023-11-13 17:17:00,14.33003879,91.76763456,RD-146,427,15,Mixed,Very High,Snow,1643,Slippery,No,None,No,28.85,30.55,2023,11,13,17,Monday,0,0
2364,2021-01-23 23:30:00,8.360750628,96.90752489,RD-307,280,15,Bike,Low,Clear,8164,Under Maintenance,No,None,No,34.58,67.64,2021,1,23,23,Saturday,0,0
2365,2019-08-17 13:09:00,12.62542847,73.25220077,RD-449,82,37,Mixed,High,Snow,1123,Wet,Yes,Fatal,No,37.32,48.98,2019,8,17,13,Saturday,1,0
2366,2023-11-07 05:53:00,8.886793649,90.11378037,RD-279,368,6,Mixed,High,Rain,8802,Slippery,Yes,Minor,No,21.31,88.39,2023,11,7,5,Tuesday,1,0
2367,2023-08-06 21:36:00,14.87488264,85.61015767,RD-210,284,37,Bike,Very High,Fog,8658,Under Maintenance,No,None,No,23.69,41.62,2023,8,6,21,Sunday,0,0
2368,2021-06-07 08:02:00,26.41491854,86.68829793,RD-132,84,67,Car,Low,Snow,7028,Wet,No,None,No,36.76,50.75,2021,6,7,8,Monday,0,0
2369,2021-06-15 05:52:00,12.39114973,75.6688026,RD-97,481,7,Bike,Medium,Storm,3199,Slippery,No,None,Yes,30.3,51.47,2021,6,15,5,Tuesday,0,1
2370,2018-12-22 20:38:00,10.37577366,70.81869044,RD-3,94,88,Mixed,Medium,Fog,2936,Slippery,Yes,Minor,No,41.88,30.51,2018,12,22,20,Saturday,1,0
2371,2023-10-20 05:53:00,36.15478301,83.75442707,RD-364,200,37,Bus,High,Rain,2571,Under Maintenance,No,None,No,39.57,80.35,2023,10,20,5,Friday,0,0
2372,2018-09-19 10:40:00,36.91024569,85.79166962,RD-381,347,30,Truck,High,Storm,9536,Dry,No,None,No,45.37,31.92,2018,9,19,10,Wednesday,0,0
2373,2020-10-23 14:36:00,26.47368186,95.92841926,RD-405,291,117,Car,Medium,Snow,4967,Under Maintenance,No,None,No,40.77,86.41,2020,10,23,14,Friday,0,0
2374,2019-02-06 00:06:00,11.14842542,87.58170086,RD-4,186,38,Bike,Very High,Storm,5050,Under Maintenance,No,None,No,32.9,83.52,2019,2,6,0,Wednesday,0,0
2375,2020-10-25 16:26:00,31.82409833,80.8668447,RD-296,255,82,Truck,Low,Fog,6023,Under Maintenance,No,None,No,40.19,62.13,2020,10,25,16,Sunday,0,0
2376,2022-03-02 05:34:00,23.63719709,96.82603273,RD-268,269,56,Car,High,Storm,7167,Wet,Yes,Major,Yes,28.26,62.62,2022,3,2,5,Wednesday,1,1
2377,2020-05-20 18:53:00,13.2801345,78.82393027,RD-61,459,97,Bus,Low,Snow,6275,Slippery,No,None,No,29.19,69.23,2020,5,20,18,Wednesday,0,0
2378,2023-04-19 05:25:00,24.69507368,72.71419655,RD-267,154,70,Truck,Very High,Clear,9312,Wet,No,None,No,43.67,53.22,2023,4,19,5,Wednesday,0,0
2379,2019-10-26 02:50:00,9.142081575,85.92142153,RD-4,256,118,Bike,Very High,Rain,1951,Slippery,No,None,Yes,33.39,68.83,2019,10,26,2,Saturday,0,1
2380,2019-06-18 05:45:00,36.20166219,75.72126837,RD-193,138,76,Bus,High,Rain,4379,Wet,Yes,None,No,43.95,32.69,2019,6,18,5,Tuesday,1,0
2381,2020-03-08 00:44:00,31.95299948,94.74394027,RD-336,86,31,Bike,Very High,Fog,4601,Dry,Yes,Fatal,No,44.67,33.24,2020,3,8,0,Sunday,1,0
2382,2019-05-01 02:45:00,15.56253061,80.40818257,RD-106,211,76,Truck,Medium,Storm,4529,Dry,No,None,No,45.73,57.43,2019,5,1,2,Wednesday,0,0
2383,2021-06-06 06:58:00,20.14844487,72.33887415,RD-353,90,75,Bike,Very High,Storm,1230,Dry,No,None,No,47.5,62.98,2021,6,6,6,Sunday,0,0
2384,2022-08-26 20:00:00,19.46322383,72.10728653,RD-412,128,79,Bus,High,Snow,4922,Under Maintenance,No,None,No,32.93,83.27,2022,8,26,20,Friday,0,0
2385,2020-05-29 11:43:00,32.98333099,86.83954277,RD-162,222,107,Bus,Very High,Rain,4506,Wet,No,None,Yes,29.57,36.28,2020,5,29,11,Friday,0,1
2386,2021-06-22 22:12:00,18.28439657,78.61102193,RD-210,378,98,Truck,Very High,Rain,1787,Wet,No,None,No,37.47,79.36,2021,6,22,22,Tuesday,0,0
2387,2022-11-10 01:33:00,9.391424832,78.54801186,RD-186,116,107,Truck,High,Fog,6099,Slippery,No,None,Yes,31.14,42.6,2022,11,10,1,Thursday,0,1
2388,2021-12-28 02:32:00,14.22597664,85.7573947,RD-55,146,53,Mixed,High,Rain,822,Dry,No,None,No,38.03,53.65,2021,12,28,2,Tuesday,0,0
2389,2021-02-18 14:18:00,14.25152007,74.42384442,RD-80,104,51,Bus,Low,Snow,4972,Wet,No,None,No,41.17,49.0,2021,2,18,14,Thursday,0,0
2390,2019-01-16 11:44:00,35.52799039,72.21741949,RD-219,108,25,Mixed,Medium,Snow,5585,Wet,No,None,No,40.65,54.01,2019,1,16,11,Wednesday,0,0
2391,2022-02-19 14:16:00,34.79758827,87.06061281,RD-334,403,25,Bike,High,Rain,2078,Dry,No,None,No,31.24,39.03,2022,2,19,14,Saturday,0,0
2392,2018-06-22 19:41:00,16.71720532,68.15187406,RD-300,186,75,Truck,Very High,Fog,7321,Under Maintenance,No,None,Yes,25.01,60.21,2018,6,22,19,Friday,0,1
2393,2019-02-11 21:17:00,8.080245903,94.31358447,RD-130,57,88,Car,Low,Snow,7293,Wet,No,None,Yes,32.92,78.1,2019,2,11,21,Monday,0,1
2394,2019-05-22 12:49:00,22.9929313,73.3061567,RD-134,185,65,Bike,Very High,Fog,9398,Slippery,No,None,No,24.28,56.49,2019,5,22,12,Wednesday,0,0
2395,2018-04-30 21:42:00,31.11995773,80.98782574,RD-438,408,117,Mixed,Medium,Storm,6205,Dry,No,None,No,46.7,59.44,2018,4,30,21,Monday,0,0
2396,2021-08-21 01:57:00,15.78954448,74.13287752,RD-275,54,119,Bus,Very High,Rain,4233,Under Maintenance,No,None,Yes,30.38,80.93,2021,8,21,1,Saturday,0,1
2397,2020-03-18 21:30:00,20.73227676,74.32837039,RD-217,267,18,Truck,Low,Storm,8025,Dry,No,None,Yes,24.63,72.36,2020,3,18,21,Wednesday,0,1
2398,2019-10-09 00:30:00,13.01088693,92.21503964,RD-290,323,24,Truck,Medium,Storm,3050,Dry,No,None,No,20.76,59.43,2019,10,9,0,Wednesday,0,0
2399,2023-11-23 05:10:00,17.49446282,84.96597188,RD-188,175,9,Bike,Very High,Rain,3127,Dry,No,None,No,39.37,45.46,2023,11,23,5,Thursday,0,0
2400,2020-07-23 16:32:00,30.00673708,77.03205997,RD-314,12,35,Bike,Low,Storm,2345,Wet,No,None,Yes,39.11,83.1,2020,7,23,16,Thursday,0,1
2401,2023-11-17 15:00:00,20.42015696,75.28186317,RD-142,227,66,Truck,Very High,Rain,8624,Dry,No,None,No,30.22,64.62,2023,11,17,15,Friday,0,0
2402,2022-11-27 16:21:00,20.97085447,74.17301076,RD-349,490,16,Mixed,Medium,Fog,300,Slippery,No,None,Yes,22.15,43.27,2022,11,27,16,Sunday,0,1
2403,2020-08-24 12:40:00,30.89699775,84.07900224,RD-204,378,60,Bus,Very High,Storm,8295,Under Maintenance,No,None,No,32.29,46.15,2020,8,24,12,Monday,0,0
2404,2018-08-14 15:03:00,30.12620953,89.19289297,RD-387,481,60,Truck,Very High,Storm,6112,Under Maintenance,No,None,No,29.34,78.19,2018,8,14,15,Tuesday,0,0
2405,2023-09-09 15:37:00,13.42743105,75.35229409,RD-105,196,16,Truck,Low,Snow,5471,Dry,No,None,Yes,40.31,32.65,2023,9,9,15,Saturday,0,1
2406,2022-11-07 16:35:00,20.0428932,77.63671725,RD-212,106,70,Bike,Very High,Storm,6126,Wet,No,None,No,38.17,89.53,2022,11,7,16,Monday,0,0
2407,2018-12-13 20:45:00,32.61687725,88.89060229,RD-283,200,30,Bus,High,Clear,9129,Slippery,No,None,No,30.94,37.82,2018,12,13,20,Thursday,0,0
2408,2018-06-24 00:31:00,21.24539279,89.38106248,RD-402,359,72,Truck,Medium,Storm,5062,Slippery,No,None,Yes,26.54,77.76,2018,6,24,0,Sunday,0,1
2409,2022-05-20 18:44:00,27.191141,74.0123714,RD-286,52,34,Bike,Low,Storm,6129,Slippery,Yes,Minor,No,49.64,53.69,2022,5,20,18,Friday,1,0
2410,2018-10-21 11:34:00,16.87290233,79.08386757,RD-248,269,102,Car,High,Snow,3852,Under Maintenance,No,None,No,33.62,59.53,2018,10,21,11,Sunday,0,0
2411,2022-09-14 14:24:00,9.727198285,93.22877403,RD-92,180,105,Truck,High,Clear,2061,Slippery,No,None,No,40.65,82.84,2022,9,14,14,Wednesday,0,0
2412,2021-03-07 20:40:00,12.78207191,89.46557515,RD-190,246,24,Car,Medium,Fog,4135,Dry,No,None,No,24.22,54.77,2021,3,7,20,Sunday,0,0
2413,2021-03-29 21:34:00,19.64990587,72.7123644,RD-287,198,70,Bus,Low,Rain,5616,Under Maintenance,No,None,No,34.57,62.25,2021,3,29,21,Monday,0,0
2414,2022-06-11 17:30:00,18.25054382,79.19292491,RD-285,351,113,Bus,High,Storm,4993,Dry,No,None,No,20.83,32.96,2022,6,11,17,Saturday,0,0
2415,2023-07-23 21:34:00,33.97358206,96.22551968,RD-248,314,39,Truck,Very High,Fog,2888,Slippery,No,None,No,35.16,30.14,2023,7,23,21,Sunday,0,0
2416,2021-12-19 02:29:00,23.82305744,83.23595052,RD-130,457,83,Mixed,High,Fog,5983,Wet,No,None,No,48.92,44.69,2021,12,19,2,Sunday,0,0
2417,2021-09-03 18:35:00,26.18750652,88.8610386,RD-158,29,55,Bike,Medium,Rain,9240,Wet,No,None,No,31.53,70.83,2021,9,3,18,Friday,0,0
2418,2021-10-16 23:26:00,27.97179873,70.66901552,RD-296,486,116,Bike,High,Rain,9305,Slippery,No,None,No,21.17,37.28,2021,10,16,23,Saturday,0,0
2419,2019-07-16 18:53:00,23.41715198,92.1427889,RD-177,350,18,Mixed,Low,Fog,8417,Under Maintenance,No,None,No,20.93,36.83,2019,7,16,18,Tuesday,0,0
2420,2023-07-30 07:07:00,30.31972441,85.53876274,RD-397,182,59,Car,High,Clear,313,Under Maintenance,No,None,No,31.64,54.66,2023,7,30,7,Sunday,0,0
2421,2021-12-25 05:53:00,30.70991405,73.09241253,RD-362,154,40,Bus,High,Snow,4642,Wet,No,None,No,24.8,68.87,2021,12,25,5,Saturday,0,0
2422,2023-07-03 18:14:00,18.19019318,79.02614136,RD-204,75,117,Truck,Medium,Fog,3694,Slippery,No,None,No,20.7,72.72,2023,7,3,18,Monday,0,0
2423,2023-01-31 22:11:00,10.45876945,70.40780026,RD-377,235,57,Bike,High,Rain,4641,Slippery,No,None,No,42.69,40.71,2023,1,31,22,Tuesday,0,0
2424,2020-06-23 20:12:00,36.60427262,90.53330532,RD-71,415,58,Bike,High,Snow,9420,Dry,No,None,No,33.76,34.78,2020,6,23,20,Tuesday,0,0
2425,2022-10-26 04:47:00,26.63600032,89.601491,RD-438,443,67,Truck,Low,Rain,1322,Dry,No,None,No,28.68,86.42,2022,10,26,4,Wednesday,0,0
2426,2023-05-31 22:26:00,28.55856612,82.21669959,RD-443,463,98,Truck,Medium,Fog,4551,Slippery,No,None,No,47.0,45.64,2023,5,31,22,Wednesday,0,0
2427,2022-06-17 08:40:00,29.94418419,81.10847546,RD-338,290,112,Bike,Medium,Snow,2876,Under Maintenance,Yes,Major,No,23.48,81.2,2022,6,17,8,Friday,1,0
2428,2019-12-31 21:16:00,25.77593923,81.43931396,RD-61,136,62,Bike,Medium,Rain,9127,Dry,No,None,No,48.68,81.81,2019,12,31,21,Tuesday,0,0
2429,2019-12-09 20:11:00,21.65614262,69.08653658,RD-383,139,31,Bike,Medium,Rain,4724,Under Maintenance,No,None,No,29.42,76.35,2019,12,9,20,Monday,0,0
2430,2022-06-08 15:10:00,36.55542113,78.67910405,RD-118,263,6,Truck,Very High,Clear,8925,Under Maintenance,No,None,No,46.65,40.13,2022,6,8,15,Wednesday,0,0
2431,2023-06-30 21:07:00,29.10206489,71.72661546,RD-229,436,89,Car,Very High,Rain,7480,Wet,No,None,No,38.09,79.31,2023,6,30,21,Friday,0,0
2432,2023-09-27 09:16:00,32.52961409,73.3589785,RD-401,410,82,Bike,Very High,Storm,5864,Dry,No,None,No,44.8,76.16,2023,9,27,9,Wednesday,0,0
2433,2021-07-12 23:49:00,20.75058577,95.90138455,RD-359,82,95,Car,Medium,Fog,8719,Under Maintenance,No,None,No,49.52,65.8,2021,7,12,23,Monday,0,0
2434,2021-02-20 11:28:00,34.23854747,75.59177108,RD-487,157,89,Bike,Medium,Storm,1837,Under Maintenance,No,None,Yes,28.65,50.23,2021,2,20,11,Saturday,0,1
2435,2018-01-12 12:14:00,29.23238052,82.02512426,RD-83,430,27,Truck,Very High,Fog,629,Slippery,No,None,No,48.83,45.75,2018,1,12,12,Friday,0,0
2436,2021-06-22 21:00:00,29.63771172,93.7459819,RD-52,445,39,Mixed,Medium,Clear,4496,Slippery,No,None,No,31.68,37.31,2021,6,22,21,Tuesday,0,0
2437,2023-01-02 16:54:00,10.52100607,79.99125013,RD-110,88,66,Car,High,Fog,9345,Slippery,No,None,No,31.57,60.59,2023,1,2,16,Monday,0,0
2438,2018-01-10 02:48:00,25.90624446,83.32992605,RD-261,291,116,Mixed,Low,Clear,6451,Under Maintenance,No,None,Yes,30.21,65.12,2018,1,10,2,Wednesday,0,1
2439,2023-07-30 17:58:00,17.72128531,72.8948441,RD-206,418,76,Bike,Medium,Snow,4707,Under Maintenance,No,None,No,36.24,51.56,2023,7,30,17,Sunday,0,0
2440,2023-02-01 17:37:00,27.40104831,76.26730238,RD-403,329,63,Bike,High,Storm,3150,Under Maintenance,No,None,No,24.62,58.52,2023,2,1,17,Wednesday,0,0
2441,2022-10-19 03:38:00,24.47820917,82.67731064,RD-174,424,80,Truck,High,Storm,3672,Wet,No,None,No,36.61,51.81,2022,10,19,3,Wednesday,0,0
2442,2022-07-15 13:14:00,11.22449569,78.58214309,RD-411,423,68,Mixed,Very High,Clear,3731,Dry,Yes,Minor,No,36.25,68.46,2022,7,15,13,Friday,1,0
2443,2018-06-05 16:47:00,23.36964454,69.10941532,RD-282,378,96,Mixed,Low,Storm,3582,Dry,Yes,Minor,No,42.86,84.08,2018,6,5,16,Tuesday,1,0
2444,2018-02-13 12:36:00,21.08649476,79.62404197,RD-315,403,45,Bike,Medium,Storm,2366,Dry,No,None,No,45.01,39.84,2018,2,13,12,Tuesday,0,0
2445,2020-04-18 00:45:00,30.51686127,91.63806716,RD-357,431,37,Bus,Medium,Clear,9636,Slippery,No,None,No,33.21,52.88,2020,4,18,0,Saturday,0,0
2446,2020-04-14 14:48:00,22.57650986,71.36572385,RD-351,118,101,Bus,Low,Clear,1812,Wet,No,None,No,29.07,38.45,2020,4,14,14,Tuesday,0,0
2447,2021-12-09 10:06:00,21.95370286,68.54321044,RD-362,133,13,Mixed,High,Rain,4412,Slippery,No,None,No,27.78,67.5,2021,12,9,10,Thursday,0,0
2448,2022-09-13 06:22:00,28.86523837,71.44237995,RD-27,94,83,Mixed,Medium,Storm,3327,Under Maintenance,Yes,Major,No,25.84,73.73,2022,9,13,6,Tuesday,1,0
2449,2022-10-01 21:15:00,27.38904881,87.91923564,RD-83,481,78,Car,Medium,Storm,7271,Dry,No,None,Yes,21.73,85.91,2022,10,1,21,Saturday,0,1
2450,2023-09-22 18:59:00,36.76377698,91.04469452,RD-200,107,53,Bike,Low,Snow,6065,Wet,No,None,No,30.27,46.73,2023,9,22,18,Friday,0,0
2451,2021-02-06 09:26:00,18.20662832,69.41307011,RD-494,421,6,Bus,High,Storm,2108,Dry,No,None,No,28.11,87.01,2021,2,6,9,Saturday,0,0
2452,2019-05-01 21:41:00,27.96234049,93.7389762,RD-326,381,7,Truck,High,Clear,7970,Slippery,No,None,No,48.99,33.8,2019,5,1,21,Wednesday,0,0
2453,2020-09-25 07:22:00,12.85049812,86.19243549,RD-3,494,27,Car,High,Fog,4703,Under Maintenance,No,None,Yes,36.73,66.18,2020,9,25,7,Friday,0,1
2454,2021-08-25 19:16:00,31.33226196,83.02580911,RD-412,161,78,Bus,Medium,Rain,6436,Slippery,No,None,No,30.42,33.43,2021,8,25,19,Wednesday,0,0
2455,2022-05-10 08:39:00,30.79851294,75.35416475,RD-47,422,23,Bike,High,Clear,9634,Wet,No,None,No,37.41,83.63,2022,5,10,8,Tuesday,0,0
2456,2018-04-01 18:26:00,29.04879987,78.77930913,RD-422,90,109,Bike,Low,Fog,3790,Wet,Yes,Major,No,24.18,61.79,2018,4,1,18,Sunday,1,0
2457,2020-12-31 19:48:00,11.45247218,95.46222491,RD-75,368,22,Bike,Very High,Storm,909,Wet,No,None,No,33.32,70.16,2020,12,31,19,Thursday,0,0
2458,2020-06-07 06:04:00,36.63879304,94.43484658,RD-242,481,39,Bus,Very High,Clear,9949,Under Maintenance,No,None,Yes,38.79,79.89,2020,6,7,6,Sunday,0,1
2459,2018-04-01 06:18:00,35.3357075,86.13847205,RD-475,26,109,Bike,Low,Storm,1026,Dry,No,None,No,34.67,39.02,2018,4,1,6,Sunday,0,0
2460,2021-05-21 15:41:00,18.73265298,84.78842531,RD-308,110,58,Truck,Low,Snow,5367,Dry,No,None,Yes,32.05,32.32,2021,5,21,15,Friday,0,1
2461,2020-09-28 06:30:00,24.74216065,74.10579526,RD-223,79,64,Bike,Low,Snow,292,Wet,No,None,No,49.82,82.73,2020,9,28,6,Monday,0,0
2462,2020-12-18 16:03:00,33.77772213,95.6450776,RD-46,329,111,Car,High,Rain,225,Slippery,No,None,No,46.41,48.9,2020,12,18,16,Friday,0,0
2463,2022-05-04 22:30:00,22.34467573,89.90635968,RD-33,371,13,Truck,Low,Fog,3129,Slippery,No,None,Yes,38.7,37.74,2022,5,4,22,Wednesday,0,1
2464,2022-07-14 16:50:00,25.37573686,79.08553124,RD-135,366,99,Car,Medium,Clear,692,Wet,No,None,Yes,37.08,58.11,2022,7,14,16,Thursday,0,1
2465,2021-03-24 09:03:00,25.49404292,91.65911399,RD-114,247,98,Car,Very High,Rain,4741,Slippery,Yes,Major,No,38.62,65.9,2021,3,24,9,Wednesday,1,0
2466,2021-09-20 12:47:00,26.82839406,74.14436521,RD-190,424,105,Mixed,Medium,Storm,6226,Slippery,No,None,Yes,26.04,31.86,2021,9,20,12,Monday,0,1
2467,2019-09-09 20:32:00,24.68951041,74.18363096,RD-41,66,56,Mixed,Medium,Clear,5535,Under Maintenance,No,None,No,31.85,46.49,2019,9,9,20,Monday,0,0
2468,2023-08-19 16:15:00,19.77238247,90.9378758,RD-312,413,54,Bike,High,Clear,5350,Slippery,No,None,No,21.18,31.97,2023,8,19,16,Saturday,0,0
2469,2018-08-12 19:12:00,23.64490158,84.21993145,RD-20,439,16,Truck,High,Storm,3199,Wet,No,None,No,34.27,55.22,2018,8,12,19,Sunday,0,0
2470,2022-05-17 02:54:00,33.27183777,84.11922337,RD-371,139,21,Bus,Very High,Rain,6840,Dry,No,None,No,36.29,83.71,2022,5,17,2,Tuesday,0,0
2471,2022-08-21 19:06:00,33.05899702,84.63645399,RD-197,114,95,Mixed,High,Rain,9671,Under Maintenance,No,None,No,26.83,88.96,2022,8,21,19,Sunday,0,0
2472,2020-10-08 22:37:00,30.40382666,71.64839769,RD-477,91,89,Truck,High,Snow,4708,Dry,No,None,No,48.92,68.22,2020,10,8,22,Thursday,0,0
2473,2021-12-31 17:18:00,20.0091206,78.13721316,RD-206,59,53,Mixed,Very High,Clear,1100,Under Maintenance,No,None,No,47.28,39.7,2021,12,31,17,Friday,0,0
2474,2019-12-10 01:44:00,30.793204,84.61931043,RD-315,453,52,Truck,Low,Rain,4436,Under Maintenance,Yes,Major,No,41.66,84.35,2019,12,10,1,Tuesday,1,0
2475,2022-10-04 03:12:00,19.24783407,75.18006437,RD-336,479,31,Bike,Very High,Clear,7738,Under Maintenance,No,None,No,36.0,60.97,2022,10,4,3,Tuesday,0,0
2476,2018-12-29 12:03:00,27.25799223,82.61614383,RD-267,306,18,Car,Very High,Snow,3856,Dry,No,None,No,46.1,39.22,2018,12,29,12,Saturday,0,0
2477,2023-07-21 08:16:00,24.45541604,84.15402191,RD-147,494,59,Mixed,Low,Fog,4766,Wet,No,None,No,23.92,85.3,2023,7,21,8,Friday,0,0
2478,2021-10-31 08:38:00,16.70071534,95.34160247,RD-365,355,109,Car,Low,Fog,5186,Slippery,No,None,No,43.72,75.45,2021,10,31,8,Sunday,0,0
2479,2018-07-29 13:56:00,21.13347008,75.12749846,RD-494,341,17,Car,Very High,Snow,2903,Dry,No,None,No,23.74,73.9,2018,7,29,13,Sunday,0,0
2480,2023-05-22 05:53:00,32.08049102,80.74136146,RD-306,463,7,Bus,Low,Clear,8317,Slippery,No,None,No,43.83,72.55,2023,5,22,5,Monday,0,0
2481,2021-01-29 09:11:00,34.46983144,96.46382511,RD-30,154,68,Bus,Low,Rain,5275,Under Maintenance,No,None,No,28.27,42.02,2021,1,29,9,Friday,0,0
2482,2018-12-22 17:36:00,13.95356744,73.41690641,RD-485,215,92,Bike,Very High,Rain,1468,Under Maintenance,No,None,No,46.31,42.66,2018,12,22,17,Saturday,0,0
2483,2021-09-16 10:19:00,21.23022948,90.62056509,RD-397,403,100,Truck,Low,Storm,2935,Under Maintenance,No,None,Yes,48.32,71.3,2021,9,16,10,Thursday,0,1
2484,2022-10-09 11:23:00,20.57166119,73.13749371,RD-420,99,105,Bike,Medium,Rain,2968,Slippery,No,None,No,24.46,43.18,2022,10,9,11,Sunday,0,0
2485,2023-10-17 11:52:00,22.18144362,92.65135061,RD-90,380,76,Truck,High,Clear,6649,Under Maintenance,No,None,No,33.88,56.32,2023,10,17,11,Tuesday,0,0
2486,2021-01-02 18:32:00,36.32214436,82.15124418,RD-328,460,103,Bus,High,Clear,5362,Wet,No,None,Yes,49.43,76.92,2021,1,2,18,Saturday,0,1
2487,2018-09-13 15:01:00,23.04353288,96.19268306,RD-254,179,27,Bike,Very High,Snow,564,Wet,No,None,No,34.5,77.04,2018,9,13,15,Thursday,0,0
2488,2019-06-03 08:17:00,32.07222396,72.93217406,RD-225,247,84,Truck,Low,Storm,5922,Under Maintenance,No,None,No,45.91,57.2,2019,6,3,8,Monday,0,0
2489,2021-11-12 14:56:00,27.25417515,87.94986403,RD-6,472,104,Bus,Medium,Rain,7967,Wet,No,None,No,37.66,77.53,2021,11,12,14,Friday,0,0
2490,2019-08-10 16:23:00,11.10853615,88.16309826,RD-104,409,77,Truck,Low,Clear,5500,Wet,No,None,Yes,31.26,80.32,2019,8,10,16,Saturday,0,1
2491,2018-08-01 12:57:00,28.17404723,88.84738769,RD-436,175,43,Bike,Low,Clear,3446,Dry,No,None,No,28.57,69.29,2018,8,1,12,Wednesday,0,0
2492,2023-03-06 05:22:00,26.76471578,70.92809415,RD-337,151,62,Mixed,Low,Fog,7149,Slippery,No,None,Yes,26.1,43.71,2023,3,6,5,Monday,0,1
2493,2019-08-13 00:51:00,29.99559795,76.36826866,RD-477,429,22,Mixed,Very High,Clear,8448,Under Maintenance,No,None,Yes,42.85,46.44,2019,8,13,0,Tuesday,0,1
2494,2023-07-25 13:20:00,10.15900713,77.80248799,RD-412,406,117,Bike,High,Storm,7200,Dry,No,None,No,31.6,48.89,2023,7,25,13,Tuesday,0,0
2495,2023-09-13 14:23:00,14.99791924,77.40434063,RD-266,196,58,Car,High,Rain,854,Slippery,No,None,No,35.34,37.01,2023,9,13,14,Wednesday,0,0
2496,2019-08-31 05:51:00,30.309372,87.57560085,RD-147,164,35,Mixed,Medium,Fog,1762,Under Maintenance,No,None,No,34.77,46.39,2019,8,31,5,Saturday,0,0
2497,2022-10-10 10:39:00,18.74786321,69.59006045,RD-100,273,106,Mixed,Medium,Clear,1396,Dry,Yes,Fatal,No,37.32,42.57,2022,10,10,10,Monday,1,0
2498,2022-11-23 21:36:00,34.41374975,89.17227992,RD-18,96,68,Mixed,Low,Storm,3822,Slippery,No,None,No,45.97,57.32,2022,11,23,21,Wednesday,0,0
2499,2022-03-24 04:48:00,23.01244186,83.27094686,RD-402,242,46,Car,Medium,Snow,7162,Under Maintenance,No,None,Yes,49.42,84.51,2022,3,24,4,Thursday,0,1
2500,2020-10-25 04:41:00,8.029786874,73.01691791,RD-307,318,41,Bus,Medium,Rain,2472,Wet,No,None,No,32.23,36.27,2020,10,25,4,Sunday,0,0
2501,2019-04-28 17:05:00,28.26624292,74.55744201,RD-262,212,115,Bus,Medium,Snow,9497,Wet,Yes,Fatal,No,44.83,73.22,2019,4,28,17,Sunday,1,0
2502,2023-09-28 15:55:00,22.89045517,70.82982915,RD-265,142,102,Car,Low,Storm,4552,Slippery,No,None,No,42.94,71.24,2023,9,28,15,Thursday,0,0
2503,2019-10-03 05:33:00,17.19573632,81.31270672,RD-358,142,115,Car,Low,Snow,4436,Dry,No,None,No,37.21,35.75,2019,10,3,5,Thursday,0,0
2504,2022-01-15 04:41:00,8.592780254,85.25272069,RD-119,482,109,Bike,High,Rain,7209,Slippery,Yes,Major,No,48.68,85.35,2022,1,15,4,Saturday,1,0
2505,2021-05-04 01:31:00,13.76364074,84.84818943,RD-315,347,74,Bike,Very High,Storm,9029,Under Maintenance,No,None,Yes,26.01,64.11,2021,5,4,1,Tuesday,0,1
2506,2019-07-20 02:05:00,12.68622363,95.9086683,RD-87,313,104,Bike,Low,Clear,4844,Wet,No,None,No,23.28,51.82,2019,7,20,2,Saturday,0,0
2507,2021-01-12 23:31:00,24.90277019,76.58301493,RD-346,256,82,Bus,High,Snow,5783,Wet,No,None,No,45.62,75.39,2021,1,12,23,Tuesday,0,0
2508,2020-11-20 01:22:00,30.31706659,90.10031552,RD-19,259,109,Truck,Medium,Fog,661,Wet,No,None,Yes,33.17,45.44,2020,11,20,1,Friday,0,1
2509,2023-11-23 23:38:00,14.80358609,88.96924875,RD-185,252,92,Mixed,Medium,Snow,5707,Under Maintenance,No,None,No,45.41,71.61,2023,11,23,23,Thursday,0,0
2510,2023-10-31 04:26:00,28.23397089,69.77848244,RD-123,289,101,Bike,Very High,Storm,6997,Dry,No,None,No,46.79,32.38,2023,10,31,4,Tuesday,0,0
2511,2020-08-09 09:58:00,34.0949035,94.97014722,RD-336,210,119,Mixed,Low,Fog,6408,Under Maintenance,No,None,No,21.87,80.36,2020,8,9,9,Sunday,0,0
2512,2021-12-03 21:31:00,26.02599462,95.00781365,RD-1,468,46,Car,Very High,Storm,5631,Slippery,No,None,No,46.5,56.89,2021,12,3,21,Friday,0,0
2513,2022-01-16 22:10:00,30.49378115,79.49372028,RD-500,215,118,Bus,High,Storm,4200,Dry,No,None,No,33.45,68.2,2022,1,16,22,Sunday,0,0
2514,2023-11-28 16:00:00,13.92271366,80.11265722,RD-81,307,87,Bike,Very High,Fog,3471,Wet,Yes,Minor,Yes,35.31,43.27,2023,11,28,16,Tuesday,1,1
2515,2022-01-05 18:15:00,10.17321714,91.76831096,RD-45,146,33,Truck,Very High,Storm,1570,Wet,Yes,Minor,No,38.8,70.62,2022,1,5,18,Wednesday,1,0
2516,2021-10-30 12:47:00,18.59624624,82.35588901,RD-142,457,74,Bus,Medium,Fog,2625,Dry,No,None,No,47.79,76.33,2021,10,30,12,Saturday,0,0
2517,2021-03-15 20:30:00,28.56120082,91.17682026,RD-400,206,7,Car,Medium,Clear,3675,Slippery,No,None,No,20.57,58.39,2021,3,15,20,Monday,0,0
2518,2019-09-16 10:03:00,27.89685909,69.0476299,RD-205,387,22,Mixed,Medium,Storm,2637,Dry,No,None,No,34.31,67.06,2019,9,16,10,Monday,0,0
2519,2020-07-31 16:49:00,35.69729799,75.25784776,RD-181,100,89,Bus,High,Clear,8912,Under Maintenance,No,None,No,40.63,57.38,2020,7,31,16,Friday,0,0
2520,2019-11-30 06:24:00,26.26937417,70.64088457,RD-343,404,33,Mixed,High,Rain,4350,Under Maintenance,No,None,No,41.68,83.65,2019,11,30,6,Saturday,0,0
2521,2018-10-14 05:08:00,19.92724937,81.17174351,RD-203,229,56,Bike,Low,Snow,3112,Wet,No,None,Yes,40.78,59.87,2018,10,14,5,Sunday,0,1
2522,2021-03-14 20:16:00,31.11681137,92.77062389,RD-208,146,46,Car,Low,Clear,2777,Slippery,Yes,Major,No,24.03,80.51,2021,3,14,20,Sunday,1,0
2523,2022-01-12 11:26:00,12.43896944,84.52384456,RD-301,342,56,Truck,Medium,Snow,3034,Under Maintenance,No,None,No,28.98,78.08,2022,1,12,11,Wednesday,0,0
2524,2023-05-08 04:46:00,31.57764781,83.08967262,RD-103,70,40,Bus,Medium,Fog,6476,Slippery,No,None,No,30.76,54.63,2023,5,8,4,Monday,0,0
2525,2018-02-11 00:32:00,18.61198351,78.61709992,RD-266,348,99,Mixed,Very High,Rain,2445,Slippery,No,None,No,44.13,43.81,2018,2,11,0,Sunday,0,0
2526,2018-07-03 05:45:00,12.46629026,69.84468643,RD-8,81,12,Car,Low,Fog,5528,Wet,No,None,No,28.36,54.36,2018,7,3,5,Tuesday,0,0
2527,2020-03-12 20:02:00,12.7020781,90.22588044,RD-378,320,100,Car,Very High,Storm,8783,Wet,No,None,No,26.32,79.57,2020,3,12,20,Thursday,0,0
2528,2019-07-30 00:18:00,36.52432736,84.55221591,RD-361,461,84,Bike,High,Snow,5782,Under Maintenance,Yes,Major,No,48.72,43.66,2019,7,30,0,Tuesday,1,0
2529,2022-09-28 12:39:00,26.07346011,94.99799971,RD-36,373,90,Bus,High,Fog,6147,Wet,No,None,Yes,20.27,61.47,2022,9,28,12,Wednesday,0,1
2530,2019-05-06 20:31:00,13.05367324,80.52699151,RD-471,290,6,Bike,High,Snow,1315,Under Maintenance,No,None,No,49.93,78.37,2019,5,6,20,Monday,0,0
2531,2018-09-28 16:41:00,15.7883136,79.64348946,RD-47,136,55,Bike,Low,Storm,543,Wet,No,None,Yes,40.3,51.21,2018,9,28,16,Friday,0,1
2532,2019-03-23 16:39:00,18.7903133,96.25606272,RD-282,208,19,Bike,High,Storm,6433,Dry,No,None,No,44.85,68.53,2019,3,23,16,Saturday,0,0
2533,2018-06-21 11:51:00,9.621084637,72.09356735,RD-146,321,108,Car,Low,Snow,554,Under Maintenance,No,None,No,28.84,44.74,2018,6,21,11,Thursday,0,0
2534,2021-02-13 15:39:00,11.14405578,75.31848445,RD-372,292,21,Mixed,Medium,Rain,3710,Slippery,No,None,Yes,20.43,36.56,2021,2,13,15,Saturday,0,1
2535,2019-06-27 21:37:00,30.09087454,82.15676225,RD-425,497,17,Mixed,Very High,Snow,5418,Under Maintenance,No,None,No,42.14,77.66,2019,6,27,21,Thursday,0,0
2536,2023-05-09 19:46:00,30.81934512,83.18278474,RD-287,252,58,Truck,Very High,Snow,5639,Dry,No,None,No,45.02,35.94,2023,5,9,19,Tuesday,0,0
2537,2018-10-31 19:04:00,36.65880373,83.91278198,RD-469,160,103,Truck,High,Fog,7042,Wet,No,None,No,42.21,46.28,2018,10,31,19,Wednesday,0,0
2538,2019-09-26 22:07:00,9.960295175,74.15118796,RD-299,49,29,Mixed,Very High,Snow,2830,Wet,No,None,Yes,24.29,81.31,2019,9,26,22,Thursday,0,1
2539,2020-08-12 14:52:00,33.78634794,94.87859341,RD-179,380,78,Bike,High,Rain,1034,Slippery,No,None,Yes,42.6,50.79,2020,8,12,14,Wednesday,0,1
2540,2019-04-12 08:32:00,17.19926532,88.40156081,RD-178,486,113,Car,Low,Rain,217,Under Maintenance,No,None,No,43.07,88.38,2019,4,12,8,Friday,0,0
2541,2023-12-09 12:33:00,17.50766699,75.49475564,RD-494,67,79,Bike,High,Snow,6972,Under Maintenance,No,None,No,39.76,88.78,2023,12,9,12,Saturday,0,0
2542,2021-10-09 11:44:00,11.6911853,76.53159697,RD-418,45,37,Bike,High,Clear,5986,Under Maintenance,Yes,None,Yes,42.98,46.1,2021,10,9,11,Saturday,1,1
2543,2020-07-05 08:25:00,36.60270513,93.53039549,RD-142,262,82,Bike,Very High,Snow,3480,Under Maintenance,No,None,No,45.38,32.46,2020,7,5,8,Sunday,0,0
2544,2022-08-22 15:02:00,36.44868787,79.03030682,RD-116,211,102,Bus,Very High,Fog,359,Slippery,No,None,No,38.41,72.3,2022,8,22,15,Monday,0,0
2545,2022-07-16 05:06:00,33.08005865,84.13453749,RD-311,425,26,Bus,Low,Clear,4370,Wet,No,None,No,22.66,57.06,2022,7,16,5,Saturday,0,0
2546,2019-03-19 05:22:00,10.63262251,71.49237658,RD-494,248,48,Bike,Very High,Storm,875,Wet,No,None,No,34.63,36.05,2019,3,19,5,Tuesday,0,0
2547,2022-03-21 21:16:00,32.40783915,75.30025115,RD-100,393,8,Truck,Low,Storm,275,Slippery,No,None,No,22.33,72.45,2022,3,21,21,Monday,0,0
2548,2023-07-05 13:23:00,26.4038058,80.08072403,RD-233,416,112,Truck,Very High,Clear,8019,Wet,No,None,No,32.23,31.87,2023,7,5,13,Wednesday,0,0
2549,2020-09-27 01:51:00,11.73448793,87.02798396,RD-477,177,30,Mixed,High,Snow,3586,Under Maintenance,No,None,Yes,32.21,82.21,2020,9,27,1,Sunday,0,1
2550,2020-11-13 16:05:00,15.59097496,76.1263991,RD-207,120,5,Car,Medium,Storm,522,Dry,No,None,Yes,21.98,38.32,2020,11,13,16,Friday,0,1
2551,2019-12-28 06:41:00,27.98749981,95.57208386,RD-295,441,14,Bus,Very High,Fog,6630,Dry,No,None,No,30.46,37.64,2019,12,28,6,Saturday,0,0
2552,2019-09-09 18:18:00,31.29978246,74.38629741,RD-3,417,104,Bike,Very High,Storm,6939,Slippery,No,None,No,23.33,40.54,2019,9,9,18,Monday,0,0
2553,2018-05-02 04:07:00,32.59452433,90.58829981,RD-134,222,6,Bus,Very High,Fog,6706,Dry,No,None,Yes,44.25,87.62,2018,5,2,4,Wednesday,0,1
2554,2023-06-23 03:37:00,23.77107699,78.57336557,RD-90,176,33,Mixed,Low,Clear,7030,Wet,Yes,Fatal,No,48.43,71.59,2023,6,23,3,Friday,1,0
2555,2019-06-12 22:31:00,23.50397758,92.16862543,RD-209,305,29,Truck,Low,Fog,881,Under Maintenance,Yes,None,No,22.17,78.08,2019,6,12,22,Wednesday,1,0
2556,2019-12-25 06:41:00,27.84206137,94.77006564,RD-260,294,91,Truck,Very High,Rain,3455,Slippery,No,None,No,48.65,53.86,2019,12,25,6,Wednesday,0,0
2557,2022-04-29 06:43:00,30.55395393,73.42345128,RD-55,310,98,Car,Low,Rain,8530,Under Maintenance,Yes,Fatal,No,35.68,50.18,2022,4,29,6,Friday,1,0
2558,2018-06-03 08:27:00,12.94698766,82.25283422,RD-287,374,64,Car,Low,Rain,4930,Wet,No,None,No,28.99,44.07,2018,6,3,8,Sunday,0,0
2559,2019-12-07 08:04:00,29.45529213,72.47661034,RD-38,100,93,Mixed,Low,Rain,7654,Wet,Yes,Minor,No,22.31,58.84,2019,12,7,8,Saturday,1,0
2560,2020-10-23 17:48:00,17.90891109,88.46893169,RD-258,43,17,Car,Low,Clear,9734,Slippery,No,None,No,35.02,63.11,2020,10,23,17,Friday,0,0
2561,2023-03-18 13:06:00,19.12900001,92.13490436,RD-151,99,44,Mixed,Low,Fog,3359,Wet,No,None,No,43.84,67.91,2023,3,18,13,Saturday,0,0
2562,2023-11-25 23:19:00,10.25367598,79.29457021,RD-175,24,38,Bus,High,Snow,8326,Dry,No,None,No,41.21,45.43,2023,11,25,23,Saturday,0,0
2563,2022-03-31 03:16:00,25.06420211,79.50577619,RD-485,79,39,Bike,Very High,Rain,5827,Under Maintenance,No,None,No,21.51,86.92,2022,3,31,3,Thursday,0,0
2564,2021-05-25 23:30:00,10.70918283,73.91135364,RD-60,226,83,Truck,Medium,Rain,5718,Under Maintenance,No,None,No,22.19,40.19,2021,5,25,23,Tuesday,0,0
2565,2022-05-27 16:41:00,34.48093251,76.88950506,RD-412,347,43,Bike,Very High,Storm,3072,Wet,No,None,No,32.09,87.94,2022,5,27,16,Friday,0,0
2566,2018-10-08 12:58:00,26.00813888,77.39289871,RD-263,80,46,Bus,Medium,Rain,8777,Dry,No,None,No,28.86,30.89,2018,10,8,12,Monday,0,0
2567,2020-05-10 14:24:00,36.7181738,72.51165403,RD-490,139,88,Car,Medium,Snow,484,Under Maintenance,No,None,No,26.97,58.87,2020,5,10,14,Sunday,0,0
2568,2020-09-29 10:13:00,15.12391243,76.98861467,RD-132,363,111,Truck,Low,Snow,8688,Wet,No,None,Yes,28.43,50.0,2020,9,29,10,Tuesday,0,1
2569,2023-09-13 19:10:00,27.70841635,94.31045013,RD-449,138,90,Car,Very High,Storm,3101,Slippery,No,None,No,44.1,56.95,2023,9,13,19,Wednesday,0,0
2570,2019-05-09 01:58:00,35.96846966,77.43618914,RD-276,130,29,Bike,Very High,Clear,338,Wet,No,None,No,47.88,64.24,2019,5,9,1,Thursday,0,0
2571,2021-08-20 19:03:00,16.65876967,75.95867837,RD-417,191,18,Car,Low,Clear,7974,Slippery,No,None,Yes,32.15,56.14,2021,8,20,19,Friday,0,1
2572,2020-04-08 23:13:00,10.79335681,79.1546262,RD-407,134,87,Mixed,Medium,Fog,9797,Slippery,No,None,No,47.18,54.89,2020,4,8,23,Wednesday,0,0
2573,2020-12-13 01:52:00,26.38532072,95.8479181,RD-295,119,114,Bike,High,Snow,1942,Wet,No,None,Yes,29.64,73.96,2020,12,13,1,Sunday,0,1
2574,2023-07-08 13:03:00,18.61687584,90.17279482,RD-129,395,90,Car,Low,Snow,3403,Dry,No,None,No,34.29,71.15,2023,7,8,13,Saturday,0,0
2575,2019-11-19 11:16:00,15.91867138,73.85041121,RD-356,243,91,Bike,Medium,Rain,9147,Wet,No,None,No,26.78,80.0,2019,11,19,11,Tuesday,0,0
2576,2020-08-03 13:29:00,36.81404187,89.82399626,RD-227,173,5,Car,Medium,Rain,5028,Under Maintenance,No,None,No,39.21,45.0,2020,8,3,13,Monday,0,0
2577,2018-05-06 20:15:00,29.86917075,90.22081042,RD-495,461,43,Car,Medium,Rain,1680,Dry,No,None,No,49.37,66.57,2018,5,6,20,Sunday,0,0
2578,2018-12-27 12:08:00,22.07644436,95.55397517,RD-194,37,34,Bike,Medium,Fog,9660,Wet,No,None,No,38.1,65.11,2018,12,27,12,Thursday,0,0
2579,2019-08-11 17:07:00,9.450098524,93.84175816,RD-289,224,9,Bus,High,Snow,7486,Dry,No,None,No,30.73,52.18,2019,8,11,17,Sunday,0,0
2580,2023-12-23 09:21:00,13.55685465,70.76065451,RD-248,112,98,Bike,Low,Rain,5363,Slippery,No,None,Yes,39.43,59.16,2023,12,23,9,Saturday,0,1
2581,2019-02-08 00:39:00,16.66457433,81.1827197,RD-395,413,75,Truck,High,Rain,2168,Dry,No,None,No,23.69,48.83,2019,2,8,0,Friday,0,0
2582,2019-07-25 18:57:00,22.12870145,88.38681376,RD-125,174,66,Truck,Very High,Snow,8833,Slippery,No,None,No,46.66,38.51,2019,7,25,18,Thursday,0,0
2583,2018-02-28 07:27:00,22.42024541,96.22769523,RD-388,68,81,Bus,High,Rain,1988,Slippery,No,None,Yes,35.09,42.83,2018,2,28,7,Wednesday,0,1
2584,2023-06-24 09:30:00,8.717267533,70.46948683,RD-174,53,35,Car,Very High,Storm,5585,Under Maintenance,No,None,No,33.48,36.33,2023,6,24,9,Saturday,0,0
2585,2021-08-12 08:25:00,35.35733183,78.67874972,RD-493,149,11,Bike,Low,Storm,547,Wet,No,None,No,37.58,70.98,2021,8,12,8,Thursday,0,0
2586,2018-09-24 04:24:00,23.7414082,82.27449028,RD-398,41,33,Car,High,Clear,2860,Under Maintenance,No,None,No,38.74,69.64,2018,9,24,4,Monday,0,0
2587,2018-03-01 18:06:00,8.572087843,79.98408161,RD-235,258,55,Car,Very High,Snow,9204,Under Maintenance,No,None,No,22.15,87.04,2018,3,1,18,Thursday,0,0
2588,2019-11-24 20:04:00,28.33872063,81.21757485,RD-349,303,93,Truck,Low,Storm,8924,Slippery,No,None,No,40.48,73.78,2019,11,24,20,Sunday,0,0
2589,2018-06-02 09:09:00,10.06919385,78.70396205,RD-236,40,81,Bike,Low,Snow,9995,Under Maintenance,No,None,No,27.26,33.12,2018,6,2,9,Saturday,0,0
2590,2022-06-27 16:29:00,28.91394232,96.14805581,RD-460,27,116,Mixed,Medium,Fog,4012,Slippery,No,None,No,41.42,83.05,2022,6,27,16,Monday,0,0
2591,2018-01-25 05:20:00,28.34328194,91.29409859,RD-301,166,83,Truck,Very High,Snow,2758,Wet,No,None,No,44.68,81.76,2018,1,25,5,Thursday,0,0
2592,2021-06-09 09:58:00,36.56277176,89.36313744,RD-442,235,55,Car,High,Clear,5965,Dry,No,None,No,44.12,56.6,2021,6,9,9,Wednesday,0,0
2593,2022-03-16 07:22:00,17.91908515,79.91033939,RD-15,316,98,Car,High,Clear,7392,Wet,No,None,No,36.58,65.15,2022,3,16,7,Wednesday,0,0
2594,2023-07-05 20:35:00,12.18549146,93.56418384,RD-247,422,75,Mixed,Low,Fog,3336,Dry,No,None,No,35.61,88.56,2023,7,5,20,Wednesday,0,0
2595,2020-02-27 14:40:00,10.66420891,70.70683933,RD-60,100,73,Car,Medium,Snow,453,Under Maintenance,No,None,No,24.29,61.94,2020,2,27,14,Thursday,0,0
2596,2021-11-12 22:36:00,10.08005604,72.15913726,RD-133,488,18,Bus,Medium,Snow,2355,Under Maintenance,No,None,No,43.26,84.32,2021,11,12,22,Friday,0,0
2597,2022-05-31 16:34:00,31.49966286,95.66767775,RD-35,328,98,Mixed,Medium,Storm,6127,Dry,No,None,No,28.14,34.98,2022,5,31,16,Tuesday,0,0
2598,2019-06-27 05:01:00,28.83789403,84.4426608,RD-196,377,27,Car,Low,Storm,8455,Under Maintenance,Yes,None,No,34.9,41.46,2019,6,27,5,Thursday,1,0
2599,2023-09-07 18:16:00,36.30154129,72.62427549,RD-325,256,84,Truck,Low,Clear,2846,Wet,No,None,No,28.53,56.45,2023,9,7,18,Thursday,0,0
2600,2018-08-04 17:12:00,16.96639516,95.52522552,RD-404,491,92,Truck,Very High,Snow,8481,Slippery,No,None,No,24.01,65.09,2018,8,4,17,Saturday,0,0
2601,2023-05-06 19:36:00,31.28997114,96.27045497,RD-113,346,47,Bus,High,Rain,8387,Dry,No,None,No,38.89,78.97,2023,5,6,19,Saturday,0,0
2602,2022-08-13 12:49:00,10.69740877,93.56329898,RD-347,29,60,Mixed,High,Storm,6796,Slippery,No,None,No,21.63,89.3,2022,8,13,12,Saturday,0,0
2603,2018-08-09 10:55:00,34.21251688,74.91817779,RD-360,168,25,Mixed,Very High,Snow,745,Dry,No,None,No,42.46,53.33,2018,8,9,10,Thursday,0,0
2604,2019-03-05 01:24:00,9.503078955,76.07632559,RD-118,40,111,Car,Very High,Fog,6111,Wet,No,None,No,29.53,32.84,2019,3,5,1,Tuesday,0,0
2605,2023-08-14 18:45:00,30.84862099,79.80221272,RD-410,195,34,Car,Low,Storm,7237,Under Maintenance,No,None,No,20.0,78.07,2023,8,14,18,Monday,0,0
2606,2018-12-28 13:34:00,16.91331022,84.80033005,RD-162,496,80,Bike,High,Clear,2088,Under Maintenance,No,None,No,35.33,66.26,2018,12,28,13,Friday,0,0
2607,2022-10-30 21:17:00,13.25459719,96.77326088,RD-212,350,113,Bus,High,Clear,5500,Dry,No,None,No,21.41,41.91,2022,10,30,21,Sunday,0,0
2608,2019-07-09 08:34:00,28.4309213,95.72787286,RD-490,400,44,Mixed,High,Clear,4735,Under Maintenance,No,None,Yes,28.29,59.69,2019,7,9,8,Tuesday,0,1
2609,2021-06-14 18:58:00,33.98046292,94.7130327,RD-181,233,98,Car,Low,Clear,6579,Slippery,No,None,No,41.21,74.54,2021,6,14,18,Monday,0,0
2610,2021-10-19 03:15:00,30.15965514,70.58901267,RD-265,277,106,Mixed,Low,Snow,7381,Slippery,No,None,No,21.88,76.22,2021,10,19,3,Tuesday,0,0
2611,2021-06-17 03:11:00,17.07989841,89.95782401,RD-275,480,26,Bus,Very High,Snow,1924,Slippery,No,None,No,45.18,59.98,2021,6,17,3,Thursday,0,0
2612,2018-12-11 11:17:00,18.25354899,93.42852998,RD-5,454,6,Truck,Low,Storm,4232,Under Maintenance,No,None,No,20.11,48.31,2018,12,11,11,Tuesday,0,0
2613,2019-03-07 22:27:00,13.48983325,77.66510636,RD-359,52,27,Bus,Low,Rain,7285,Wet,No,None,No,27.4,88.42,2019,3,7,22,Thursday,0,0
2614,2022-05-06 06:55:00,31.89778619,74.36764699,RD-427,58,110,Mixed,High,Clear,7893,Wet,No,None,No,42.23,69.8,2022,5,6,6,Friday,0,0
2615,2021-10-03 09:28:00,11.1057154,89.70480332,RD-135,372,91,Car,High,Rain,5044,Slippery,Yes,Minor,Yes,29.49,54.49,2021,10,3,9,Sunday,1,1
2616,2020-11-08 03:29:00,34.19320389,70.63429494,RD-128,305,90,Mixed,Very High,Clear,4972,Wet,No,None,Yes,23.06,46.83,2020,11,8,3,Sunday,0,1
2617,2022-06-04 11:20:00,25.43289316,95.28488786,RD-148,207,66,Bike,Low,Storm,7740,Under Maintenance,No,None,No,30.81,73.87,2022,6,4,11,Saturday,0,0
2618,2019-08-20 03:19:00,25.07679372,72.52625168,RD-48,425,34,Bus,High,Fog,9642,Wet,No,None,No,28.11,44.53,2019,8,20,3,Tuesday,0,0
2619,2022-06-23 03:52:00,32.29682257,81.26859771,RD-205,200,31,Bike,High,Clear,7881,Under Maintenance,No,None,No,45.28,40.3,2022,6,23,3,Thursday,0,0
2620,2020-11-07 03:48:00,27.35846429,96.50113764,RD-345,239,102,Mixed,Very High,Fog,7208,Wet,No,None,No,29.4,61.79,2020,11,7,3,Saturday,0,0
2621,2023-02-07 17:32:00,16.82293849,96.65838628,RD-384,24,79,Mixed,High,Clear,6745,Under Maintenance,No,None,No,43.67,47.4,2023,2,7,17,Tuesday,0,0
2622,2021-04-13 17:28:00,18.13593854,90.50371831,RD-421,355,97,Bike,Very High,Rain,5430,Under Maintenance,No,None,No,46.76,67.73,2021,4,13,17,Tuesday,0,0
2623,2020-05-03 18:12:00,13.01857154,92.33646606,RD-176,477,41,Car,High,Clear,9665,Wet,No,None,No,33.01,37.08,2020,5,3,18,Sunday,0,0
2624,2023-09-02 15:05:00,21.45783402,96.04795152,RD-39,277,74,Car,Very High,Rain,9559,Under Maintenance,No,None,Yes,47.3,69.3,2023,9,2,15,Saturday,0,1
2625,2019-11-05 22:00:00,11.19448821,94.89545577,RD-284,242,20,Bus,Very High,Fog,8499,Wet,No,None,No,31.32,47.0,2019,11,5,22,Tuesday,0,0
2626,2023-10-16 11:46:00,26.93805871,86.04115034,RD-477,376,24,Bike,Very High,Snow,5655,Under Maintenance,No,None,No,48.92,30.01,2023,10,16,11,Monday,0,0
2627,2018-09-26 00:12:00,12.90763639,89.30389245,RD-92,248,78,Bus,Medium,Fog,8914,Wet,No,None,No,22.68,37.62,2018,9,26,0,Wednesday,0,0
2628,2018-06-12 00:20:00,33.05402142,85.21952006,RD-244,163,50,Bus,Medium,Snow,3722,Wet,No,None,No,40.61,86.02,2018,6,12,0,Tuesday,0,0
2629,2019-11-21 19:26:00,28.31341502,82.68836295,RD-161,423,106,Truck,Low,Storm,5635,Wet,No,None,No,34.81,82.04,2019,11,21,19,Thursday,0,0
2630,2021-05-17 00:54:00,33.85382638,93.54404148,RD-182,358,105,Bus,Low,Storm,2455,Wet,Yes,None,Yes,31.63,44.02,2021,5,17,0,Monday,1,1
2631,2018-11-11 00:26:00,10.52389864,89.40272825,RD-112,423,78,Bus,High,Storm,8910,Dry,No,None,No,38.98,76.7,2018,11,11,0,Sunday,0,0
2632,2022-08-24 10:14:00,31.1567707,92.93466894,RD-458,86,112,Truck,Medium,Storm,931,Slippery,No,None,Yes,41.12,66.51,2022,8,24,10,Wednesday,0,1
2633,2018-04-01 10:33:00,33.54333703,70.78141794,RD-294,242,29,Bus,Very High,Clear,2090,Wet,No,None,No,20.13,88.25,2018,4,1,10,Sunday,0,0
2634,2021-01-26 07:42:00,9.292524458,84.71806986,RD-138,455,63,Bus,Low,Fog,8422,Dry,Yes,None,No,25.01,52.42,2021,1,26,7,Tuesday,1,0
2635,2023-06-15 21:53:00,36.9732027,77.55598802,RD-94,180,90,Bus,Low,Rain,8146,Under Maintenance,No,None,No,41.39,70.89,2023,6,15,21,Thursday,0,0
2636,2023-05-18 18:46:00,16.71868517,82.88842537,RD-485,31,36,Bike,Very High,Clear,9648,Dry,No,None,No,39.99,33.81,2023,5,18,18,Thursday,0,0
2637,2021-05-30 05:30:00,14.13991521,85.77599789,RD-383,244,21,Truck,Very High,Clear,8456,Dry,No,None,No,48.98,53.77,2021,5,30,5,Sunday,0,0
2638,2023-05-22 22:21:00,20.03225147,92.52699569,RD-350,498,94,Car,Medium,Storm,260,Dry,Yes,Minor,No,42.83,87.83,2023,5,22,22,Monday,1,0
2639,2019-09-03 18:41:00,8.250426373,68.92445401,RD-477,282,84,Bus,Very High,Clear,8485,Dry,No,None,Yes,48.52,62.34,2019,9,3,18,Tuesday,0,1
2640,2023-11-06 20:51:00,33.69128345,72.75551781,RD-466,416,14,Bike,Low,Rain,2024,Slippery,Yes,None,No,41.08,47.27,2023,11,6,20,Monday,1,0
2641,2019-02-25 02:52:00,15.78623559,94.7219265,RD-98,34,21,Bike,Low,Fog,2387,Dry,No,None,No,28.94,37.22,2019,2,25,2,Monday,0,0
2642,2022-02-27 08:57:00,23.12615351,96.05085059,RD-256,254,6,Bike,Medium,Storm,2705,Slippery,No,None,No,23.16,72.21,2022,2,27,8,Sunday,0,0
2643,2020-11-02 07:01:00,26.08322607,69.60725781,RD-378,335,70,Truck,High,Storm,9598,Under Maintenance,No,None,No,43.45,68.69,2020,11,2,7,Monday,0,0
2644,2022-12-17 00:38:00,30.94166208,77.62183874,RD-103,255,33,Truck,Medium,Rain,1203,Under Maintenance,No,None,No,39.32,52.44,2022,12,17,0,Saturday,0,0
2645,2020-02-25 10:06:00,15.25597728,68.28216924,RD-121,46,114,Mixed,Low,Clear,6069,Dry,No,None,No,21.45,87.06,2020,2,25,10,Tuesday,0,0
2646,2018-08-25 01:37:00,28.79724465,89.96599238,RD-377,483,8,Bus,Medium,Rain,498,Under Maintenance,No,None,No,30.8,31.33,2018,8,25,1,Saturday,0,0
2647,2023-02-14 21:55:00,11.41216555,87.77626523,RD-124,322,34,Car,High,Snow,9009,Slippery,No,None,No,48.7,48.22,2023,2,14,21,Tuesday,0,0
2648,2021-02-06 04:39:00,28.42281987,84.37934835,RD-447,478,65,Car,Low,Fog,696,Slippery,No,None,Yes,35.01,85.26,2021,2,6,4,Saturday,0,1
2649,2018-06-28 20:42:00,34.65957044,88.05817402,RD-136,364,62,Mixed,Very High,Fog,7848,Dry,No,None,Yes,32.98,49.26,2018,6,28,20,Thursday,0,1
2650,2022-05-11 16:26:00,10.46576178,83.59594516,RD-106,335,80,Car,Low,Rain,7718,Wet,No,None,No,33.73,45.14,2022,5,11,16,Wednesday,0,0
2651,2019-08-12 07:52:00,11.38438122,74.92639409,RD-118,287,38,Bus,Very High,Fog,422,Slippery,No,None,No,26.27,62.05,2019,8,12,7,Monday,0,0
2652,2020-09-29 23:37:00,24.1595975,89.87567831,RD-104,218,82,Car,Low,Fog,5145,Under Maintenance,No,None,No,31.06,79.43,2020,9,29,23,Tuesday,0,0
2653,2019-11-25 16:52:00,9.345612248,90.71505536,RD-428,468,28,Bus,High,Clear,1355,Wet,No,None,No,31.09,36.19,2019,11,25,16,Monday,0,0
2654,2020-02-05 00:52:00,13.43432477,92.7718549,RD-128,13,92,Truck,Very High,Storm,3193,Wet,No,None,No,21.57,86.58,2020,2,5,0,Wednesday,0,0
2655,2021-12-25 21:19:00,13.51557196,95.66822368,RD-429,67,86,Truck,Low,Storm,227,Dry,No,None,No,43.03,77.7,2021,12,25,21,Saturday,0,0
2656,2018-11-22 17:10:00,21.95617642,89.67870674,RD-317,181,29,Bus,Very High,Storm,8468,Under Maintenance,No,None,No,32.5,40.88,2018,11,22,17,Thursday,0,0
2657,2019-10-06 10:30:00,15.20612385,69.58194395,RD-183,339,93,Bus,Low,Rain,4458,Wet,No,None,No,44.67,72.72,2019,10,6,10,Sunday,0,0
2658,2021-01-20 01:40:00,21.79016281,68.60431857,RD-80,282,109,Truck,High,Rain,9305,Slippery,No,None,No,45.51,53.1,2021,1,20,1,Wednesday,0,0
2659,2022-07-18 06:51:00,23.11409786,89.45624945,RD-399,239,29,Bus,Medium,Storm,616,Dry,No,None,Yes,26.36,54.14,2022,7,18,6,Monday,0,1
2660,2022-06-08 11:52:00,29.18868724,69.62547798,RD-55,155,96,Mixed,High,Snow,7148,Wet,No,None,No,39.72,77.0,2022,6,8,11,Wednesday,0,0
2661,2020-01-03 12:45:00,35.43377365,77.16239335,RD-62,446,34,Truck,Medium,Snow,737,Wet,No,None,No,34.17,87.77,2020,1,3,12,Friday,0,0
2662,2021-10-24 08:21:00,22.60866927,71.94863674,RD-472,284,59,Car,Low,Clear,3941,Dry,No,None,No,46.4,37.6,2021,10,24,8,Sunday,0,0
2663,2019-08-15 00:28:00,18.29515502,96.09809723,RD-41,351,93,Truck,High,Rain,450,Under Maintenance,No,None,No,26.47,55.24,2019,8,15,0,Thursday,0,0
2664,2022-08-19 07:56:00,15.50239898,77.17543051,RD-347,326,28,Car,High,Storm,7067,Dry,No,None,No,40.33,58.86,2022,8,19,7,Friday,0,0
2665,2020-05-13 18:21:00,26.40505913,69.59926034,RD-490,66,108,Car,Medium,Snow,7894,Dry,No,None,Yes,38.23,52.58,2020,5,13,18,Wednesday,0,1
2666,2019-11-18 01:38:00,35.34459623,95.53861873,RD-340,344,43,Mixed,High,Storm,5073,Wet,Yes,Fatal,Yes,28.86,51.79,2019,11,18,1,Monday,1,1
2667,2020-03-25 02:50:00,30.17499244,85.65358698,RD-253,309,81,Truck,Medium,Fog,8064,Under Maintenance,No,None,No,24.1,33.14,2020,3,25,2,Wednesday,0,0
2668,2018-02-01 05:27:00,13.97697632,69.04716299,RD-315,156,6,Truck,Medium,Snow,5473,Under Maintenance,No,None,Yes,39.55,71.13,2018,2,1,5,Thursday,0,1
2669,2020-09-02 03:56:00,33.90581979,92.16747016,RD-4,418,38,Mixed,Medium,Storm,9935,Dry,No,None,No,42.16,56.17,2020,9,2,3,Wednesday,0,0
2670,2020-10-20 10:22:00,29.32988593,72.42333239,RD-392,46,20,Truck,High,Rain,1921,Under Maintenance,No,None,Yes,29.47,41.69,2020,10,20,10,Tuesday,0,1
2671,2021-07-11 07:31:00,11.71040098,91.27065192,RD-439,411,52,Car,Very High,Rain,2698,Dry,No,None,No,39.34,78.96,2021,7,11,7,Sunday,0,0
2672,2019-04-18 16:41:00,28.67127005,85.47980064,RD-278,67,28,Bus,Low,Fog,7770,Dry,No,None,Yes,31.85,78.15,2019,4,18,16,Thursday,0,1
2673,2020-07-22 20:43:00,16.39130826,73.13634122,RD-491,277,54,Mixed,High,Fog,9717,Slippery,No,None,No,41.4,59.18,2020,7,22,20,Wednesday,0,0
2674,2021-06-16 14:57:00,22.25050306,89.82534353,RD-22,41,6,Mixed,Very High,Clear,560,Slippery,No,None,No,25.98,47.91,2021,6,16,14,Wednesday,0,0
2675,2022-05-15 19:56:00,16.70670811,81.18064429,RD-435,419,97,Bus,Medium,Storm,5568,Dry,No,None,No,46.71,68.29,2022,5,15,19,Sunday,0,0
2676,2018-05-14 00:29:00,10.4377179,86.50492725,RD-247,419,43,Car,Very High,Snow,2331,Slippery,No,None,No,28.62,47.29,2018,5,14,0,Monday,0,0
2677,2022-01-20 09:41:00,30.28892396,93.21591079,RD-191,440,107,Bus,Very High,Snow,8639,Wet,No,None,Yes,31.03,44.16,2022,1,20,9,Thursday,0,1
2678,2018-09-10 13:22:00,32.031829,75.54864535,RD-318,435,85,Truck,Low,Snow,5505,Dry,No,None,No,21.74,73.83,2018,9,10,13,Monday,0,0
2679,2019-12-05 05:03:00,14.72739104,78.61316888,RD-162,485,63,Bus,Very High,Clear,7788,Wet,Yes,Minor,No,23.35,32.42,2019,12,5,5,Thursday,1,0
2680,2018-05-25 13:29:00,14.94950542,96.92088177,RD-253,98,27,Mixed,High,Storm,6190,Dry,Yes,Minor,No,35.48,35.69,2018,5,25,13,Friday,1,0
2681,2020-04-09 17:04:00,20.46877412,82.73531963,RD-460,231,16,Bike,Low,Fog,4021,Wet,No,None,No,28.03,30.41,2020,4,9,17,Thursday,0,0
2682,2023-07-25 10:47:00,31.53261025,84.19657756,RD-452,60,81,Truck,Low,Clear,6325,Slippery,No,None,Yes,45.06,39.18,2023,7,25,10,Tuesday,0,1
2683,2019-07-27 05:53:00,10.24077409,76.27771766,RD-460,306,73,Bus,Low,Fog,1363,Dry,No,None,No,20.44,34.14,2019,7,27,5,Saturday,0,0
2684,2023-09-23 22:14:00,31.45262925,80.06479033,RD-295,495,19,Bus,Medium,Clear,1094,Dry,No,None,No,31.37,89.75,2023,9,23,22,Saturday,0,0
2685,2022-02-17 18:36:00,34.75896587,82.54500067,RD-445,471,64,Car,Medium,Clear,5308,Slippery,No,None,No,30.12,47.33,2022,2,17,18,Thursday,0,0
2686,2022-04-11 23:16:00,24.28362087,75.49489707,RD-141,202,68,Truck,Low,Snow,6822,Wet,No,None,Yes,20.58,38.96,2022,4,11,23,Monday,0,1
2687,2018-03-24 15:59:00,9.751352964,74.90621982,RD-252,362,6,Car,Low,Clear,9532,Dry,No,None,No,23.73,44.46,2018,3,24,15,Saturday,0,0
2688,2020-03-02 20:52:00,15.81703004,85.41353766,RD-94,70,74,Mixed,Medium,Snow,1027,Slippery,No,None,No,32.41,86.17,2020,3,2,20,Monday,0,0
2689,2023-10-14 13:52:00,11.23020775,73.32589189,RD-392,392,68,Mixed,Medium,Snow,6311,Slippery,No,None,No,34.79,61.21,2023,10,14,13,Saturday,0,0
2690,2023-05-01 01:35:00,15.51922355,84.05027431,RD-469,468,40,Car,Medium,Snow,4515,Under Maintenance,No,None,No,32.13,51.89,2023,5,1,1,Monday,0,0
2691,2019-06-01 22:27:00,31.54167828,88.48020668,RD-262,300,91,Truck,Medium,Rain,5457,Slippery,Yes,None,Yes,35.93,82.4,2019,6,1,22,Saturday,1,1
2692,2020-04-28 21:31:00,9.614365888,73.74947103,RD-144,94,17,Car,Medium,Snow,9630,Slippery,No,None,No,37.85,53.7,2020,4,28,21,Tuesday,0,0
2693,2019-08-02 16:54:00,16.23088541,89.63046379,RD-204,287,6,Car,Medium,Storm,9834,Wet,No,None,No,20.3,50.1,2019,8,2,16,Friday,0,0
2694,2023-06-05 13:11:00,22.99157212,78.43084687,RD-114,462,9,Truck,High,Storm,6908,Dry,No,None,No,33.92,42.44,2023,6,5,13,Monday,0,0
2695,2018-08-27 11:00:00,33.34718832,96.7826316,RD-385,49,44,Mixed,Medium,Clear,9796,Dry,No,None,Yes,48.9,52.67,2018,8,27,11,Monday,0,1
2696,2022-08-25 16:00:00,15.24948281,96.39322749,RD-296,63,84,Bike,Very High,Fog,9332,Slippery,Yes,Major,No,35.57,49.0,2022,8,25,16,Thursday,1,0
2697,2018-08-12 09:50:00,30.57148754,91.15924437,RD-66,475,68,Car,Very High,Storm,4943,Slippery,No,None,Yes,40.33,70.64,2018,8,12,9,Sunday,0,1
2698,2019-06-16 19:01:00,24.92350317,77.93890252,RD-28,174,43,Car,Low,Fog,1627,Under Maintenance,No,None,No,29.36,47.37,2019,6,16,19,Sunday,0,0
2699,2022-03-18 20:05:00,27.6147131,95.17909398,RD-270,437,39,Bus,Very High,Snow,5348,Slippery,No,None,No,43.22,64.63,2022,3,18,20,Friday,0,0
2700,2022-04-02 06:40:00,32.99129078,96.96459115,RD-410,256,61,Truck,Very High,Fog,3311,Dry,Yes,Fatal,No,43.19,33.95,2022,4,2,6,Saturday,1,0
2701,2019-03-17 06:11:00,8.766053957,81.40607838,RD-217,294,45,Bus,High,Snow,3184,Dry,No,None,No,35.64,41.48,2019,3,17,6,Sunday,0,0
2702,2018-03-03 21:35:00,23.36227091,85.82309205,RD-245,347,49,Mixed,Medium,Rain,4246,Under Maintenance,No,None,No,49.28,54.44,2018,3,3,21,Saturday,0,0
2703,2022-09-21 12:25:00,29.669212,68.17362309,RD-482,382,38,Bus,Medium,Clear,7932,Dry,No,None,No,23.77,86.22,2022,9,21,12,Wednesday,0,0
2704,2018-02-09 14:29:00,33.65348863,69.2624631,RD-277,21,23,Truck,Very High,Fog,7691,Under Maintenance,No,None,Yes,20.51,52.64,2018,2,9,14,Friday,0,1
2705,2020-09-24 20:06:00,11.84813146,82.51733652,RD-17,414,111,Car,Medium,Fog,8148,Slippery,No,None,No,43.1,69.84,2020,9,24,20,Thursday,0,0
2706,2020-02-27 20:31:00,17.90209749,85.67010234,RD-258,49,94,Car,Medium,Fog,8641,Wet,No,None,Yes,44.21,45.31,2020,2,27,20,Thursday,0,1
2707,2023-03-09 11:06:00,10.27811796,77.05939707,RD-178,39,46,Bike,Low,Clear,4287,Under Maintenance,No,None,No,23.61,37.62,2023,3,9,11,Thursday,0,0
2708,2023-01-21 02:41:00,32.21308843,70.87476479,RD-202,329,111,Mixed,Low,Rain,495,Dry,No,None,No,27.97,33.51,2023,1,21,2,Saturday,0,0
2709,2023-10-11 18:41:00,32.86362409,90.68589231,RD-441,306,21,Car,High,Clear,2710,Under Maintenance,No,None,No,20.53,48.32,2023,10,11,18,Wednesday,0,0
2710,2022-01-04 14:49:00,22.02397413,80.14404111,RD-352,344,117,Bus,Low,Storm,488,Wet,No,None,No,28.8,39.46,2022,1,4,14,Tuesday,0,0
2711,2019-08-22 20:35:00,8.603063507,86.81660338,RD-398,236,39,Bike,Medium,Clear,395,Under Maintenance,No,None,No,43.19,40.44,2019,8,22,20,Thursday,0,0
2712,2019-01-29 10:44:00,10.96374633,86.85583467,RD-90,312,80,Bike,Medium,Storm,1774,Under Maintenance,No,None,No,35.54,75.65,2019,1,29,10,Tuesday,0,0
2713,2019-06-30 05:21:00,26.10638546,83.85832181,RD-235,229,39,Mixed,High,Fog,9042,Under Maintenance,No,None,No,30.44,30.95,2019,6,30,5,Sunday,0,0
2714,2022-07-10 06:13:00,36.49595639,73.17619755,RD-500,269,105,Bike,Very High,Rain,3127,Dry,No,None,No,31.15,63.47,2022,7,10,6,Sunday,0,0
2715,2018-01-03 17:23:00,32.32705824,85.86635896,RD-62,421,10,Truck,High,Snow,9881,Slippery,No,None,No,20.04,52.77,2018,1,3,17,Wednesday,0,0
2716,2019-01-23 19:04:00,31.13974427,77.34043627,RD-358,103,56,Bus,Medium,Rain,9877,Slippery,No,None,No,28.99,60.39,2019,1,23,19,Wednesday,0,0
2717,2023-07-31 05:16:00,20.12112655,91.75463099,RD-266,441,78,Bike,Very High,Storm,8952,Dry,No,None,No,39.39,63.77,2023,7,31,5,Monday,0,0
2718,2022-06-24 15:05:00,36.57115531,73.60270863,RD-236,322,47,Car,Low,Rain,4713,Slippery,No,None,No,49.23,48.8,2022,6,24,15,Friday,0,0
2719,2019-05-19 13:34:00,31.92421267,76.44330401,RD-162,386,27,Bus,High,Fog,414,Slippery,No,None,No,45.41,47.71,2019,5,19,13,Sunday,0,0
2720,2023-12-01 12:46:00,17.73393183,80.76887302,RD-353,251,87,Mixed,Very High,Clear,5802,Dry,No,None,No,20.71,74.0,2023,12,1,12,Friday,0,0
2721,2019-08-22 10:39:00,29.70623984,89.46038078,RD-5,228,47,Bike,High,Storm,8588,Wet,No,None,No,46.96,82.28,2019,8,22,10,Thursday,0,0
2722,2023-04-16 20:47:00,20.54316466,88.90176674,RD-7,25,57,Bus,Low,Storm,2385,Wet,No,None,No,43.5,41.55,2023,4,16,20,Sunday,0,0
2723,2019-06-11 20:10:00,27.15321444,77.77618866,RD-346,361,76,Car,Very High,Storm,6934,Slippery,No,None,No,43.41,35.86,2019,6,11,20,Tuesday,0,0
2724,2022-04-16 13:14:00,36.13156185,82.8118089,RD-108,405,77,Bike,High,Fog,3751,Slippery,No,None,No,33.74,83.87,2022,4,16,13,Saturday,0,0
2725,2018-03-16 17:16:00,15.1470951,74.79280341,RD-195,320,71,Mixed,Low,Rain,6129,Under Maintenance,Yes,Major,Yes,31.94,50.99,2018,3,16,17,Friday,1,1
2726,2020-07-30 12:46:00,31.05506354,90.34059305,RD-298,429,101,Mixed,Medium,Storm,543,Wet,No,None,No,29.09,63.08,2020,7,30,12,Thursday,0,0
2727,2018-10-15 17:59:00,25.12085531,73.70458666,RD-52,408,70,Mixed,Very High,Snow,7659,Dry,Yes,None,No,21.97,51.57,2018,10,15,17,Monday,1,0
2728,2020-06-24 07:08:00,35.54915648,91.76106049,RD-167,156,38,Bike,Low,Storm,5876,Dry,No,None,No,26.85,37.55,2020,6,24,7,Wednesday,0,0
2729,2018-08-23 23:12:00,11.89943599,95.16905892,RD-186,155,39,Bike,High,Rain,2769,Wet,Yes,None,No,27.4,65.36,2018,8,23,23,Thursday,1,0
2730,2019-12-05 11:34:00,28.87157547,96.75686609,RD-314,227,86,Bike,Medium,Rain,3625,Slippery,Yes,Major,No,34.52,61.51,2019,12,5,11,Thursday,1,0
2731,2018-07-11 15:30:00,9.07744138,92.85190256,RD-442,468,31,Car,High,Snow,4143,Dry,Yes,None,No,42.42,42.18,2018,7,11,15,Wednesday,1,0
2732,2020-04-15 10:49:00,15.15005094,74.42927069,RD-133,487,117,Mixed,Very High,Clear,6721,Under Maintenance,No,None,No,34.21,57.11,2020,4,15,10,Wednesday,0,0
2733,2020-02-25 06:52:00,17.30478137,80.07889532,RD-96,421,112,Bus,Low,Storm,7564,Wet,No,None,Yes,21.74,77.82,2020,2,25,6,Tuesday,0,1
2734,2021-06-15 19:02:00,20.53541705,70.57626853,RD-281,449,31,Bus,High,Rain,2685,Wet,No,None,No,48.73,65.43,2021,6,15,19,Tuesday,0,0
2735,2023-02-28 07:01:00,35.99369934,72.77198944,RD-135,160,106,Bike,High,Snow,4436,Slippery,No,None,No,48.28,35.82,2023,2,28,7,Tuesday,0,0
2736,2022-06-25 06:41:00,9.96044065,69.44121541,RD-122,472,68,Mixed,Low,Snow,1362,Under Maintenance,No,None,No,43.56,62.88,2022,6,25,6,Saturday,0,0
2737,2018-06-12 14:12:00,12.90050307,86.59154943,RD-138,377,43,Mixed,Very High,Fog,4554,Wet,No,None,No,49.74,72.16,2018,6,12,14,Tuesday,0,0
2738,2018-04-07 04:29:00,13.88836956,83.4624269,RD-242,20,64,Bike,Very High,Rain,1111,Wet,No,None,No,36.33,77.56,2018,4,7,4,Saturday,0,0
2739,2020-05-28 09:30:00,20.29590437,94.59337169,RD-491,436,85,Car,Very High,Rain,7951,Slippery,No,None,No,48.88,67.75,2020,5,28,9,Thursday,0,0
2740,2021-07-30 22:25:00,9.760296205,81.42722263,RD-314,350,77,Bus,Medium,Rain,2048,Dry,Yes,None,No,22.27,39.16,2021,7,30,22,Friday,1,0
2741,2022-12-17 11:12:00,35.99716685,86.62689446,RD-176,393,100,Bus,Medium,Fog,1748,Wet,No,None,No,30.97,72.61,2022,12,17,11,Saturday,0,0
2742,2020-02-09 00:43:00,24.23569904,79.64632667,RD-188,310,27,Truck,Very High,Snow,1784,Slippery,No,None,Yes,26.76,70.64,2020,2,9,0,Sunday,0,1
2743,2021-01-15 02:05:00,31.58532018,92.05425414,RD-95,48,112,Bike,High,Snow,559,Slippery,No,None,No,25.87,31.47,2021,1,15,2,Friday,0,0
2744,2021-04-16 22:48:00,30.40245449,94.86489525,RD-256,488,82,Bus,Low,Clear,2895,Under Maintenance,No,None,No,24.22,54.7,2021,4,16,22,Friday,0,0
2745,2020-07-06 00:06:00,27.16392894,80.52022037,RD-218,88,15,Bus,High,Snow,7194,Under Maintenance,No,None,No,38.67,49.98,2020,7,6,0,Monday,0,0
2746,2020-10-27 11:52:00,34.22787314,70.39833829,RD-108,474,8,Car,Medium,Rain,9073,Dry,No,None,No,43.44,70.16,2020,10,27,11,Tuesday,0,0
2747,2022-12-21 15:58:00,34.16912765,72.74253905,RD-215,482,55,Bike,Low,Fog,831,Wet,No,None,No,37.35,42.97,2022,12,21,15,Wednesday,0,0
2748,2020-04-24 03:27:00,11.70538306,88.89578558,RD-359,161,42,Bike,High,Clear,8846,Under Maintenance,No,None,No,24.41,65.45,2020,4,24,3,Friday,0,0
2749,2018-09-06 12:03:00,34.15592067,77.4327563,RD-386,438,55,Bus,Very High,Snow,7865,Wet,No,None,No,44.33,84.79,2018,9,6,12,Thursday,0,0
2750,2021-06-17 21:48:00,23.19284003,90.7761642,RD-191,301,52,Bus,High,Fog,1144,Wet,No,None,No,39.08,77.87,2021,6,17,21,Thursday,0,0
2751,2023-07-07 15:34:00,15.77402169,89.74302754,RD-187,362,84,Mixed,Low,Storm,3525,Wet,No,None,Yes,31.64,85.29,2023,7,7,15,Friday,0,1
2752,2018-05-22 10:47:00,25.64651354,88.13474837,RD-438,373,40,Truck,High,Snow,986,Wet,No,None,No,40.22,88.71,2018,5,22,10,Tuesday,0,0
2753,2018-06-22 10:12:00,16.1462044,91.61228965,RD-206,13,29,Bus,Medium,Fog,8318,Dry,No,None,No,27.8,30.64,2018,6,22,10,Friday,0,0
2754,2018-05-24 06:37:00,21.89122802,89.94012024,RD-144,202,9,Bike,Low,Rain,3334,Wet,No,None,No,30.36,67.36,2018,5,24,6,Thursday,0,0
2755,2020-03-25 05:20:00,31.67669761,86.34504908,RD-231,111,78,Mixed,High,Storm,9412,Slippery,No,None,No,47.52,54.77,2020,3,25,5,Wednesday,0,0
2756,2018-05-15 20:21:00,8.933741302,68.12258905,RD-93,193,73,Car,Medium,Clear,1673,Wet,No,None,Yes,28.72,81.59,2018,5,15,20,Tuesday,0,1
2757,2020-08-21 09:33:00,13.30958076,82.95463903,RD-293,404,109,Bike,Medium,Clear,4850,Dry,No,None,No,34.1,45.11,2020,8,21,9,Friday,0,0
2758,2022-06-29 16:43:00,35.74089758,85.2623339,RD-68,94,86,Mixed,Medium,Rain,5472,Dry,No,None,No,46.7,88.86,2022,6,29,16,Wednesday,0,0
2759,2018-10-24 06:19:00,20.90785283,95.85873113,RD-295,162,27,Bike,High,Fog,7137,Wet,No,None,No,41.23,66.82,2018,10,24,6,Wednesday,0,0
2760,2023-05-23 20:10:00,16.79640309,86.86397978,RD-352,259,106,Bike,High,Storm,2274,Under Maintenance,No,None,No,21.87,77.61,2023,5,23,20,Tuesday,0,0
2761,2020-08-05 15:07:00,34.7751067,84.6887389,RD-118,59,18,Bike,Low,Snow,1471,Under Maintenance,No,None,Yes,24.42,35.14,2020,8,5,15,Wednesday,0,1
2762,2018-08-13 22:45:00,34.42520342,83.69462146,RD-417,357,56,Bus,Very High,Rain,3210,Wet,No,None,No,20.24,41.01,2018,8,13,22,Monday,0,0
2763,2023-02-19 03:50:00,9.283031256,70.99549682,RD-52,379,91,Bus,Very High,Rain,9597,Under Maintenance,No,None,Yes,38.93,75.5,2023,2,19,3,Sunday,0,1
2764,2018-06-05 01:47:00,18.51186248,80.40097644,RD-370,61,52,Truck,Low,Rain,6278,Slippery,No,None,No,33.43,31.32,2018,6,5,1,Tuesday,0,0
2765,2022-11-18 19:45:00,34.47182784,71.89631508,RD-139,271,103,Car,Very High,Rain,2004,Slippery,No,None,No,24.03,79.01,2022,11,18,19,Friday,0,0
2766,2023-11-02 16:39:00,13.21338711,69.52823477,RD-412,311,61,Car,Very High,Snow,4923,Wet,No,None,No,48.74,30.84,2023,11,2,16,Thursday,0,0
2767,2022-05-21 06:18:00,24.76819178,77.55460657,RD-121,207,37,Bus,Low,Rain,1317,Under Maintenance,No,None,No,35.89,69.43,2022,5,21,6,Saturday,0,0
2768,2022-07-12 14:40:00,17.3025624,86.71782289,RD-285,223,42,Bike,Low,Clear,2453,Dry,No,None,No,27.26,51.91,2022,7,12,14,Tuesday,0,0
2769,2022-04-05 06:31:00,29.36039759,93.13712272,RD-222,280,69,Bike,Low,Clear,2861,Slippery,No,None,No,35.02,66.69,2022,4,5,6,Tuesday,0,0
2770,2018-03-31 18:53:00,12.58961176,91.50061015,RD-439,127,10,Mixed,Medium,Rain,1269,Wet,No,None,No,40.39,71.76,2018,3,31,18,Saturday,0,0
2771,2022-01-08 04:06:00,25.28554223,76.54600567,RD-196,454,25,Mixed,Low,Fog,9947,Dry,No,None,No,22.29,50.55,2022,1,8,4,Saturday,0,0
2772,2023-04-08 04:36:00,8.000244534,69.33390193,RD-101,298,31,Mixed,Medium,Clear,5984,Dry,Yes,Fatal,No,28.24,36.48,2023,4,8,4,Saturday,1,0
2773,2022-10-18 21:40:00,15.32434891,79.6776671,RD-75,346,73,Car,High,Storm,1924,Slippery,No,None,No,44.21,34.18,2022,10,18,21,Tuesday,0,0
2774,2021-05-17 09:54:00,12.70279113,77.12859943,RD-410,390,95,Car,Low,Fog,226,Under Maintenance,No,None,No,33.79,65.34,2021,5,17,9,Monday,0,0
2775,2019-05-19 14:19:00,14.08509065,78.76667151,RD-492,405,112,Mixed,Very High,Rain,2496,Dry,Yes,Major,No,36.4,61.24,2019,5,19,14,Sunday,1,0
2776,2019-03-12 13:25:00,32.95236248,84.21386929,RD-379,296,10,Mixed,Very High,Snow,5132,Wet,Yes,Minor,No,32.98,74.53,2019,3,12,13,Tuesday,1,0
2777,2021-10-28 09:01:00,34.52910098,68.88199217,RD-77,492,44,Mixed,Very High,Fog,8350,Wet,No,None,Yes,21.32,60.58,2021,10,28,9,Thursday,0,1
2778,2018-05-22 17:17:00,29.89591562,78.75336635,RD-243,43,29,Car,Very High,Storm,7896,Under Maintenance,No,None,No,24.97,55.35,2018,5,22,17,Tuesday,0,0
2779,2020-11-15 12:38:00,25.11308937,84.20036598,RD-413,41,119,Bus,Medium,Fog,8522,Under Maintenance,No,None,No,33.37,53.89,2020,11,15,12,Sunday,0,0
2780,2021-08-09 10:10:00,14.69483896,80.49815526,RD-5,32,73,Bike,High,Clear,6330,Under Maintenance,No,None,No,26.28,31.59,2021,8,9,10,Monday,0,0
2781,2021-04-19 04:40:00,15.96691997,87.34963934,RD-91,111,66,Bus,Low,Clear,1405,Under Maintenance,No,None,No,21.5,50.13,2021,4,19,4,Monday,0,0
2782,2018-01-20 06:11:00,16.98680342,73.39782197,RD-216,78,83,Car,Low,Snow,9551,Wet,No,None,No,45.31,88.56,2018,1,20,6,Saturday,0,0
2783,2018-03-01 04:41:00,30.53315835,72.46101517,RD-256,49,50,Car,High,Fog,5886,Wet,No,None,Yes,49.44,82.41,2018,3,1,4,Thursday,0,1
2784,2018-02-08 20:58:00,15.33364493,76.9283583,RD-69,459,52,Mixed,Very High,Snow,5032,Dry,No,None,No,43.79,49.76,2018,2,8,20,Thursday,0,0
2785,2022-02-18 16:08:00,36.22829334,70.95014801,RD-458,388,42,Bus,Low,Fog,2673,Dry,No,None,No,45.61,65.27,2022,2,18,16,Friday,0,0
2786,2021-08-04 10:43:00,31.09744212,74.85159421,RD-435,40,65,Car,High,Rain,2568,Wet,Yes,Minor,No,27.26,80.84,2021,8,4,10,Wednesday,1,0
2787,2020-12-16 14:53:00,36.99181397,70.52022927,RD-323,405,85,Truck,Very High,Fog,8878,Under Maintenance,No,None,No,48.82,56.48,2020,12,16,14,Wednesday,0,0
2788,2023-02-19 07:28:00,21.31617834,79.65735485,RD-265,368,21,Bus,Low,Fog,5452,Dry,Yes,Major,No,25.91,31.08,2023,2,19,7,Sunday,1,0
2789,2023-01-24 04:00:00,25.09051736,88.6322261,RD-274,307,52,Bus,Very High,Rain,5046,Wet,No,None,No,48.54,34.47,2023,1,24,4,Tuesday,0,0
2790,2022-01-27 16:20:00,16.13164481,76.30960434,RD-369,413,37,Car,High,Storm,6344,Wet,No,None,No,49.84,60.62,2022,1,27,16,Thursday,0,0
2791,2021-09-17 11:21:00,25.50859302,68.10819653,RD-162,279,22,Bike,Medium,Clear,2221,Slippery,No,None,Yes,41.35,88.17,2021,9,17,11,Friday,0,1
2792,2021-02-24 21:27:00,36.24310828,84.15495563,RD-403,340,40,Car,Very High,Fog,5141,Wet,No,None,No,49.43,71.59,2021,2,24,21,Wednesday,0,0
2793,2019-05-01 21:10:00,8.88102624,88.06630487,RD-250,197,58,Bus,Very High,Snow,5839,Dry,No,None,No,37.09,34.25,2019,5,1,21,Wednesday,0,0
2794,2018-05-21 22:05:00,16.38937498,79.34816929,RD-154,488,7,Truck,Medium,Rain,3936,Under Maintenance,No,None,Yes,27.79,41.36,2018,5,21,22,Monday,0,1
2795,2020-05-13 07:05:00,16.15753092,76.61299714,RD-129,124,93,Bus,High,Storm,2564,Under Maintenance,No,None,Yes,33.11,76.28,2020,5,13,7,Wednesday,0,1
2796,2018-09-20 19:24:00,36.48872609,82.22849618,RD-288,234,103,Car,High,Clear,2796,Dry,No,None,No,37.81,80.49,2018,9,20,19,Thursday,0,0
2797,2018-01-21 03:36:00,11.84683224,70.93595028,RD-440,99,113,Mixed,Medium,Clear,5532,Under Maintenance,No,None,Yes,22.19,67.06,2018,1,21,3,Sunday,0,1
2798,2023-06-21 08:26:00,31.55844526,86.67386038,RD-291,11,24,Bike,Very High,Snow,7398,Dry,No,None,No,38.67,68.67,2023,6,21,8,Wednesday,0,0
2799,2020-07-15 06:31:00,15.96206154,89.26561731,RD-25,424,104,Bus,Medium,Storm,540,Under Maintenance,No,None,Yes,49.44,31.7,2020,7,15,6,Wednesday,0,1
2800,2022-02-03 01:55:00,32.95748642,88.43428964,RD-204,448,111,Truck,Medium,Snow,6794,Wet,No,None,No,25.7,79.71,2022,2,3,1,Thursday,0,0
2801,2018-04-23 00:19:00,22.14477614,77.53134127,RD-51,44,35,Truck,Medium,Clear,9605,Slippery,Yes,Fatal,No,43.78,77.3,2018,4,23,0,Monday,1,0
2802,2023-10-27 19:51:00,15.02557147,92.43860927,RD-354,36,25,Truck,Low,Fog,845,Slippery,No,None,No,47.24,45.54,2023,10,27,19,Friday,0,0
2803,2020-12-05 11:59:00,28.58225745,95.45861435,RD-84,142,105,Bike,Medium,Rain,4238,Wet,No,None,No,48.31,72.52,2020,12,5,11,Saturday,0,0
2804,2022-09-06 09:18:00,32.40584214,76.61515247,RD-31,84,38,Bus,Very High,Rain,1274,Slippery,No,None,No,48.8,42.89,2022,9,6,9,Tuesday,0,0
2805,2022-10-16 06:03:00,21.63403707,75.61885643,RD-111,444,106,Mixed,Very High,Snow,2646,Wet,No,None,No,35.64,32.42,2022,10,16,6,Sunday,0,0
2806,2018-09-20 01:57:00,28.705689,88.41906703,RD-417,240,61,Car,Very High,Fog,7815,Wet,No,None,No,49.32,42.07,2018,9,20,1,Thursday,0,0
2807,2020-05-22 15:41:00,13.26589319,88.54017681,RD-131,101,41,Bus,Medium,Clear,5237,Dry,No,None,No,42.72,40.72,2020,5,22,15,Friday,0,0
2808,2021-01-05 10:09:00,35.19075324,82.80210524,RD-244,409,5,Bus,Low,Rain,2997,Under Maintenance,No,None,No,24.85,50.26,2021,1,5,10,Tuesday,0,0
2809,2023-10-25 04:12:00,10.79703569,94.7762801,RD-430,381,61,Mixed,Low,Rain,8644,Dry,No,None,No,34.31,55.11,2023,10,25,4,Wednesday,0,0
2810,2018-06-09 03:58:00,14.43657056,72.24313571,RD-323,433,59,Bike,Low,Snow,4960,Slippery,No,None,No,41.55,60.51,2018,6,9,3,Saturday,0,0
2811,2018-05-01 08:13:00,16.36243322,81.84364565,RD-50,355,35,Car,Medium,Storm,5897,Wet,No,None,No,27.42,58.61,2018,5,1,8,Tuesday,0,0
2812,2019-12-17 03:20:00,12.42983701,69.02099927,RD-231,353,27,Car,High,Rain,540,Wet,No,None,Yes,39.22,46.24,2019,12,17,3,Tuesday,0,1
2813,2022-11-21 20:25:00,19.79372963,69.52702232,RD-382,205,111,Car,Medium,Snow,2181,Slippery,No,None,Yes,40.0,31.75,2022,11,21,20,Monday,0,1
2814,2019-08-15 08:52:00,21.27434481,69.55685149,RD-172,469,106,Bus,High,Clear,5346,Under Maintenance,No,None,No,24.88,66.31,2019,8,15,8,Thursday,0,0
2815,2022-09-24 22:46:00,23.03908847,82.26185702,RD-134,219,117,Mixed,Low,Rain,2564,Wet,No,None,No,36.95,53.74,2022,9,24,22,Saturday,0,0
2816,2021-10-20 21:59:00,9.183186879,85.07997204,RD-185,128,79,Mixed,Very High,Snow,1343,Under Maintenance,No,None,No,43.15,47.92,2021,10,20,21,Wednesday,0,0
2817,2021-03-29 00:58:00,14.35407603,68.1011374,RD-185,471,107,Bike,Low,Storm,4452,Wet,No,None,No,34.97,82.02,2021,3,29,0,Monday,0,0
2818,2019-08-11 04:54:00,31.42513429,86.34384572,RD-287,346,52,Mixed,Very High,Fog,6902,Wet,No,None,No,20.36,74.8,2019,8,11,4,Sunday,0,0
2819,2022-12-28 17:34:00,31.50753498,82.20132181,RD-286,181,24,Mixed,Very High,Rain,6110,Dry,No,None,No,20.27,81.47,2022,12,28,17,Wednesday,0,0
2820,2020-09-23 11:09:00,17.5701958,74.4902547,RD-478,434,105,Car,Low,Snow,5633,Under Maintenance,No,None,No,30.71,59.7,2020,9,23,11,Wednesday,0,0
2821,2021-07-07 10:39:00,21.37405648,68.43790354,RD-415,25,11,Bike,Medium,Fog,2939,Wet,Yes,Major,No,47.79,37.86,2021,7,7,10,Wednesday,1,0
2822,2020-02-16 06:56:00,13.3201349,72.5269928,RD-132,126,103,Mixed,High,Storm,3417,Slippery,No,None,Yes,26.86,71.77,2020,2,16,6,Sunday,0,1
2823,2023-03-27 12:25:00,31.84205682,85.40963483,RD-177,307,6,Mixed,Very High,Rain,7439,Wet,No,None,Yes,39.03,42.36,2023,3,27,12,Monday,0,1
2824,2021-08-30 10:52:00,35.74382793,87.10636591,RD-11,413,101,Mixed,Medium,Snow,2427,Under Maintenance,No,None,No,26.66,56.47,2021,8,30,10,Monday,0,0
2825,2020-10-26 07:19:00,16.44923295,86.76477485,RD-211,199,44,Mixed,Medium,Fog,6687,Wet,No,None,No,29.65,33.9,2020,10,26,7,Monday,0,0
2826,2018-06-07 00:28:00,30.67619989,72.44170728,RD-63,381,28,Car,Low,Clear,7888,Under Maintenance,No,None,No,45.44,79.52,2018,6,7,0,Thursday,0,0
2827,2022-09-27 08:23:00,18.21928495,94.42521511,RD-180,116,107,Bus,Low,Clear,244,Slippery,No,None,Yes,41.87,37.56,2022,9,27,8,Tuesday,0,1
2828,2023-02-14 04:08:00,8.076383726,79.91761013,RD-445,165,78,Bike,Low,Snow,9611,Dry,No,None,No,22.86,84.19,2023,2,14,4,Tuesday,0,0
2829,2022-01-07 21:05:00,25.39210407,90.27221523,RD-348,453,114,Bus,Low,Fog,7157,Slippery,No,None,No,32.86,81.85,2022,1,7,21,Friday,0,0
2830,2021-10-30 08:42:00,19.90156095,72.82794725,RD-494,306,13,Car,Very High,Clear,6648,Slippery,No,None,No,20.88,57.87,2021,10,30,8,Saturday,0,0
2831,2023-05-15 05:44:00,29.99461577,81.64649266,RD-311,394,47,Bus,Low,Rain,9545,Wet,No,None,No,34.43,74.66,2023,5,15,5,Monday,0,0
2832,2023-06-12 11:18:00,29.71415832,83.12411414,RD-102,25,101,Mixed,Low,Snow,7571,Under Maintenance,No,None,No,39.87,67.17,2023,6,12,11,Monday,0,0
2833,2022-04-15 09:39:00,35.43490608,90.34030227,RD-296,397,55,Bike,Medium,Storm,4193,Slippery,No,None,No,23.56,78.18,2022,4,15,9,Friday,0,0
2834,2020-01-03 10:35:00,20.69675126,86.02404911,RD-295,319,89,Mixed,Medium,Rain,3233,Dry,No,None,No,28.67,55.91,2020,1,3,10,Friday,0,0
2835,2020-02-23 02:36:00,21.9928452,79.57977218,RD-333,489,82,Bike,High,Snow,5663,Slippery,No,None,No,31.94,77.15,2020,2,23,2,Sunday,0,0
2836,2018-12-30 03:18:00,19.61175391,76.19292482,RD-333,38,54,Bus,Medium,Clear,1158,Wet,No,None,Yes,47.59,57.75,2018,12,30,3,Sunday,0,1
2837,2022-02-15 18:36:00,16.61122743,96.21574577,RD-276,209,91,Mixed,Low,Storm,5233,Wet,No,None,No,49.8,86.46,2022,2,15,18,Tuesday,0,0
2838,2019-10-13 17:42:00,26.49742423,76.25136981,RD-90,203,80,Car,Low,Rain,9987,Slippery,No,None,Yes,21.35,59.18,2019,10,13,17,Sunday,0,1
2839,2023-06-20 18:06:00,32.01306613,71.75474369,RD-400,247,26,Mixed,High,Fog,7392,Dry,No,None,No,42.83,57.76,2023,6,20,18,Tuesday,0,0
2840,2021-01-31 04:00:00,12.57650956,76.71208403,RD-146,161,96,Truck,Low,Storm,2224,Slippery,No,None,No,31.15,77.1,2021,1,31,4,Sunday,0,0
2841,2023-05-27 02:44:00,36.47334051,77.48115559,RD-182,306,95,Car,High,Clear,2501,Wet,Yes,Fatal,No,31.77,79.29,2023,5,27,2,Saturday,1,0
2842,2022-10-10 17:16:00,27.83041355,71.70792576,RD-167,72,14,Bike,High,Storm,6212,Under Maintenance,No,None,No,42.63,63.27,2022,10,10,17,Monday,0,0
2843,2019-05-14 16:36:00,30.62321947,88.53620797,RD-345,321,86,Truck,Low,Clear,3687,Slippery,No,None,No,47.55,40.79,2019,5,14,16,Tuesday,0,0
2844,2022-12-29 12:54:00,36.96678299,85.95578541,RD-262,279,92,Mixed,Medium,Snow,2679,Under Maintenance,No,None,No,48.53,58.07,2022,12,29,12,Thursday,0,0
2845,2023-08-31 03:01:00,22.6169134,77.18184885,RD-250,446,71,Mixed,Medium,Rain,3503,Under Maintenance,No,None,No,37.31,88.08,2023,8,31,3,Thursday,0,0
2846,2023-04-08 14:04:00,10.06744644,96.79700273,RD-397,135,8,Mixed,Medium,Snow,4415,Dry,No,None,No,30.71,75.18,2023,4,8,14,Saturday,0,0
2847,2018-03-09 14:52:00,30.91846008,86.99532112,RD-378,181,34,Mixed,High,Storm,4969,Dry,No,None,No,43.63,78.67,2018,3,9,14,Friday,0,0
2848,2021-06-24 09:49:00,33.2522148,88.39237621,RD-229,180,89,Truck,Medium,Snow,6009,Slippery,No,None,No,27.53,31.97,2021,6,24,9,Thursday,0,0
2849,2022-07-29 06:45:00,12.70951735,84.15829685,RD-456,138,26,Car,High,Rain,3227,Under Maintenance,No,None,Yes,36.92,58.07,2022,7,29,6,Friday,0,1
2850,2021-08-13 16:59:00,8.699985233,83.99566748,RD-41,383,96,Truck,Very High,Storm,3323,Slippery,No,None,No,30.76,68.8,2021,8,13,16,Friday,0,0
2851,2021-05-15 21:34:00,11.93888663,68.58064573,RD-196,362,77,Car,High,Snow,3865,Dry,No,None,Yes,39.7,79.8,2021,5,15,21,Saturday,0,1
2852,2022-10-20 00:37:00,17.39502601,90.35628203,RD-315,137,112,Bus,Low,Snow,5893,Under Maintenance,No,None,No,27.21,32.96,2022,10,20,0,Thursday,0,0
2853,2022-05-02 21:51:00,34.80415008,94.41148202,RD-147,148,45,Bus,Low,Snow,3644,Under Maintenance,No,None,No,25.75,81.15,2022,5,2,21,Monday,0,0
2854,2022-12-25 07:54:00,8.071548621,71.54565535,RD-238,157,109,Car,Medium,Fog,9924,Slippery,No,None,No,47.55,62.9,2022,12,25,7,Sunday,0,0
2855,2020-04-21 09:10:00,31.31013898,91.07328389,RD-324,258,20,Car,Low,Storm,3310,Wet,No,None,No,23.05,41.84,2020,4,21,9,Tuesday,0,0
2856,2023-01-02 14:49:00,32.79078735,83.49490323,RD-490,88,60,Car,Medium,Rain,3200,Wet,No,None,No,35.18,49.04,2023,1,2,14,Monday,0,0
2857,2023-08-30 16:49:00,31.52051746,76.27396568,RD-75,229,105,Bus,Very High,Storm,6115,Under Maintenance,No,None,Yes,26.63,46.92,2023,8,30,16,Wednesday,0,1
2858,2023-05-19 05:47:00,10.38421631,94.70563796,RD-445,414,73,Car,High,Storm,8379,Under Maintenance,Yes,Minor,No,21.17,61.85,2023,5,19,5,Friday,1,0
2859,2021-12-01 13:28:00,27.69650997,68.50375616,RD-86,96,18,Car,Low,Snow,3490,Slippery,No,None,No,21.08,33.1,2021,12,1,13,Wednesday,0,0
2860,2019-11-15 13:40:00,35.66320508,75.94769819,RD-328,338,56,Truck,Medium,Clear,4162,Wet,Yes,None,No,25.26,39.51,2019,11,15,13,Friday,1,0
2861,2018-03-24 22:28:00,11.49052029,93.70124509,RD-414,413,18,Bike,Very High,Snow,2114,Under Maintenance,No,None,Yes,46.0,78.76,2018,3,24,22,Saturday,0,1
2862,2021-12-15 01:22:00,8.918772148,81.94942032,RD-476,126,51,Mixed,Low,Clear,8344,Under Maintenance,No,None,Yes,28.47,37.96,2021,12,15,1,Wednesday,0,1
2863,2019-06-28 01:12:00,33.33611192,85.36873233,RD-173,154,20,Mixed,Low,Fog,8790,Under Maintenance,No,None,No,48.51,44.0,2019,6,28,1,Friday,0,0
2864,2021-03-20 20:43:00,26.70296038,89.74327184,RD-216,115,107,Truck,Very High,Fog,5175,Wet,No,None,No,37.45,57.2,2021,3,20,20,Saturday,0,0
2865,2023-08-09 12:44:00,26.74662851,72.29123487,RD-324,456,47,Car,High,Clear,4180,Under Maintenance,No,None,No,33.1,61.03,2023,8,9,12,Wednesday,0,0
2866,2018-03-31 18:29:00,35.96851144,74.24007801,RD-314,88,72,Bike,Low,Snow,8477,Wet,No,None,No,37.4,75.82,2018,3,31,18,Saturday,0,0
2867,2022-04-23 17:57:00,30.32320192,96.96023673,RD-293,245,41,Truck,Very High,Snow,4266,Slippery,No,None,Yes,35.5,56.84,2022,4,23,17,Saturday,0,1
2868,2021-04-27 01:55:00,19.52590168,74.88612848,RD-208,398,18,Bike,Medium,Storm,2910,Wet,No,None,Yes,42.76,77.39,2021,4,27,1,Tuesday,0,1
2869,2020-05-04 02:54:00,20.6393924,83.63687268,RD-435,183,45,Bus,Low,Storm,9990,Wet,No,None,Yes,28.47,67.1,2020,5,4,2,Monday,0,1
2870,2019-09-29 04:58:00,12.19609642,76.66251083,RD-465,115,91,Bike,High,Fog,2959,Dry,No,None,No,30.59,36.79,2019,9,29,4,Sunday,0,0
2871,2021-02-18 17:11:00,16.81744614,92.69117023,RD-37,317,77,Truck,High,Storm,7228,Under Maintenance,No,None,No,46.82,39.38,2021,2,18,17,Thursday,0,0
2872,2021-02-25 08:10:00,20.91670775,95.89091903,RD-41,106,28,Mixed,Very High,Storm,3950,Wet,No,None,No,48.39,56.22,2021,2,25,8,Thursday,0,0
2873,2022-03-15 06:40:00,15.57147738,72.09748001,RD-83,487,79,Bus,High,Storm,1066,Wet,No,None,No,46.78,53.81,2022,3,15,6,Tuesday,0,0
2874,2021-08-03 06:39:00,34.5603126,85.41663041,RD-176,345,96,Bike,Medium,Fog,893,Slippery,No,None,No,32.58,74.61,2021,8,3,6,Tuesday,0,0
2875,2023-07-29 19:05:00,8.342277535,91.53571946,RD-117,45,23,Mixed,Very High,Storm,3605,Wet,No,None,No,43.41,64.84,2023,7,29,19,Saturday,0,0
2876,2018-08-07 21:12:00,25.0236406,91.86780803,RD-161,110,87,Bike,Very High,Clear,6473,Slippery,No,None,No,34.29,53.29,2018,8,7,21,Tuesday,0,0
2877,2023-04-26 02:56:00,30.37663574,80.77298289,RD-163,370,16,Bike,High,Rain,6644,Dry,Yes,Minor,Yes,34.93,40.25,2023,4,26,2,Wednesday,1,1
2878,2018-06-19 08:39:00,29.2311609,74.53591391,RD-335,58,51,Car,High,Rain,3669,Wet,No,None,No,26.14,43.61,2018,6,19,8,Tuesday,0,0
2879,2019-09-23 00:24:00,26.66825581,79.22705786,RD-150,431,102,Mixed,Very High,Storm,7370,Dry,No,None,No,37.73,64.53,2019,9,23,0,Monday,0,0
2880,2023-01-21 12:32:00,19.89972934,89.78342856,RD-364,225,16,Bus,Medium,Storm,4168,Under Maintenance,No,None,No,25.58,55.41,2023,1,21,12,Saturday,0,0
2881,2018-07-24 12:19:00,34.63583975,96.81955888,RD-137,98,7,Bus,Medium,Storm,5755,Dry,Yes,Major,No,29.95,60.9,2018,7,24,12,Tuesday,1,0
2882,2018-01-20 10:02:00,17.5394438,84.07438703,RD-310,420,34,Bus,Medium,Clear,9822,Wet,Yes,Fatal,No,45.65,40.24,2018,1,20,10,Saturday,1,0
2883,2021-02-24 21:55:00,29.75388966,73.65860785,RD-331,334,62,Bike,Medium,Fog,8301,Dry,No,None,No,26.21,69.77,2021,2,24,21,Wednesday,0,0
2884,2023-01-02 04:41:00,34.87287818,69.21610824,RD-203,443,115,Mixed,Medium,Rain,4723,Wet,No,None,No,22.13,81.15,2023,1,2,4,Monday,0,0
2885,2019-08-11 04:56:00,11.72312506,95.36700536,RD-139,378,50,Bus,Very High,Snow,7377,Dry,No,None,No,22.07,45.48,2019,8,11,4,Sunday,0,0
2886,2018-06-14 06:28:00,35.46535039,82.00796287,RD-455,478,55,Bus,Very High,Storm,938,Slippery,No,None,No,48.22,59.49,2018,6,14,6,Thursday,0,0
2887,2019-10-16 09:35:00,30.50494834,88.78118739,RD-228,436,103,Bike,Low,Snow,7263,Under Maintenance,No,None,Yes,35.21,88.53,2019,10,16,9,Wednesday,0,1
2888,2020-05-05 08:08:00,25.88115823,87.14525002,RD-400,364,19,Truck,High,Clear,7612,Slippery,No,None,No,32.28,49.99,2020,5,5,8,Tuesday,0,0
2889,2018-06-19 09:37:00,18.82856246,93.83526724,RD-442,335,47,Bus,Medium,Fog,5002,Slippery,No,None,No,44.33,65.7,2018,6,19,9,Tuesday,0,0
2890,2022-03-27 01:16:00,34.22369733,75.7166266,RD-481,18,26,Mixed,High,Snow,1766,Under Maintenance,No,None,No,45.07,35.41,2022,3,27,1,Sunday,0,0
2891,2023-04-16 11:35:00,9.27724515,80.80988271,RD-186,100,13,Bus,Very High,Storm,1626,Slippery,No,None,No,29.97,66.36,2023,4,16,11,Sunday,0,0
2892,2023-11-09 21:18:00,20.52304261,94.49500413,RD-383,202,96,Bike,Low,Storm,2289,Dry,No,None,No,40.81,35.38,2023,11,9,21,Thursday,0,0
2893,2022-06-23 09:36:00,29.94238303,84.98170956,RD-301,295,97,Truck,Very High,Clear,7586,Dry,No,None,Yes,43.13,87.55,2022,6,23,9,Thursday,0,1
2894,2020-09-13 13:19:00,31.52307283,70.06948746,RD-267,152,43,Truck,Low,Storm,4562,Dry,No,None,No,39.64,72.94,2020,9,13,13,Sunday,0,0
2895,2019-09-17 14:59:00,13.86607642,73.64004112,RD-495,425,107,Mixed,Very High,Snow,3736,Dry,No,None,No,24.55,77.29,2019,9,17,14,Tuesday,0,0
2896,2020-06-07 22:31:00,9.380534908,74.87923549,RD-231,221,107,Truck,Medium,Fog,569,Dry,No,None,No,46.28,72.25,2020,6,7,22,Sunday,0,0
2897,2020-07-22 06:24:00,31.2826835,96.81977931,RD-212,397,85,Bus,High,Storm,9104,Wet,No,None,No,36.17,65.38,2020,7,22,6,Wednesday,0,0
2898,2018-08-12 09:56:00,20.23487576,74.50003071,RD-86,453,72,Car,High,Storm,3761,Slippery,No,None,Yes,28.47,56.99,2018,8,12,9,Sunday,0,1
2899,2020-03-24 15:56:00,12.16218817,93.22083808,RD-95,448,61,Bike,Low,Snow,1566,Slippery,No,None,No,32.76,81.5,2020,3,24,15,Tuesday,0,0
2900,2021-10-08 03:09:00,10.4814821,70.26477385,RD-438,299,72,Bus,Low,Fog,7247,Wet,No,None,No,21.13,87.41,2021,10,8,3,Friday,0,0
2901,2021-08-07 06:41:00,26.57854754,73.26990011,RD-12,129,11,Bus,Very High,Snow,4116,Slippery,No,None,No,23.84,59.94,2021,8,7,6,Saturday,0,0
2902,2020-03-05 07:19:00,24.9017181,93.28960114,RD-65,70,6,Bike,Low,Clear,9329,Under Maintenance,No,None,Yes,42.97,85.89,2020,3,5,7,Thursday,0,1
2903,2023-05-22 05:26:00,32.76572092,94.06915783,RD-373,303,58,Bike,Medium,Storm,5016,Slippery,No,None,No,20.0,65.0,2023,5,22,5,Monday,0,0
2904,2019-09-29 18:54:00,8.915443356,73.10969131,RD-121,349,41,Bus,Very High,Rain,4983,Slippery,No,None,No,32.5,62.3,2019,9,29,18,Sunday,0,0
2905,2019-10-28 22:45:00,33.18438976,74.66571334,RD-339,376,78,Truck,Medium,Clear,9702,Wet,No,None,No,35.68,57.27,2019,10,28,22,Monday,0,0
2906,2020-03-06 11:28:00,33.73005017,83.38645261,RD-129,316,86,Mixed,Low,Rain,4342,Dry,No,None,No,21.64,42.56,2020,3,6,11,Friday,0,0
2907,2021-09-26 02:40:00,20.94269065,69.52780561,RD-482,195,32,Bus,High,Snow,9716,Dry,No,None,Yes,49.19,30.22,2021,9,26,2,Sunday,0,1
2908,2022-06-23 19:03:00,10.22332699,95.41324086,RD-381,101,63,Car,Medium,Rain,2283,Dry,No,None,Yes,26.78,44.49,2022,6,23,19,Thursday,0,1
2909,2018-03-27 17:39:00,35.45555293,78.50022503,RD-359,240,50,Bus,Very High,Fog,8332,Under Maintenance,No,None,Yes,29.13,60.58,2018,3,27,17,Tuesday,0,1
2910,2023-07-08 10:56:00,10.08886725,82.18935101,RD-384,34,67,Car,High,Storm,609,Dry,No,None,No,29.12,52.8,2023,7,8,10,Saturday,0,0
2911,2023-04-28 15:59:00,25.129584,71.0464023,RD-41,148,39,Bus,Low,Fog,2374,Slippery,No,None,No,26.91,56.91,2023,4,28,15,Friday,0,0
2912,2021-06-04 20:27:00,22.30153858,68.9437944,RD-108,379,103,Bus,Medium,Fog,4859,Wet,No,None,No,20.04,88.84,2021,6,4,20,Friday,0,0
2913,2018-10-31 12:53:00,32.21750723,81.56669029,RD-86,273,119,Car,Low,Snow,9695,Under Maintenance,No,None,No,41.88,51.02,2018,10,31,12,Wednesday,0,0
2914,2019-01-05 19:34:00,22.57559873,71.52835373,RD-204,299,98,Mixed,Medium,Fog,3533,Dry,No,None,No,49.01,57.13,2019,1,5,19,Saturday,0,0
2915,2018-06-01 16:17:00,21.60448817,86.27924196,RD-53,292,89,Car,High,Rain,4110,Wet,No,None,No,26.73,38.01,2018,6,1,16,Friday,0,0
2916,2020-10-14 20:40:00,33.53885424,91.0399578,RD-49,373,62,Mixed,Very High,Clear,5627,Under Maintenance,No,None,No,39.89,32.88,2020,10,14,20,Wednesday,0,0
2917,2023-12-22 17:08:00,35.9562924,68.91846282,RD-33,159,93,Mixed,Low,Clear,4323,Slippery,No,None,No,42.26,76.52,2023,12,22,17,Friday,0,0
2918,2020-10-08 02:16:00,23.92883314,85.75445257,RD-480,199,17,Car,High,Clear,2292,Dry,No,None,No,45.45,64.24,2020,10,8,2,Thursday,0,0
2919,2018-04-11 08:41:00,21.18699399,91.65317577,RD-450,81,75,Bike,High,Rain,2837,Slippery,No,None,No,32.68,75.64,2018,4,11,8,Wednesday,0,0
2920,2020-01-02 22:31:00,32.10175915,80.74341141,RD-243,362,10,Car,Very High,Storm,9966,Under Maintenance,No,None,No,29.09,38.99,2020,1,2,22,Thursday,0,0
2921,2022-06-11 08:08:00,32.10171038,95.83143525,RD-281,48,88,Bike,Very High,Rain,850,Slippery,Yes,Minor,No,29.76,64.31,2022,6,11,8,Saturday,1,0
2922,2020-11-21 17:42:00,17.26206977,71.22465229,RD-28,82,49,Bus,High,Clear,1939,Under Maintenance,No,None,No,41.38,45.22,2020,11,21,17,Saturday,0,0
2923,2018-02-23 11:36:00,24.71048601,77.36654944,RD-14,383,9,Bike,Medium,Storm,8249,Dry,No,None,Yes,44.5,43.68,2018,2,23,11,Friday,0,1
2924,2019-09-14 12:11:00,12.46939246,74.67217598,RD-395,31,42,Truck,High,Snow,7875,Wet,No,None,No,25.45,30.69,2019,9,14,12,Saturday,0,0
2925,2021-05-23 22:24:00,26.43071769,96.88954351,RD-204,210,48,Bus,High,Rain,9194,Under Maintenance,No,None,No,31.13,37.82,2021,5,23,22,Sunday,0,0
2926,2018-03-09 17:33:00,32.18568139,76.53111427,RD-269,40,108,Bus,Medium,Fog,6588,Dry,No,None,Yes,47.06,48.56,2018,3,9,17,Friday,0,1
2927,2022-12-08 00:12:00,13.43793746,79.2498757,RD-392,299,29,Bike,Low,Fog,328,Slippery,Yes,None,No,44.2,37.01,2022,12,8,0,Thursday,1,0
2928,2021-12-09 17:33:00,17.36836434,92.5808782,RD-43,333,86,Bike,High,Fog,2139,Wet,No,None,No,49.55,89.15,2021,12,9,17,Thursday,0,0
2929,2020-12-24 14:03:00,21.01909423,94.96894173,RD-54,375,92,Truck,Medium,Rain,4393,Wet,No,None,No,42.63,48.52,2020,12,24,14,Thursday,0,0
2930,2021-08-08 17:53:00,32.50732186,95.19466965,RD-135,87,19,Bus,Low,Snow,2941,Under Maintenance,No,None,No,31.8,37.82,2021,8,8,17,Sunday,0,0
2931,2018-04-11 12:18:00,29.20973033,84.18687312,RD-317,452,76,Bike,Medium,Storm,1337,Dry,No,None,No,37.72,41.94,2018,4,11,12,Wednesday,0,0
2932,2023-08-03 16:02:00,17.18924126,87.23576456,RD-80,273,81,Car,Medium,Rain,4187,Under Maintenance,No,None,No,39.83,65.26,2023,8,3,16,Thursday,0,0
2933,2019-07-11 15:46:00,15.04797306,78.12598008,RD-44,446,43,Mixed,Medium,Rain,3605,Under Maintenance,No,None,No,22.35,33.84,2019,7,11,15,Thursday,0,0
2934,2023-07-03 09:22:00,28.17543659,85.60760315,RD-336,370,52,Mixed,Low,Rain,4115,Under Maintenance,No,None,No,36.33,81.75,2023,7,3,9,Monday,0,0
2935,2023-07-24 09:56:00,21.91673649,76.77969399,RD-477,492,56,Bike,Low,Storm,1606,Dry,No,None,Yes,41.28,87.69,2023,7,24,9,Monday,0,1
2936,2021-10-27 03:34:00,25.21307251,89.63482233,RD-454,223,64,Truck,High,Snow,2982,Under Maintenance,No,None,No,25.02,44.8,2021,10,27,3,Wednesday,0,0
2937,2023-09-04 20:43:00,26.81222632,76.90909338,RD-200,63,93,Bike,High,Rain,1599,Dry,No,None,No,43.42,57.01,2023,9,4,20,Monday,0,0
2938,2021-01-29 16:58:00,24.20191527,93.50291054,RD-159,380,27,Truck,High,Clear,7400,Wet,No,None,Yes,37.51,31.33,2021,1,29,16,Friday,0,1
2939,2022-03-03 06:26:00,25.77908887,72.16103279,RD-118,79,73,Bus,High,Storm,9968,Wet,No,None,No,48.57,68.44,2022,3,3,6,Thursday,0,0
2940,2023-08-18 05:23:00,33.73759142,84.58234875,RD-127,106,56,Car,High,Snow,6047,Dry,No,None,No,21.27,54.84,2023,8,18,5,Friday,0,0
2941,2021-07-30 13:50:00,33.1777689,83.09958939,RD-378,382,90,Bus,Low,Clear,1736,Slippery,Yes,Fatal,No,27.96,46.2,2021,7,30,13,Friday,1,0
2942,2018-05-06 20:44:00,12.32199392,75.64780676,RD-146,27,115,Car,Very High,Rain,5286,Under Maintenance,No,None,No,38.05,42.41,2018,5,6,20,Sunday,0,0
2943,2020-08-12 06:04:00,25.00840472,68.81206117,RD-227,145,26,Truck,Medium,Clear,9536,Wet,No,None,No,28.9,69.24,2020,8,12,6,Wednesday,0,0
2944,2023-03-19 03:30:00,20.7397579,72.30747691,RD-321,144,29,Bike,High,Fog,7282,Under Maintenance,No,None,No,41.43,54.97,2023,3,19,3,Sunday,0,0
2945,2018-05-23 09:20:00,16.28008218,96.07058383,RD-65,361,59,Bike,Medium,Snow,5857,Under Maintenance,No,None,No,42.77,40.78,2018,5,23,9,Wednesday,0,0
2946,2022-10-26 10:42:00,26.30327487,95.2978313,RD-68,400,115,Bike,Medium,Snow,6894,Slippery,No,None,No,23.08,71.35,2022,10,26,10,Wednesday,0,0
2947,2020-12-29 04:46:00,22.81562249,71.45972097,RD-270,403,68,Bike,High,Fog,1021,Dry,No,None,No,35.42,63.9,2020,12,29,4,Tuesday,0,0
2948,2021-10-11 10:56:00,30.47221789,78.87094577,RD-430,45,69,Bus,Medium,Clear,9788,Dry,No,None,Yes,35.27,81.52,2021,10,11,10,Monday,0,1
2949,2023-02-17 04:09:00,10.7094987,81.48867195,RD-88,327,8,Bus,Medium,Snow,7720,Under Maintenance,No,None,Yes,31.08,37.05,2023,2,17,4,Friday,0,1
2950,2019-03-10 20:59:00,16.77774173,81.86408599,RD-15,379,56,Truck,Very High,Rain,4640,Slippery,No,None,No,47.99,77.14,2019,3,10,20,Sunday,0,0
2951,2018-03-24 12:15:00,8.747685506,76.66577479,RD-18,60,36,Car,Medium,Fog,1845,Under Maintenance,No,None,No,44.83,70.41,2018,3,24,12,Saturday,0,0
2952,2021-07-03 08:59:00,29.63283286,94.47563215,RD-340,488,57,Car,Medium,Snow,9004,Dry,No,None,Yes,40.92,36.9,2021,7,3,8,Saturday,0,1
2953,2020-01-09 05:57:00,34.46126266,94.34622741,RD-183,296,30,Car,Very High,Snow,1592,Slippery,No,None,No,41.43,71.69,2020,1,9,5,Thursday,0,0
2954,2020-10-01 07:52:00,25.03391388,68.5489242,RD-441,147,104,Bike,Medium,Storm,7490,Slippery,No,None,No,33.85,56.49,2020,10,1,7,Thursday,0,0
2955,2020-08-02 23:52:00,25.89239563,86.85003989,RD-469,93,83,Bus,Medium,Clear,5756,Wet,No,None,No,47.63,86.7,2020,8,2,23,Sunday,0,0
2956,2018-03-15 13:07:00,9.346328528,70.15650985,RD-167,252,39,Mixed,Medium,Fog,1943,Slippery,Yes,Minor,No,40.84,38.5,2018,3,15,13,Thursday,1,0
2957,2018-12-07 10:05:00,22.60965765,85.3274322,RD-443,300,106,Mixed,Medium,Snow,8793,Dry,No,None,No,41.87,68.57,2018,12,7,10,Friday,0,0
2958,2022-06-24 10:19:00,23.27929475,93.139894,RD-244,422,95,Bike,Medium,Fog,4089,Dry,No,None,Yes,45.85,52.92,2022,6,24,10,Friday,0,1
2959,2023-12-28 13:15:00,9.130260087,86.83639754,RD-240,231,18,Mixed,Medium,Rain,7681,Under Maintenance,No,None,No,28.22,87.41,2023,12,28,13,Thursday,0,0
2960,2018-02-14 17:54:00,30.68922705,81.59890083,RD-500,442,38,Car,Low,Storm,2246,Dry,No,None,No,44.21,49.8,2018,2,14,17,Wednesday,0,0
2961,2018-05-14 01:49:00,16.07128399,95.77897615,RD-446,40,64,Car,Very High,Clear,7115,Dry,No,None,No,25.86,87.73,2018,5,14,1,Monday,0,0
2962,2022-10-18 18:54:00,28.9799632,89.65135891,RD-277,362,29,Truck,Low,Clear,4363,Dry,Yes,Major,No,30.36,84.09,2022,10,18,18,Tuesday,1,0
2963,2021-06-30 16:27:00,19.68483506,75.22997181,RD-479,129,58,Bike,Low,Rain,6268,Under Maintenance,No,None,No,30.07,46.22,2021,6,30,16,Wednesday,0,0
2964,2020-09-17 05:33:00,36.87373799,79.22117013,RD-140,369,31,Truck,Very High,Snow,2326,Wet,No,None,No,49.36,78.21,2020,9,17,5,Thursday,0,0
2965,2023-12-07 14:03:00,14.15394924,90.03638469,RD-281,250,25,Car,Very High,Storm,966,Wet,No,None,No,45.7,89.74,2023,12,7,14,Thursday,0,0
2966,2023-10-11 12:40:00,9.688832147,68.5601132,RD-228,77,52,Bus,Medium,Clear,2891,Wet,No,None,No,41.04,45.16,2023,10,11,12,Wednesday,0,0
2967,2023-08-26 06:19:00,36.4172593,69.85493577,RD-70,491,39,Bike,High,Fog,4473,Slippery,Yes,None,No,41.81,56.21,2023,8,26,6,Saturday,1,0
2968,2022-01-07 11:16:00,15.07141852,92.92327218,RD-497,282,56,Truck,High,Rain,5261,Wet,No,None,Yes,36.86,61.21,2022,1,7,11,Friday,0,1
2969,2020-03-09 22:01:00,26.42460443,69.2454337,RD-486,491,74,Truck,Low,Clear,8972,Slippery,No,None,No,48.41,47.7,2020,3,9,22,Monday,0,0
2970,2019-08-06 19:28:00,18.86247837,87.67690139,RD-358,105,103,Car,Medium,Snow,8119,Slippery,No,None,No,34.89,30.92,2019,8,6,19,Tuesday,0,0
2971,2022-08-15 21:07:00,26.54920785,77.24827275,RD-277,234,30,Truck,High,Storm,2817,Wet,No,None,No,31.42,43.21,2022,8,15,21,Monday,0,0
2972,2019-05-15 13:06:00,25.28569909,91.95085981,RD-91,46,19,Car,Very High,Clear,3107,Dry,No,None,Yes,24.89,46.92,2019,5,15,13,Wednesday,0,1
2973,2021-12-08 23:14:00,28.51094256,92.5730359,RD-303,232,9,Bus,Very High,Snow,8526,Wet,Yes,Fatal,No,43.59,56.62,2021,12,8,23,Wednesday,1,0
2974,2018-08-22 18:21:00,8.534857323,95.64683413,RD-306,355,94,Truck,High,Snow,3920,Slippery,No,None,No,42.03,40.27,2018,8,22,18,Wednesday,0,0
2975,2018-03-23 00:57:00,32.2496323,70.77093704,RD-234,232,37,Car,Medium,Rain,5630,Slippery,No,None,Yes,31.53,82.4,2018,3,23,0,Friday,0,1
2976,2021-02-27 08:12:00,21.88131006,80.26256327,RD-324,488,29,Car,Medium,Snow,1758,Slippery,No,None,No,20.76,72.29,2021,2,27,8,Saturday,0,0
2977,2018-09-19 10:12:00,23.04673125,84.64479911,RD-384,293,85,Bus,Low,Rain,2092,Under Maintenance,No,None,No,45.17,35.11,2018,9,19,10,Wednesday,0,0
2978,2021-06-16 14:51:00,19.91973054,94.56564951,RD-326,263,56,Truck,Very High,Fog,2401,Under Maintenance,No,None,No,20.34,69.01,2021,6,16,14,Wednesday,0,0
2979,2022-03-01 22:54:00,36.69209199,75.72891022,RD-450,175,48,Bus,Medium,Rain,6776,Wet,No,None,No,41.11,69.22,2022,3,1,22,Tuesday,0,0
2980,2022-08-05 19:11:00,31.24556985,70.07719723,RD-289,245,24,Bus,Very High,Clear,7931,Wet,No,None,Yes,49.11,87.37,2022,8,5,19,Friday,0,1
2981,2019-04-07 15:25:00,17.03040788,73.851174,RD-223,129,110,Bus,Low,Rain,9378,Slippery,No,None,No,33.13,30.18,2019,4,7,15,Sunday,0,0
2982,2022-02-16 13:44:00,30.70906697,82.37177139,RD-269,147,60,Truck,Medium,Storm,8068,Wet,No,None,No,27.05,44.88,2022,2,16,13,Wednesday,0,0
2983,2022-09-11 22:20:00,20.67281229,87.75047907,RD-328,337,70,Mixed,Medium,Fog,4567,Wet,No,None,No,41.15,85.67,2022,9,11,22,Sunday,0,0
2984,2022-05-24 02:46:00,33.23038694,88.02954662,RD-328,375,12,Car,High,Rain,9402,Slippery,No,None,No,44.51,85.93,2022,5,24,2,Tuesday,0,0
2985,2019-05-20 13:28:00,8.894548363,70.16523591,RD-274,237,87,Car,Very High,Fog,8027,Under Maintenance,No,None,Yes,36.39,73.24,2019,5,20,13,Monday,0,1
2986,2021-11-15 05:24:00,18.30678846,90.08089767,RD-159,92,68,Bus,Medium,Rain,2855,Wet,No,None,No,49.01,75.95,2021,11,15,5,Monday,0,0
2987,2022-05-03 14:41:00,20.46475552,87.14694269,RD-466,37,33,Bus,Low,Snow,5571,Wet,No,None,No,21.55,35.49,2022,5,3,14,Tuesday,0,0
2988,2021-08-15 01:47:00,29.58323781,79.81875243,RD-178,206,52,Mixed,Very High,Snow,1867,Dry,No,None,No,35.14,60.83,2021,8,15,1,Sunday,0,0
2989,2022-10-16 21:05:00,13.28670773,84.56150178,RD-247,97,23,Bike,Medium,Clear,6649,Dry,No,None,No,41.55,43.89,2022,10,16,21,Sunday,0,0
2990,2019-05-31 04:22:00,16.30215174,90.26447294,RD-277,382,13,Car,Very High,Snow,1009,Under Maintenance,No,None,Yes,45.88,40.87,2019,5,31,4,Friday,0,1
2991,2020-07-02 22:27:00,28.99252848,75.60068969,RD-117,131,76,Bike,Low,Storm,7990,Wet,Yes,Major,No,25.38,78.62,2020,7,2,22,Thursday,1,0
2992,2019-08-20 16:44:00,10.22846612,95.2609716,RD-413,400,117,Bus,High,Snow,1719,Wet,No,None,Yes,44.0,38.1,2019,8,20,16,Tuesday,0,1
2993,2023-06-06 11:33:00,13.83260455,71.99526054,RD-46,349,19,Car,High,Storm,2897,Wet,No,None,No,36.58,58.12,2023,6,6,11,Tuesday,0,0
2994,2020-07-08 18:31:00,29.84763031,94.16446154,RD-227,11,102,Car,Low,Rain,3255,Slippery,No,None,No,31.9,86.31,2020,7,8,18,Wednesday,0,0
2995,2022-02-15 18:39:00,33.39033088,89.48488073,RD-158,322,72,Bus,Very High,Rain,6399,Wet,No,None,No,23.95,41.15,2022,2,15,18,Tuesday,0,0
2996,2022-07-26 00:23:00,29.13601347,87.15503996,RD-188,244,67,Bike,Low,Storm,7570,Wet,No,None,No,45.96,88.68,2022,7,26,0,Tuesday,0,0
2997,2021-06-16 19:35:00,23.28701027,70.40433192,RD-212,275,95,Bike,High,Clear,8201,Dry,No,None,Yes,24.72,89.66,2021,6,16,19,Wednesday,0,1
2998,2018-05-30 19:31:00,10.87277773,94.65113362,RD-134,91,42,Truck,Very High,Snow,419,Wet,No,None,Yes,29.29,63.34,2018,5,30,19,Wednesday,0,1
2999,2023-07-10 22:16:00,31.98954655,76.56458017,RD-80,363,51,Truck,Very High,Storm,4997,Dry,No,None,No,28.7,40.21,2023,7,10,22,Monday,0,0
3000,2020-08-13 05:43:00,11.59713092,89.62275398,RD-156,407,17,Mixed,Medium,Snow,5871,Under Maintenance,No,None,Yes,46.14,48.97,2020,8,13,5,Thursday,0,1
3001,2020-01-22 09:26:00,19.16727514,93.65924097,RD-6,211,100,Mixed,Medium,Fog,1193,Wet,No,None,No,40.18,55.47,2020,1,22,9,Wednesday,0,0
3002,2018-01-11 07:50:00,9.464480986,75.08422131,RD-1,367,103,Bike,Medium,Clear,7915,Slippery,No,None,Yes,43.9,48.56,2018,1,11,7,Thursday,0,1
3003,2021-02-07 14:46:00,28.58057775,94.52342236,RD-268,297,116,Bus,Medium,Rain,5753,Under Maintenance,No,None,No,27.51,46.84,2021,2,7,14,Sunday,0,0
3004,2018-10-08 02:31:00,22.60135397,85.74630781,RD-418,190,50,Bike,Medium,Storm,5258,Under Maintenance,No,None,No,38.75,88.33,2018,10,8,2,Monday,0,0
3005,2018-08-24 22:42:00,34.32062427,87.11192169,RD-389,12,40,Car,Low,Fog,5709,Wet,No,None,No,37.15,39.2,2018,8,24,22,Friday,0,0
3006,2019-08-18 05:04:00,12.02353237,94.52087371,RD-435,57,14,Truck,Low,Storm,723,Wet,No,None,No,44.98,74.0,2019,8,18,5,Sunday,0,0
3007,2022-03-11 21:13:00,31.75581256,83.27531274,RD-70,145,59,Truck,Very High,Storm,7621,Dry,No,None,No,47.18,30.02,2022,3,11,21,Friday,0,0
3008,2019-08-01 20:45:00,22.80939398,80.77877917,RD-177,274,27,Bike,Very High,Storm,7880,Under Maintenance,Yes,None,No,20.36,65.77,2019,8,1,20,Thursday,1,0
3009,2018-01-18 10:11:00,18.61667912,86.36372126,RD-147,212,27,Car,Medium,Storm,3355,Dry,No,None,No,40.22,84.96,2018,1,18,10,Thursday,0,0
3010,2020-10-29 12:21:00,26.66343969,84.06668199,RD-241,281,72,Bike,High,Rain,4459,Dry,No,None,Yes,21.56,47.28,2020,10,29,12,Thursday,0,1
3011,2022-03-23 17:50:00,30.92210373,69.78279566,RD-274,491,48,Bike,High,Rain,1901,Wet,No,None,No,36.47,41.13,2022,3,23,17,Wednesday,0,0
3012,2018-06-03 13:14:00,20.76827293,73.23426936,RD-5,353,9,Bike,Very High,Rain,4727,Under Maintenance,No,None,No,28.63,69.1,2018,6,3,13,Sunday,0,0
3013,2022-02-06 02:24:00,14.75136473,68.39342789,RD-353,296,8,Car,Very High,Clear,3190,Slippery,No,None,No,29.2,72.76,2022,2,6,2,Sunday,0,0
3014,2023-01-13 16:58:00,34.55788534,71.13672235,RD-473,142,34,Truck,Very High,Rain,6852,Dry,No,None,Yes,30.59,71.28,2023,1,13,16,Friday,0,1
3015,2019-10-03 09:49:00,17.07693458,89.16564013,RD-252,106,109,Bus,Medium,Snow,3194,Under Maintenance,No,None,No,38.64,49.16,2019,10,3,9,Thursday,0,0
3016,2019-08-22 03:37:00,36.94885687,68.13662369,RD-485,103,56,Mixed,Very High,Rain,7515,Under Maintenance,Yes,None,No,30.02,45.13,2019,8,22,3,Thursday,1,0
3017,2018-03-16 06:16:00,30.25242294,76.82775992,RD-387,384,101,Car,Medium,Storm,9141,Under Maintenance,No,None,No,41.98,87.36,2018,3,16,6,Friday,0,0
3018,2023-01-18 15:57:00,27.94675607,81.03032073,RD-245,103,116,Truck,Low,Storm,9743,Wet,No,None,No,32.14,85.4,2023,1,18,15,Wednesday,0,0
3019,2023-01-08 20:25:00,8.359592107,95.19655522,RD-154,216,108,Bike,Very High,Snow,2120,Wet,No,None,No,22.05,57.44,2023,1,8,20,Sunday,0,0
3020,2023-11-25 04:26:00,21.00740845,77.48320352,RD-5,304,17,Bus,High,Fog,6885,Wet,Yes,Fatal,Yes,43.51,80.77,2023,11,25,4,Saturday,1,1
3021,2021-02-01 18:45:00,22.57137119,90.71079213,RD-393,25,22,Mixed,Medium,Storm,7280,Dry,No,None,No,28.57,57.14,2021,2,1,18,Monday,0,0
3022,2021-07-17 05:45:00,18.91491549,79.85420181,RD-221,483,36,Mixed,Low,Storm,7547,Wet,No,None,Yes,32.98,55.46,2021,7,17,5,Saturday,0,1
3023,2023-01-26 14:09:00,12.34921991,70.85625002,RD-409,457,37,Car,Low,Rain,8341,Under Maintenance,No,None,No,40.56,39.41,2023,1,26,14,Thursday,0,0
3024,2022-11-30 10:10:00,18.65606288,70.86646869,RD-150,469,62,Bike,Medium,Rain,5605,Under Maintenance,No,None,No,29.97,55.58,2022,11,30,10,Wednesday,0,0
3025,2020-06-02 00:29:00,10.17422689,80.54058078,RD-306,220,66,Bike,Medium,Storm,7571,Wet,No,None,No,21.7,62.25,2020,6,2,0,Tuesday,0,0
3026,2022-09-29 05:49:00,16.43664867,69.67861081,RD-119,56,75,Bus,Low,Snow,9198,Dry,Yes,Fatal,Yes,31.22,31.35,2022,9,29,5,Thursday,1,1
3027,2020-12-05 00:50:00,10.42669899,84.576958,RD-408,452,18,Mixed,Low,Storm,3337,Wet,No,None,No,48.33,56.65,2020,12,5,0,Saturday,0,0
3028,2021-01-09 05:54:00,29.82028016,82.31584233,RD-4,108,108,Car,Low,Rain,5534,Wet,No,None,No,39.25,76.88,2021,1,9,5,Saturday,0,0
3029,2021-07-28 16:06:00,27.4635615,88.37352039,RD-281,29,116,Bike,Medium,Rain,9684,Under Maintenance,No,None,Yes,40.14,70.8,2021,7,28,16,Wednesday,0,1
3030,2019-01-05 18:48:00,35.25806097,73.38302435,RD-192,30,18,Mixed,Very High,Rain,3077,Under Maintenance,No,None,Yes,38.97,68.11,2019,1,5,18,Saturday,0,1
3031,2022-12-23 01:12:00,19.01793584,85.19494836,RD-97,190,14,Mixed,Low,Snow,2777,Slippery,No,None,No,25.97,84.57,2022,12,23,1,Friday,0,0
3032,2021-05-27 23:09:00,30.79982778,73.06115181,RD-211,494,109,Truck,Low,Storm,4442,Wet,No,None,No,32.55,31.08,2021,5,27,23,Thursday,0,0
3033,2021-08-10 19:42:00,25.04060888,88.94477769,RD-452,344,63,Bus,High,Rain,5202,Slippery,No,None,No,42.53,63.42,2021,8,10,19,Tuesday,0,0
3034,2019-03-10 23:35:00,26.73699941,76.90760109,RD-288,191,43,Bike,Very High,Fog,6844,Under Maintenance,No,None,No,23.04,77.24,2019,3,10,23,Sunday,0,0
3035,2019-09-08 16:26:00,23.87637682,85.81806988,RD-224,58,105,Truck,Medium,Rain,7810,Dry,No,None,No,28.34,62.48,2019,9,8,16,Sunday,0,0
3036,2023-08-23 20:36:00,30.59564407,93.59764054,RD-203,409,50,Bus,Low,Clear,5455,Dry,No,None,Yes,28.29,49.43,2023,8,23,20,Wednesday,0,1
3037,2022-12-03 16:36:00,9.217751526,82.15878966,RD-128,281,22,Truck,Medium,Fog,8966,Slippery,No,None,No,32.96,38.18,2022,12,3,16,Saturday,0,0
3038,2021-06-01 02:51:00,10.33415675,73.57647119,RD-84,32,23,Bike,Very High,Rain,1885,Under Maintenance,No,None,No,49.41,83.25,2021,6,1,2,Tuesday,0,0
3039,2020-05-09 23:28:00,10.78178933,93.69756413,RD-367,117,108,Car,Very High,Clear,1370,Slippery,No,None,No,22.03,58.25,2020,5,9,23,Saturday,0,0
3040,2023-10-13 14:53:00,16.37203129,78.39880696,RD-378,333,110,Truck,Very High,Snow,5187,Slippery,No,None,Yes,35.56,82.69,2023,10,13,14,Friday,0,1
3041,2020-06-01 15:46:00,25.1427349,89.17733339,RD-331,102,111,Truck,High,Clear,9872,Under Maintenance,No,None,No,25.38,65.15,2020,6,1,15,Monday,0,0
3042,2018-04-05 01:24:00,26.72290894,77.28277468,RD-200,174,41,Mixed,Low,Storm,1613,Wet,No,None,No,49.12,70.45,2018,4,5,1,Thursday,0,0
3043,2019-11-02 22:19:00,28.66550644,76.64824784,RD-425,33,115,Bike,Very High,Storm,6369,Wet,No,None,No,23.4,78.26,2019,11,2,22,Saturday,0,0
3044,2023-03-15 13:32:00,16.14213349,86.61881952,RD-194,326,7,Truck,Medium,Snow,888,Under Maintenance,No,None,No,32.11,69.55,2023,3,15,13,Wednesday,0,0
3045,2022-03-17 04:33:00,26.85616957,72.53303162,RD-113,273,59,Car,High,Snow,1323,Slippery,No,None,No,42.14,53.88,2022,3,17,4,Thursday,0,0
3046,2020-08-10 02:17:00,11.41300979,93.14224225,RD-135,245,11,Truck,Very High,Snow,3632,Under Maintenance,No,None,No,41.14,60.82,2020,8,10,2,Monday,0,0
3047,2022-11-30 08:11:00,8.289397092,79.24109561,RD-41,462,75,Bus,Very High,Clear,5730,Slippery,Yes,Minor,No,32.68,78.18,2022,11,30,8,Wednesday,1,0
3048,2020-05-02 00:20:00,28.14574284,68.55904564,RD-217,116,56,Car,Medium,Clear,7570,Under Maintenance,No,None,No,30.4,52.42,2020,5,2,0,Saturday,0,0
3049,2023-04-05 14:52:00,28.75275405,76.85765773,RD-321,38,58,Car,High,Snow,8858,Slippery,No,None,No,31.93,53.29,2023,4,5,14,Wednesday,0,0
3050,2020-11-07 11:06:00,26.04213853,90.76402341,RD-123,124,42,Truck,Medium,Clear,6228,Under Maintenance,No,None,No,27.93,35.74,2020,11,7,11,Saturday,0,0
3051,2021-01-11 16:22:00,15.50722852,92.9214068,RD-265,403,67,Truck,Low,Storm,5313,Under Maintenance,No,None,No,26.16,84.88,2021,1,11,16,Monday,0,0
3052,2018-07-15 12:53:00,34.89658536,84.46852803,RD-392,449,68,Mixed,Very High,Rain,9292,Under Maintenance,No,None,No,34.49,35.46,2018,7,15,12,Sunday,0,0
3053,2023-02-05 04:27:00,33.39459191,76.52917022,RD-410,379,10,Bike,Medium,Fog,8481,Under Maintenance,No,None,No,28.06,68.89,2023,2,5,4,Sunday,0,0
3054,2018-01-24 07:13:00,22.95067626,83.30776901,RD-466,117,78,Mixed,High,Snow,4366,Dry,No,None,No,28.62,54.79,2018,1,24,7,Wednesday,0,0
3055,2019-04-20 19:16:00,36.68505278,92.25488366,RD-314,82,56,Bus,Low,Storm,1876,Under Maintenance,No,None,Yes,39.7,54.34,2019,4,20,19,Saturday,0,1
3056,2023-04-30 01:03:00,16.65996714,77.16509706,RD-414,159,48,Bike,Very High,Clear,951,Wet,No,None,Yes,49.06,70.77,2023,4,30,1,Sunday,0,1
3057,2018-08-28 07:35:00,22.24289426,79.17767223,RD-356,275,40,Mixed,Very High,Fog,8759,Wet,Yes,Minor,No,38.11,34.03,2018,8,28,7,Tuesday,1,0
3058,2023-09-06 16:43:00,34.90973138,83.65112986,RD-351,93,41,Mixed,High,Snow,937,Dry,No,None,No,22.31,65.62,2023,9,6,16,Wednesday,0,0
3059,2018-06-07 17:16:00,21.40154185,93.72700767,RD-140,413,68,Truck,Medium,Clear,5358,Under Maintenance,No,None,No,22.27,76.32,2018,6,7,17,Thursday,0,0
3060,2020-02-21 08:05:00,21.6592386,84.88231908,RD-146,316,52,Mixed,Medium,Clear,283,Wet,No,None,Yes,48.54,79.69,2020,2,21,8,Friday,0,1
3061,2018-02-27 18:16:00,10.30238544,74.02083951,RD-333,100,31,Truck,Very High,Fog,5524,Under Maintenance,No,None,No,28.92,40.23,2018,2,27,18,Tuesday,0,0
3062,2023-05-24 00:06:00,14.12904559,70.5840171,RD-381,111,113,Car,Low,Clear,4864,Under Maintenance,No,None,No,22.76,83.85,2023,5,24,0,Wednesday,0,0
3063,2021-01-22 13:38:00,12.57809155,70.75540475,RD-273,275,69,Bike,Medium,Fog,4611,Slippery,No,None,No,37.97,69.37,2021,1,22,13,Friday,0,0
3064,2020-03-26 23:54:00,24.39271024,95.55723764,RD-415,92,5,Truck,High,Storm,1020,Wet,No,None,Yes,38.71,82.91,2020,3,26,23,Thursday,0,1
3065,2020-07-31 06:54:00,17.23625556,91.84996178,RD-138,434,52,Mixed,Very High,Snow,7212,Slippery,No,None,No,39.46,59.12,2020,7,31,6,Friday,0,0
3066,2018-05-22 06:04:00,10.23388332,90.20978601,RD-212,231,89,Truck,Low,Clear,8051,Dry,No,None,No,28.02,62.52,2018,5,22,6,Tuesday,0,0
3067,2022-12-02 03:17:00,22.78919938,82.3945728,RD-97,217,41,Car,High,Rain,8247,Under Maintenance,No,None,No,20.45,85.14,2022,12,2,3,Friday,0,0
3068,2020-11-28 20:06:00,27.40729769,87.5036489,RD-437,305,96,Bus,Low,Fog,4717,Dry,No,None,No,48.95,83.99,2020,11,28,20,Saturday,0,0
3069,2020-11-12 04:27:00,29.35927538,71.69257883,RD-36,469,53,Bus,Low,Storm,4609,Wet,No,None,Yes,27.53,56.89,2020,11,12,4,Thursday,0,1
3070,2018-04-18 18:54:00,32.28801931,86.00597575,RD-94,255,59,Car,Very High,Rain,5182,Slippery,No,None,No,40.28,46.46,2018,4,18,18,Wednesday,0,0
3071,2018-11-27 01:18:00,21.97673545,91.51264124,RD-70,270,43,Mixed,Low,Snow,7296,Slippery,No,None,No,41.2,53.59,2018,11,27,1,Tuesday,0,0
3072,2023-04-11 05:33:00,19.32774387,69.80202347,RD-149,308,40,Bike,Medium,Storm,9983,Wet,No,None,No,38.3,53.27,2023,4,11,5,Tuesday,0,0
3073,2018-08-01 11:33:00,27.8395318,76.58836225,RD-57,204,70,Bike,Medium,Fog,1392,Dry,No,None,No,29.39,47.21,2018,8,1,11,Wednesday,0,0
3074,2021-04-02 15:52:00,8.387577827,71.19808153,RD-327,161,70,Truck,Low,Storm,3660,Slippery,Yes,Fatal,No,28.13,46.11,2021,4,2,15,Friday,1,0
3075,2019-04-19 10:17:00,26.37227101,75.54658405,RD-234,383,72,Bus,Very High,Storm,8535,Wet,No,None,No,37.93,81.66,2019,4,19,10,Friday,0,0
3076,2022-06-20 11:49:00,19.7647758,90.40319229,RD-317,355,6,Car,Very High,Storm,5478,Under Maintenance,No,None,No,45.98,34.19,2022,6,20,11,Monday,0,0
3077,2019-03-08 08:33:00,21.1333833,77.62942582,RD-232,168,69,Mixed,Low,Snow,4495,Slippery,No,None,Yes,48.4,70.66,2019,3,8,8,Friday,0,1
3078,2021-07-27 23:45:00,16.59181647,88.00083159,RD-140,324,117,Car,Medium,Rain,3155,Slippery,No,None,Yes,23.18,40.37,2021,7,27,23,Tuesday,0,1
3079,2023-09-11 20:56:00,11.69099001,90.42577311,RD-359,127,108,Bus,Medium,Storm,1492,Slippery,No,None,No,24.64,50.67,2023,9,11,20,Monday,0,0
3080,2022-11-08 15:50:00,19.64131526,91.68252203,RD-319,125,22,Car,Very High,Clear,2398,Wet,No,None,No,48.34,33.69,2022,11,8,15,Tuesday,0,0
3081,2023-05-03 20:58:00,16.93786757,93.32788786,RD-252,204,45,Car,Very High,Storm,7628,Dry,No,None,Yes,42.1,46.2,2023,5,3,20,Wednesday,0,1
3082,2023-01-20 13:13:00,35.84343281,85.33143855,RD-97,456,102,Car,High,Storm,1167,Dry,No,None,No,46.49,76.11,2023,1,20,13,Friday,0,0
3083,2023-09-21 02:13:00,35.36264352,76.13855513,RD-165,383,95,Truck,High,Snow,4934,Dry,No,None,No,26.08,83.1,2023,9,21,2,Thursday,0,0
3084,2023-06-10 01:33:00,26.67360069,72.36619743,RD-10,138,104,Mixed,Low,Snow,3250,Wet,No,None,Yes,37.63,43.29,2023,6,10,1,Saturday,0,1
3085,2020-04-23 01:24:00,34.207338,82.60755097,RD-78,212,43,Bike,Low,Snow,5772,Wet,No,None,No,41.03,57.81,2020,4,23,1,Thursday,0,0
3086,2020-08-17 15:07:00,29.78696856,71.00315971,RD-26,334,30,Mixed,Very High,Snow,8375,Dry,No,None,Yes,40.4,58.22,2020,8,17,15,Monday,0,1
3087,2023-12-11 00:22:00,18.03085318,94.41099539,RD-497,208,79,Bus,Very High,Storm,4576,Under Maintenance,No,None,No,32.24,82.41,2023,12,11,0,Monday,0,0
3088,2018-12-10 21:11:00,25.51311935,80.8319269,RD-274,264,108,Bike,High,Storm,807,Wet,No,None,No,20.46,75.77,2018,12,10,21,Monday,0,0
3089,2021-12-27 18:35:00,14.38938363,93.31654023,RD-12,426,7,Truck,Low,Fog,5394,Dry,No,None,No,37.49,60.78,2021,12,27,18,Monday,0,0
3090,2018-12-14 10:13:00,27.92903928,88.56884113,RD-96,86,53,Bike,High,Snow,6960,Dry,No,None,No,27.59,70.24,2018,12,14,10,Friday,0,0
3091,2020-02-23 14:53:00,9.299419585,92.85930932,RD-498,456,32,Bike,High,Fog,799,Under Maintenance,No,None,No,33.51,80.84,2020,2,23,14,Sunday,0,0
3092,2023-01-11 22:13:00,32.10891071,93.63478459,RD-53,435,104,Bike,High,Rain,6469,Wet,No,None,No,48.73,30.57,2023,1,11,22,Wednesday,0,0
3093,2022-07-01 18:41:00,24.9136649,69.54551145,RD-145,168,20,Car,Medium,Snow,5742,Slippery,No,None,No,31.97,54.17,2022,7,1,18,Friday,0,0
3094,2020-04-01 22:14:00,9.694712055,89.03247759,RD-138,61,103,Bus,Low,Rain,3587,Slippery,No,None,Yes,45.19,84.43,2020,4,1,22,Wednesday,0,1
3095,2018-11-11 23:09:00,33.28107379,74.5698832,RD-65,187,26,Truck,High,Clear,2628,Wet,No,None,Yes,25.66,74.42,2018,11,11,23,Sunday,0,1
3096,2022-06-29 05:25:00,33.45334092,96.68961026,RD-367,278,84,Bus,Medium,Storm,245,Wet,No,None,Yes,40.17,62.57,2022,6,29,5,Wednesday,0,1
3097,2022-02-22 12:10:00,32.7316593,90.57368625,RD-225,458,101,Car,Medium,Storm,6788,Under Maintenance,No,None,No,49.31,61.78,2022,2,22,12,Tuesday,0,0
3098,2020-12-05 00:28:00,30.45475733,68.10918508,RD-373,122,81,Truck,Low,Fog,3701,Dry,No,None,Yes,23.06,50.87,2020,12,5,0,Saturday,0,1
3099,2020-05-05 11:14:00,27.65983704,94.89507333,RD-5,245,53,Car,High,Storm,1117,Slippery,No,None,No,20.25,61.23,2020,5,5,11,Tuesday,0,0
3100,2019-10-17 05:40:00,19.51036453,76.47687116,RD-120,384,32,Truck,Very High,Rain,4872,Under Maintenance,No,None,No,33.01,69.32,2019,10,17,5,Thursday,0,0
3101,2020-05-23 08:34:00,11.95383585,80.08295439,RD-47,175,112,Truck,Low,Storm,9502,Under Maintenance,No,None,No,22.78,55.1,2020,5,23,8,Saturday,0,0
3102,2022-12-03 19:31:00,16.37448298,85.75628179,RD-78,48,20,Mixed,High,Snow,467,Under Maintenance,No,None,No,42.45,72.85,2022,12,3,19,Saturday,0,0
3103,2022-11-21 14:25:00,18.06523701,94.57298403,RD-8,362,68,Car,High,Clear,3864,Slippery,No,None,Yes,47.44,81.67,2022,11,21,14,Monday,0,1
3104,2018-08-11 15:57:00,18.38421755,94.89247207,RD-253,307,64,Bus,Medium,Fog,9774,Dry,No,None,No,33.02,39.28,2018,8,11,15,Saturday,0,0
3105,2021-01-04 21:39:00,24.39919884,84.34068112,RD-112,389,70,Car,High,Fog,434,Dry,No,None,No,27.76,57.09,2021,1,4,21,Monday,0,0
3106,2022-12-17 02:39:00,14.04310144,77.18501038,RD-176,108,30,Car,Medium,Fog,8468,Slippery,No,None,No,33.03,54.48,2022,12,17,2,Saturday,0,0
3107,2019-01-31 12:13:00,13.50017274,76.09650831,RD-216,176,46,Car,High,Snow,3715,Under Maintenance,No,None,No,41.7,71.25,2019,1,31,12,Thursday,0,0
3108,2019-02-25 10:53:00,28.79191836,78.56751586,RD-160,51,96,Mixed,Very High,Storm,3676,Dry,No,None,No,20.27,44.99,2019,2,25,10,Monday,0,0
3109,2019-02-21 07:24:00,8.217515962,73.23489682,RD-403,371,7,Mixed,Low,Snow,2000,Slippery,No,None,No,37.68,68.42,2019,2,21,7,Thursday,0,0
3110,2020-05-19 15:40:00,12.33606363,87.42515753,RD-410,338,112,Mixed,High,Rain,4926,Wet,No,None,No,38.4,82.65,2020,5,19,15,Tuesday,0,0
3111,2022-09-12 17:41:00,20.61378439,83.30625948,RD-256,463,25,Mixed,Medium,Storm,9187,Under Maintenance,No,None,No,39.13,55.09,2022,9,12,17,Monday,0,0
3112,2020-02-17 04:47:00,12.32341182,90.43047631,RD-191,114,36,Car,Medium,Snow,2654,Wet,No,None,No,27.26,84.66,2020,2,17,4,Monday,0,0
3113,2018-03-22 11:07:00,35.83456399,70.72922819,RD-238,256,74,Bus,Medium,Rain,5756,Slippery,No,None,Yes,41.42,89.59,2018,3,22,11,Thursday,0,1
3114,2018-01-10 22:54:00,27.43301459,79.59726891,RD-357,466,73,Bike,Medium,Rain,8968,Slippery,No,None,No,22.74,36.37,2018,1,10,22,Wednesday,0,0
3115,2019-08-26 01:11:00,20.55031583,74.95602318,RD-406,356,28,Car,Medium,Snow,4094,Dry,No,None,No,25.98,43.98,2019,8,26,1,Monday,0,0
3116,2023-08-06 11:54:00,11.25540509,83.52039998,RD-17,307,69,Bus,Medium,Snow,2670,Wet,No,None,No,46.32,87.02,2023,8,6,11,Sunday,0,0
3117,2018-02-04 17:14:00,19.17040241,81.57907553,RD-170,422,27,Bike,Low,Clear,8090,Slippery,No,None,No,42.16,87.5,2018,2,4,17,Sunday,0,0
3118,2018-02-13 17:44:00,26.86744839,81.03739808,RD-42,205,84,Bike,High,Snow,5323,Dry,No,None,No,20.41,35.86,2018,2,13,17,Tuesday,0,0
3119,2021-05-23 18:29:00,36.0956119,77.15395533,RD-432,162,12,Mixed,Low,Fog,6350,Slippery,No,None,No,27.45,30.9,2021,5,23,18,Sunday,0,0
3120,2021-08-13 19:27:00,21.70793355,89.07852166,RD-385,281,49,Bike,Low,Storm,5732,Wet,No,None,Yes,26.43,39.67,2021,8,13,19,Friday,0,1
3121,2019-02-17 23:41:00,28.07995514,81.96546342,RD-488,194,93,Bus,Low,Rain,9015,Slippery,No,None,No,28.12,89.76,2019,2,17,23,Sunday,0,0
3122,2018-07-18 04:07:00,13.66541092,73.86506961,RD-75,427,114,Mixed,Very High,Fog,5806,Slippery,No,None,No,27.43,40.8,2018,7,18,4,Wednesday,0,0
3123,2023-10-18 20:23:00,26.08536775,83.87597671,RD-29,212,15,Car,High,Fog,3023,Under Maintenance,No,None,No,21.88,60.15,2023,10,18,20,Wednesday,0,0
3124,2020-10-02 15:28:00,14.9325921,85.30349253,RD-137,274,61,Car,Low,Rain,8848,Slippery,No,None,Yes,33.77,80.91,2020,10,2,15,Friday,0,1
3125,2018-03-16 13:58:00,13.74588751,68.62001064,RD-398,172,16,Mixed,Medium,Storm,4556,Slippery,No,None,No,41.98,31.22,2018,3,16,13,Friday,0,0
3126,2019-11-09 21:06:00,22.76739629,73.90958116,RD-201,292,113,Mixed,High,Clear,6918,Slippery,No,None,Yes,38.2,66.27,2019,11,9,21,Saturday,0,1
3127,2021-05-13 14:30:00,14.13826463,75.02971339,RD-37,432,76,Bike,Low,Clear,5649,Under Maintenance,No,None,No,40.19,46.62,2021,5,13,14,Thursday,0,0
3128,2023-12-26 17:02:00,28.91849829,75.1941797,RD-279,438,14,Bike,Low,Fog,5490,Wet,No,None,No,22.43,81.74,2023,12,26,17,Tuesday,0,0
3129,2018-05-06 22:33:00,35.18276114,74.92653024,RD-241,132,67,Bus,Very High,Fog,1042,Under Maintenance,No,None,No,48.54,47.01,2018,5,6,22,Sunday,0,0
3130,2019-11-15 06:47:00,19.41446097,75.87759398,RD-93,246,39,Mixed,High,Snow,1055,Dry,No,None,No,45.15,71.21,2019,11,15,6,Friday,0,0
3131,2019-12-11 01:29:00,17.3513807,75.61908956,RD-99,453,42,Car,High,Clear,6095,Wet,Yes,None,No,44.15,70.45,2019,12,11,1,Wednesday,1,0
3132,2019-10-30 07:47:00,13.10066191,93.63799628,RD-459,101,25,Bus,Medium,Clear,6592,Dry,No,None,No,44.69,43.29,2019,10,30,7,Wednesday,0,0
3133,2020-04-09 12:13:00,19.3214964,77.2697883,RD-431,436,55,Car,Medium,Storm,1353,Dry,No,None,No,47.98,32.09,2020,4,9,12,Thursday,0,0
3134,2023-06-11 01:18:00,24.22938863,78.14311872,RD-129,70,22,Car,High,Snow,9295,Wet,No,None,No,36.33,54.55,2023,6,11,1,Sunday,0,0
3135,2021-03-12 14:16:00,18.81611298,75.71914061,RD-419,206,22,Bus,Medium,Rain,4595,Slippery,No,None,No,26.01,47.35,2021,3,12,14,Friday,0,0
3136,2021-07-12 01:14:00,26.06921034,96.05965643,RD-196,409,30,Car,Medium,Rain,7274,Dry,No,None,No,38.5,78.54,2021,7,12,1,Monday,0,0
3137,2019-03-14 00:05:00,27.21027903,83.52923321,RD-425,101,24,Mixed,Low,Storm,4299,Slippery,No,None,No,42.29,78.02,2019,3,14,0,Thursday,0,0
3138,2018-04-12 16:57:00,10.8370573,85.70583731,RD-7,395,29,Mixed,Medium,Rain,6365,Wet,No,None,Yes,42.14,57.42,2018,4,12,16,Thursday,0,1
3139,2022-04-22 16:22:00,28.23569847,89.3291306,RD-63,243,99,Bus,Very High,Clear,408,Dry,No,None,No,35.64,66.39,2022,4,22,16,Friday,0,0
3140,2022-04-08 00:19:00,34.1092084,77.67770799,RD-499,467,86,Car,Low,Fog,3770,Dry,No,None,No,22.05,66.26,2022,4,8,0,Friday,0,0
3141,2023-02-09 08:49:00,8.76131231,96.09463246,RD-394,28,84,Car,Medium,Snow,385,Wet,No,None,No,31.13,79.63,2023,2,9,8,Thursday,0,0
3142,2023-07-10 15:30:00,23.98921411,72.417459,RD-366,329,49,Bike,Low,Rain,8150,Wet,No,None,No,47.62,55.5,2023,7,10,15,Monday,0,0
3143,2019-03-14 09:13:00,25.51235684,81.27662341,RD-128,285,62,Truck,Medium,Rain,1883,Slippery,No,None,No,37.53,46.53,2019,3,14,9,Thursday,0,0
3144,2018-09-19 14:59:00,28.58464472,72.21773861,RD-198,323,111,Bus,Medium,Rain,1510,Wet,Yes,Minor,No,36.15,45.9,2018,9,19,14,Wednesday,1,0
3145,2020-04-27 21:21:00,19.18729125,90.92089664,RD-395,453,22,Car,Medium,Rain,7609,Under Maintenance,No,None,No,28.07,62.17,2020,4,27,21,Monday,0,0
3146,2021-07-22 03:56:00,31.74259919,71.11221307,RD-500,239,52,Bus,Low,Fog,4620,Under Maintenance,No,None,No,31.05,56.95,2021,7,22,3,Thursday,0,0
3147,2021-10-30 05:08:00,23.65699752,84.0630885,RD-227,324,18,Bike,High,Fog,7077,Slippery,No,None,No,46.86,56.41,2021,10,30,5,Saturday,0,0
3148,2022-10-21 23:35:00,19.85916145,71.03938198,RD-127,127,11,Bus,Medium,Storm,8573,Dry,No,None,No,39.99,35.47,2022,10,21,23,Friday,0,0
3149,2023-07-31 22:50:00,28.85844418,81.12719476,RD-378,377,42,Mixed,Very High,Clear,8066,Slippery,No,None,No,43.62,73.12,2023,7,31,22,Monday,0,0
3150,2021-04-23 03:31:00,34.89389042,76.12893174,RD-18,246,117,Car,Medium,Rain,5053,Dry,Yes,Fatal,No,33.63,42.82,2021,4,23,3,Friday,1,0
3151,2018-10-24 15:20:00,31.54804767,94.19560598,RD-102,188,68,Bike,High,Storm,7586,Dry,No,None,No,38.91,41.82,2018,10,24,15,Wednesday,0,0
3152,2020-06-19 17:16:00,34.98927856,69.53977806,RD-236,300,33,Mixed,Low,Clear,8821,Dry,No,None,Yes,27.45,54.77,2020,6,19,17,Friday,0,1
3153,2021-06-02 18:46:00,15.7121081,86.84819126,RD-377,370,91,Truck,Medium,Fog,4427,Wet,No,None,No,41.16,43.67,2021,6,2,18,Wednesday,0,0
3154,2020-09-16 18:40:00,11.43687616,88.16228576,RD-395,147,115,Truck,Very High,Rain,4785,Slippery,Yes,None,No,32.83,65.03,2020,9,16,18,Wednesday,1,0
3155,2021-12-20 10:32:00,23.49613695,93.78048097,RD-49,121,110,Bus,Low,Fog,7563,Slippery,No,None,No,33.28,52.29,2021,12,20,10,Monday,0,0
3156,2021-10-20 04:35:00,9.28848232,93.45415423,RD-267,251,117,Car,Medium,Rain,494,Slippery,No,None,Yes,39.48,56.93,2021,10,20,4,Wednesday,0,1
3157,2018-09-26 15:51:00,27.5631033,96.33463231,RD-341,301,102,Truck,Low,Fog,1962,Slippery,No,None,No,48.09,62.23,2018,9,26,15,Wednesday,0,0
3158,2020-12-18 11:32:00,14.96004417,75.36337128,RD-107,446,59,Bike,Low,Storm,2539,Under Maintenance,No,None,No,21.92,42.21,2020,12,18,11,Friday,0,0
3159,2023-02-20 07:38:00,21.17615256,75.96993591,RD-243,385,85,Car,High,Storm,3322,Dry,No,None,No,44.74,39.35,2023,2,20,7,Monday,0,0
3160,2020-08-02 03:30:00,27.01129338,79.52148911,RD-200,257,49,Bike,Low,Fog,9409,Dry,No,None,No,28.77,82.83,2020,8,2,3,Sunday,0,0
3161,2018-09-24 19:06:00,22.0097638,83.58973244,RD-349,63,86,Bike,Medium,Fog,8891,Slippery,No,None,Yes,33.32,56.02,2018,9,24,19,Monday,0,1
3162,2018-03-23 15:48:00,14.84579976,78.64711564,RD-493,25,23,Bike,High,Snow,2995,Wet,No,None,No,20.66,54.73,2018,3,23,15,Friday,0,0
3163,2021-07-07 10:55:00,33.53074508,89.46859591,RD-160,59,6,Truck,High,Rain,6763,Wet,No,None,No,29.03,32.14,2021,7,7,10,Wednesday,0,0
3164,2018-01-31 21:16:00,30.17152431,68.24780651,RD-480,291,97,Bus,Low,Snow,8002,Under Maintenance,No,None,Yes,35.08,59.88,2018,1,31,21,Wednesday,0,1
3165,2019-07-23 08:22:00,25.43110231,68.51197515,RD-166,296,70,Truck,Low,Fog,1581,Wet,No,None,No,21.69,63.25,2019,7,23,8,Tuesday,0,0
3166,2021-10-23 09:44:00,28.25766764,88.76564604,RD-82,198,86,Truck,Medium,Storm,4423,Slippery,No,None,No,34.73,63.53,2021,10,23,9,Saturday,0,0
3167,2018-12-10 13:42:00,20.04445103,93.61051545,RD-323,435,107,Bus,Very High,Rain,5622,Under Maintenance,No,None,No,47.81,72.42,2018,12,10,13,Monday,0,0
3168,2022-03-19 16:06:00,18.9008708,90.51987616,RD-373,10,110,Mixed,High,Storm,6659,Under Maintenance,No,None,No,23.16,40.65,2022,3,19,16,Saturday,0,0
3169,2021-03-03 00:24:00,12.6432357,71.39565679,RD-22,480,104,Bike,High,Fog,6284,Dry,Yes,Minor,No,42.93,45.13,2021,3,3,0,Wednesday,1,0
3170,2023-09-24 19:54:00,31.30415314,95.11424678,RD-382,179,40,Mixed,High,Snow,8903,Wet,No,None,No,32.29,78.64,2023,9,24,19,Sunday,0,0
3171,2022-03-28 14:02:00,19.05028311,83.13546594,RD-480,186,60,Bike,Low,Rain,8781,Wet,No,None,Yes,39.66,86.83,2022,3,28,14,Monday,0,1
3172,2020-07-14 01:16:00,28.07739526,89.52655941,RD-282,228,25,Mixed,Very High,Snow,1134,Wet,No,None,No,27.81,38.16,2020,7,14,1,Tuesday,0,0
3173,2018-08-15 20:52:00,16.69831775,73.83033973,RD-267,156,101,Bike,Medium,Rain,4411,Slippery,No,None,Yes,24.78,59.86,2018,8,15,20,Wednesday,0,1
3174,2020-02-20 00:51:00,31.08368854,83.9150733,RD-63,217,67,Bus,Medium,Storm,2831,Dry,No,None,No,24.81,42.85,2020,2,20,0,Thursday,0,0
3175,2023-02-19 20:31:00,11.05205893,77.57176331,RD-130,265,6,Bus,High,Clear,2073,Dry,No,None,No,22.11,33.6,2023,2,19,20,Sunday,0,0
3176,2020-06-04 18:45:00,26.12541178,96.26806243,RD-247,322,78,Bus,Low,Rain,1881,Slippery,No,None,No,25.57,49.53,2020,6,4,18,Thursday,0,0
3177,2020-01-25 20:54:00,31.42024663,81.75168805,RD-327,367,19,Car,Very High,Fog,4113,Under Maintenance,No,None,No,39.93,38.62,2020,1,25,20,Saturday,0,0
3178,2023-09-15 17:28:00,27.14725713,89.91173258,RD-153,145,66,Bike,Medium,Rain,7565,Dry,No,None,No,46.45,72.6,2023,9,15,17,Friday,0,0
3179,2019-07-22 06:15:00,28.18735839,85.49372615,RD-102,199,16,Bus,Medium,Fog,3020,Dry,No,None,No,44.42,62.02,2019,7,22,6,Monday,0,0
3180,2022-10-29 11:47:00,23.25367971,70.73466371,RD-185,345,7,Mixed,Low,Clear,6452,Under Maintenance,No,None,No,40.55,38.63,2022,10,29,11,Saturday,0,0
3181,2020-07-17 10:30:00,24.21192792,83.74490491,RD-455,469,8,Car,Medium,Clear,1310,Wet,No,None,No,23.31,30.55,2020,7,17,10,Friday,0,0
3182,2021-12-03 10:42:00,9.910909727,83.66626016,RD-27,18,13,Car,High,Storm,6208,Dry,No,None,No,28.68,78.49,2021,12,3,10,Friday,0,0
3183,2021-12-23 15:34:00,15.27329126,88.75557113,RD-443,377,50,Bus,Low,Storm,9716,Slippery,No,None,No,29.29,40.57,2021,12,23,15,Thursday,0,0
3184,2019-04-10 02:52:00,28.93593365,77.33533248,RD-342,272,46,Truck,High,Clear,8166,Dry,No,None,No,27.5,66.37,2019,4,10,2,Wednesday,0,0
3185,2021-08-05 23:17:00,35.41722124,92.95891131,RD-112,177,78,Bus,High,Rain,5803,Wet,No,None,No,35.45,50.22,2021,8,5,23,Thursday,0,0
3186,2019-05-24 06:02:00,23.71164777,86.05550152,RD-499,494,35,Truck,Very High,Rain,8682,Wet,No,None,No,36.07,65.13,2019,5,24,6,Friday,0,0
3187,2020-03-25 19:59:00,29.04214864,69.14089811,RD-58,198,41,Bus,Low,Storm,5447,Slippery,No,None,No,30.71,48.94,2020,3,25,19,Wednesday,0,0
3188,2021-11-29 20:44:00,27.82381625,88.49823787,RD-121,32,15,Bike,Medium,Rain,6148,Dry,No,None,No,30.61,35.22,2021,11,29,20,Monday,0,0
3189,2023-01-04 09:28:00,36.98214531,94.30204039,RD-325,306,65,Mixed,High,Rain,4112,Dry,No,None,Yes,44.86,43.38,2023,1,4,9,Wednesday,0,1
3190,2020-01-17 05:03:00,31.05512873,87.81126576,RD-223,337,31,Truck,Very High,Rain,2047,Wet,No,None,No,43.68,41.28,2020,1,17,5,Friday,0,0
3191,2022-11-16 16:55:00,26.20177268,79.01992183,RD-167,160,50,Truck,Medium,Rain,4073,Dry,No,None,No,29.23,55.68,2022,11,16,16,Wednesday,0,0
3192,2019-03-26 22:48:00,11.33962016,85.12881609,RD-8,477,74,Car,Medium,Fog,2971,Wet,No,None,No,47.41,69.5,2019,3,26,22,Tuesday,0,0
3193,2021-07-20 16:56:00,18.51719817,72.97054986,RD-86,249,111,Truck,Medium,Storm,8097,Slippery,No,None,No,48.58,45.83,2021,7,20,16,Tuesday,0,0
3194,2018-05-15 14:48:00,15.27026971,85.43640873,RD-407,20,98,Bike,Medium,Clear,8326,Dry,No,None,No,29.8,30.72,2018,5,15,14,Tuesday,0,0
3195,2022-10-27 06:16:00,32.75659336,82.52878959,RD-142,10,47,Mixed,Very High,Clear,1906,Wet,No,None,No,30.63,61.14,2022,10,27,6,Thursday,0,0
3196,2022-07-02 13:21:00,20.9390174,68.75857297,RD-300,186,103,Truck,Very High,Fog,1160,Slippery,No,None,No,35.17,66.35,2022,7,2,13,Saturday,0,0
3197,2020-03-08 21:53:00,23.52369034,77.3348067,RD-62,309,49,Car,Medium,Storm,7455,Under Maintenance,No,None,No,48.23,87.77,2020,3,8,21,Sunday,0,0
3198,2019-12-17 20:49:00,35.97987569,73.54617022,RD-203,334,22,Mixed,Low,Fog,6868,Dry,Yes,Fatal,No,46.29,65.37,2019,12,17,20,Tuesday,1,0
3199,2021-04-12 01:21:00,32.26383025,79.32890588,RD-405,151,54,Truck,Very High,Storm,4227,Wet,No,None,No,23.08,58.27,2021,4,12,1,Monday,0,0
3200,2022-06-27 08:21:00,30.90478755,75.01314045,RD-125,16,10,Bike,Medium,Fog,9768,Wet,No,None,Yes,31.78,64.4,2022,6,27,8,Monday,0,1
3201,2022-01-17 12:50:00,12.12436998,92.19321224,RD-5,132,17,Bike,Very High,Rain,836,Under Maintenance,No,None,Yes,36.6,85.67,2022,1,17,12,Monday,0,1
3202,2021-05-13 08:00:00,8.660284248,88.23282118,RD-497,453,106,Mixed,Very High,Fog,8055,Dry,No,None,No,35.09,79.7,2021,5,13,8,Thursday,0,0
3203,2022-09-30 11:47:00,11.64090232,89.46332751,RD-22,33,16,Car,Medium,Fog,2308,Slippery,No,None,No,25.82,49.38,2022,9,30,11,Friday,0,0
3204,2022-03-11 19:29:00,29.46821659,78.46515199,RD-298,240,11,Bike,High,Snow,4614,Dry,No,None,Yes,45.76,44.24,2022,3,11,19,Friday,0,1
3205,2022-07-03 21:58:00,19.91081614,68.09994459,RD-402,397,18,Bus,Low,Storm,2176,Under Maintenance,No,None,No,40.31,45.76,2022,7,3,21,Sunday,0,0
3206,2020-02-19 23:35:00,11.406618,74.35545707,RD-354,248,77,Bus,Very High,Rain,5996,Under Maintenance,No,None,No,45.14,60.27,2020,2,19,23,Wednesday,0,0
3207,2021-05-03 00:56:00,29.4315656,89.90364793,RD-244,164,103,Truck,Medium,Fog,7714,Wet,No,None,No,45.76,74.64,2021,5,3,0,Monday,0,0
3208,2021-04-29 11:16:00,13.64293695,85.48226741,RD-353,455,51,Bike,Medium,Rain,3915,Wet,No,None,No,42.45,60.19,2021,4,29,11,Thursday,0,0
3209,2022-03-12 10:37:00,25.08225598,83.6187668,RD-306,16,11,Bus,High,Storm,3979,Slippery,No,None,Yes,33.18,34.07,2022,3,12,10,Saturday,0,1
3210,2021-04-28 12:57:00,29.5047418,76.13507813,RD-80,447,43,Truck,Very High,Clear,9647,Slippery,No,None,No,38.32,73.41,2021,4,28,12,Wednesday,0,0
3211,2019-10-07 20:19:00,25.63375812,70.19652748,RD-191,481,60,Truck,Low,Snow,5686,Under Maintenance,No,None,No,24.81,78.36,2019,10,7,20,Monday,0,0
3212,2021-12-08 13:02:00,36.81545968,90.76112764,RD-395,466,89,Truck,Low,Snow,2053,Slippery,No,None,No,40.21,47.37,2021,12,8,13,Wednesday,0,0
3213,2023-10-10 14:25:00,20.5907189,69.12101147,RD-46,458,23,Car,High,Storm,1495,Slippery,No,None,No,25.38,69.85,2023,10,10,14,Tuesday,0,0
3214,2021-08-21 21:31:00,17.04234754,69.7149576,RD-128,235,31,Truck,Low,Snow,8198,Slippery,No,None,No,40.82,55.6,2021,8,21,21,Saturday,0,0
3215,2018-07-10 11:33:00,13.83470372,76.55312183,RD-81,113,65,Car,Low,Clear,4143,Wet,No,None,No,26.89,83.35,2018,7,10,11,Tuesday,0,0
3216,2018-02-12 09:13:00,22.6096093,84.61507664,RD-256,360,70,Bus,Medium,Rain,5913,Under Maintenance,Yes,None,No,23.53,80.71,2018,2,12,9,Monday,1,0
3217,2022-02-03 07:02:00,32.72191827,96.77456898,RD-47,112,56,Truck,High,Fog,7127,Wet,No,None,Yes,24.96,61.53,2022,2,3,7,Thursday,0,1
3218,2019-11-27 10:53:00,35.46054051,70.62860569,RD-352,352,60,Bus,Very High,Storm,6006,Slippery,No,None,No,20.06,71.49,2019,11,27,10,Wednesday,0,0
3219,2019-07-01 09:58:00,36.18959132,81.72195318,RD-317,460,18,Bike,High,Storm,2270,Wet,No,None,No,41.56,83.0,2019,7,1,9,Monday,0,0
3220,2020-10-07 19:25:00,23.40997182,85.45084579,RD-174,112,105,Car,Low,Snow,4927,Under Maintenance,No,None,Yes,41.97,59.74,2020,10,7,19,Wednesday,0,1
3221,2022-10-16 01:22:00,25.55255002,91.87005197,RD-477,157,37,Bus,Medium,Fog,9793,Dry,No,None,No,35.45,48.8,2022,10,16,1,Sunday,0,0
3222,2021-06-20 04:59:00,24.86465318,87.99880354,RD-497,195,112,Truck,Very High,Snow,2623,Slippery,No,None,No,24.84,75.22,2021,6,20,4,Sunday,0,0
3223,2022-04-16 16:48:00,21.51319947,91.42450581,RD-389,185,16,Bus,Low,Snow,3383,Dry,No,None,No,22.51,43.2,2022,4,16,16,Saturday,0,0
3224,2021-05-29 23:12:00,12.41495462,83.15160121,RD-321,419,119,Truck,Medium,Rain,5249,Slippery,No,None,No,20.57,53.31,2021,5,29,23,Saturday,0,0
3225,2023-08-19 12:13:00,9.898301916,80.5851533,RD-31,427,89,Mixed,Low,Rain,6025,Wet,No,None,No,24.97,81.94,2023,8,19,12,Saturday,0,0
3226,2018-08-13 09:28:00,20.66249898,85.9431212,RD-31,425,98,Car,Low,Snow,7680,Slippery,No,None,No,46.73,73.47,2018,8,13,9,Monday,0,0
3227,2018-12-13 02:30:00,13.39886316,94.12525347,RD-183,362,90,Bike,High,Clear,7314,Wet,No,None,No,27.25,54.23,2018,12,13,2,Thursday,0,0
3228,2019-09-24 03:56:00,33.71290061,83.9745677,RD-331,305,70,Bus,Low,Storm,7884,Under Maintenance,No,None,Yes,30.63,42.88,2019,9,24,3,Tuesday,0,1
3229,2022-05-22 20:08:00,30.0892984,85.56220046,RD-79,14,97,Bus,Very High,Clear,3157,Under Maintenance,No,None,No,23.16,51.36,2022,5,22,20,Sunday,0,0
3230,2020-11-13 18:09:00,25.93379442,77.80130844,RD-360,19,28,Mixed,Low,Storm,6896,Wet,No,None,No,26.67,47.05,2020,11,13,18,Friday,0,0
3231,2018-02-12 19:55:00,9.374947278,85.28752192,RD-275,493,100,Truck,High,Fog,1402,Under Maintenance,Yes,Major,No,35.58,40.57,2018,2,12,19,Monday,1,0
3232,2020-09-12 06:37:00,26.04511701,86.20515956,RD-406,231,49,Bike,Medium,Fog,236,Wet,No,None,No,38.23,74.6,2020,9,12,6,Saturday,0,0
3233,2022-02-01 11:31:00,26.01100676,89.8493391,RD-55,82,80,Truck,Low,Clear,6735,Wet,No,None,Yes,27.36,45.12,2022,2,1,11,Tuesday,0,1
3234,2019-03-24 22:32:00,20.73712647,84.59312416,RD-65,183,59,Truck,Low,Snow,2384,Under Maintenance,No,None,No,21.73,57.25,2019,3,24,22,Sunday,0,0
3235,2023-05-03 04:56:00,27.07483674,73.72895855,RD-250,41,75,Bus,High,Snow,6739,Slippery,No,None,No,31.73,53.15,2023,5,3,4,Wednesday,0,0
3236,2020-04-22 10:10:00,32.8795214,84.87585644,RD-120,454,57,Bus,Medium,Fog,3036,Dry,Yes,Minor,No,27.03,88.92,2020,4,22,10,Wednesday,1,0
3237,2021-09-14 12:15:00,29.98161876,76.63827086,RD-163,94,70,Bus,Low,Snow,9589,Slippery,No,None,No,26.59,53.47,2021,9,14,12,Tuesday,0,0
3238,2019-03-10 18:53:00,21.72959188,70.53241036,RD-286,435,108,Car,Low,Rain,7593,Under Maintenance,No,None,No,48.8,34.8,2019,3,10,18,Sunday,0,0
3239,2018-02-13 19:55:00,15.60625045,91.93756081,RD-404,379,23,Car,Very High,Fog,7905,Wet,Yes,None,No,38.49,35.39,2018,2,13,19,Tuesday,1,0
3240,2022-11-18 03:14:00,21.8572816,69.91609127,RD-331,291,55,Bus,High,Storm,9669,Slippery,No,None,No,36.71,65.45,2022,11,18,3,Friday,0,0
3241,2019-08-31 17:44:00,35.43315424,86.31939382,RD-388,416,86,Truck,Medium,Storm,317,Under Maintenance,No,None,No,32.47,65.96,2019,8,31,17,Saturday,0,0
3242,2021-07-26 08:59:00,31.77961021,96.66634378,RD-178,402,102,Bike,Low,Snow,2400,Dry,No,None,Yes,32.87,55.13,2021,7,26,8,Monday,0,1
3243,2023-04-16 11:37:00,8.784151003,70.54095597,RD-413,462,70,Bike,High,Storm,7429,Slippery,No,None,Yes,36.23,55.91,2023,4,16,11,Sunday,0,1
3244,2023-07-04 01:17:00,30.70593428,74.38382347,RD-457,64,49,Truck,High,Storm,6372,Wet,No,None,No,40.89,33.24,2023,7,4,1,Tuesday,0,0
3245,2022-07-12 12:09:00,12.9461715,90.06332217,RD-225,145,106,Mixed,High,Clear,6441,Wet,No,None,No,41.06,60.99,2022,7,12,12,Tuesday,0,0
3246,2020-11-12 20:45:00,24.56222866,70.80992982,RD-376,125,44,Truck,Medium,Clear,3290,Wet,No,None,No,25.15,60.28,2020,11,12,20,Thursday,0,0
3247,2022-10-29 12:45:00,31.3890086,92.14902574,RD-99,65,87,Bike,High,Storm,9741,Under Maintenance,No,None,No,35.0,38.97,2022,10,29,12,Saturday,0,0
3248,2018-01-17 02:34:00,24.27736427,68.00783355,RD-11,448,10,Mixed,Low,Fog,3223,Slippery,No,None,No,32.36,36.23,2018,1,17,2,Wednesday,0,0
3249,2018-06-21 16:28:00,19.71196105,93.80847288,RD-353,252,55,Mixed,Low,Storm,6224,Under Maintenance,Yes,Major,No,46.12,37.41,2018,6,21,16,Thursday,1,0
3250,2018-03-08 20:10:00,17.31676147,69.93787142,RD-194,247,45,Bike,Medium,Rain,541,Slippery,No,None,No,38.94,36.06,2018,3,8,20,Thursday,0,0
3251,2023-12-07 15:56:00,16.84790698,94.73741561,RD-184,308,51,Mixed,Low,Fog,6633,Dry,No,None,No,35.98,66.58,2023,12,7,15,Thursday,0,0
3252,2020-12-17 13:59:00,32.28539763,93.07198576,RD-371,340,21,Car,Medium,Rain,7350,Dry,No,None,No,23.46,41.79,2020,12,17,13,Thursday,0,0
3253,2022-05-29 12:31:00,31.92647604,83.64733045,RD-69,65,27,Bus,Low,Rain,7194,Dry,No,None,No,38.17,45.09,2022,5,29,12,Sunday,0,0
3254,2019-12-27 09:51:00,31.8779228,90.56051022,RD-129,173,44,Mixed,High,Snow,9136,Wet,No,None,No,23.52,40.41,2019,12,27,9,Friday,0,0
3255,2020-11-02 21:29:00,16.19914136,70.17142859,RD-461,411,77,Mixed,Low,Clear,1516,Slippery,No,None,No,30.12,87.47,2020,11,2,21,Monday,0,0
3256,2021-02-25 10:02:00,31.16861537,71.91928771,RD-21,296,41,Car,High,Snow,9747,Slippery,No,None,No,24.29,81.28,2021,2,25,10,Thursday,0,0
3257,2020-09-23 13:39:00,9.062410406,78.70933296,RD-249,498,106,Car,Medium,Rain,5928,Under Maintenance,No,None,Yes,40.76,43.83,2020,9,23,13,Wednesday,0,1
3258,2020-07-19 20:22:00,13.9872316,83.58629905,RD-362,17,89,Truck,Very High,Snow,7418,Wet,No,None,No,26.19,49.65,2020,7,19,20,Sunday,0,0
3259,2022-07-27 18:38:00,22.92058669,93.17821353,RD-225,109,62,Bike,High,Snow,7426,Wet,No,None,Yes,31.76,42.59,2022,7,27,18,Wednesday,0,1
3260,2022-06-12 21:21:00,19.79563872,83.73773298,RD-287,156,25,Truck,High,Fog,1158,Under Maintenance,No,None,No,46.87,59.51,2022,6,12,21,Sunday,0,0
3261,2019-10-19 22:04:00,11.24475945,87.29095029,RD-151,415,31,Bike,Very High,Snow,5924,Dry,No,None,No,26.13,31.18,2019,10,19,22,Saturday,0,0
3262,2023-02-08 09:27:00,9.209893336,87.71664819,RD-278,75,15,Car,Very High,Fog,2427,Wet,No,None,No,35.23,70.28,2023,2,8,9,Wednesday,0,0
3263,2020-03-16 21:13:00,25.72396295,93.4494757,RD-357,148,43,Bus,Low,Snow,746,Wet,No,None,No,32.58,61.39,2020,3,16,21,Monday,0,0
3264,2019-01-16 20:16:00,17.09095723,90.52588757,RD-251,204,98,Bike,Medium,Snow,5365,Wet,No,None,No,20.54,83.92,2019,1,16,20,Wednesday,0,0
3265,2019-06-20 03:37:00,8.462890178,96.33387866,RD-98,298,67,Bike,Low,Rain,8299,Dry,No,None,No,43.78,39.86,2019,6,20,3,Thursday,0,0
3266,2021-09-09 14:52:00,20.49594428,68.58036651,RD-291,467,32,Car,Medium,Rain,6829,Wet,No,None,No,22.07,78.25,2021,9,9,14,Thursday,0,0
3267,2022-04-21 22:52:00,16.89624637,74.02703162,RD-96,318,88,Mixed,Very High,Storm,3314,Dry,No,None,No,34.23,77.52,2022,4,21,22,Thursday,0,0
3268,2018-11-04 06:11:00,24.72161315,94.98292633,RD-279,438,51,Truck,High,Storm,1955,Slippery,No,None,Yes,36.82,37.63,2018,11,4,6,Sunday,0,1
3269,2021-03-06 05:21:00,34.96460484,90.9743864,RD-179,204,113,Bus,Medium,Fog,7456,Wet,No,None,Yes,38.85,53.91,2021,3,6,5,Saturday,0,1
3270,2021-07-01 23:58:00,16.92812375,75.75351964,RD-166,132,51,Bike,Medium,Rain,9375,Under Maintenance,No,None,No,40.66,40.21,2021,7,1,23,Thursday,0,0
3271,2019-12-22 03:41:00,36.91695903,96.253153,RD-375,304,114,Mixed,Medium,Storm,8698,Wet,No,None,No,27.6,45.28,2019,12,22,3,Sunday,0,0
3272,2023-11-23 19:37:00,10.49530057,93.22654979,RD-240,258,106,Car,Very High,Snow,1565,Dry,Yes,None,Yes,20.3,45.79,2023,11,23,19,Thursday,1,1
3273,2020-01-26 09:55:00,10.56006674,69.87505957,RD-141,430,8,Bike,Very High,Rain,1561,Under Maintenance,No,None,No,41.7,63.37,2020,1,26,9,Sunday,0,0
3274,2021-03-09 00:42:00,28.67583814,91.5279855,RD-445,107,65,Mixed,Low,Snow,7551,Slippery,No,None,No,36.07,54.68,2021,3,9,0,Tuesday,0,0
3275,2023-08-10 05:30:00,29.7103225,90.75014079,RD-426,59,22,Truck,High,Snow,2301,Under Maintenance,No,None,No,45.08,86.86,2023,8,10,5,Thursday,0,0
3276,2018-08-22 22:41:00,20.26326466,74.41343849,RD-307,293,54,Car,High,Fog,7511,Slippery,No,None,Yes,44.64,37.58,2018,8,22,22,Wednesday,0,1
3277,2018-10-11 16:32:00,16.2953803,87.40814882,RD-469,279,97,Mixed,Low,Rain,1546,Wet,No,None,No,45.3,88.42,2018,10,11,16,Thursday,0,0
3278,2023-01-21 05:09:00,31.0260601,96.13655165,RD-441,317,40,Mixed,Medium,Snow,8136,Slippery,No,None,No,34.55,43.84,2023,1,21,5,Saturday,0,0
3279,2020-06-23 04:00:00,35.7309294,87.6001951,RD-284,387,95,Bike,Very High,Fog,2857,Under Maintenance,No,None,No,30.01,76.37,2020,6,23,4,Tuesday,0,0
3280,2021-07-17 21:03:00,36.70715491,91.5991905,RD-83,101,5,Truck,High,Clear,9908,Dry,No,None,Yes,43.75,50.34,2021,7,17,21,Saturday,0,1
3281,2020-03-30 04:43:00,26.39916833,70.88220907,RD-36,39,39,Car,High,Clear,3169,Dry,No,None,Yes,33.54,38.58,2020,3,30,4,Monday,0,1
3282,2018-04-22 18:42:00,29.46332723,89.09630489,RD-272,167,9,Car,High,Snow,4277,Under Maintenance,No,None,No,25.5,81.47,2018,4,22,18,Sunday,0,0
3283,2023-10-18 02:57:00,31.84515126,73.9378867,RD-80,130,10,Truck,Medium,Snow,8835,Dry,No,None,Yes,45.65,48.53,2023,10,18,2,Wednesday,0,1
3284,2019-10-26 01:50:00,31.16722472,70.083771,RD-231,164,64,Bus,Low,Clear,5813,Under Maintenance,No,None,No,46.48,69.53,2019,10,26,1,Saturday,0,0
3285,2023-05-19 01:40:00,36.80837678,84.01024531,RD-152,75,104,Bike,Low,Storm,8939,Dry,No,None,No,33.99,63.99,2023,5,19,1,Friday,0,0
3286,2018-01-29 06:00:00,31.50252372,89.76772227,RD-420,110,9,Mixed,High,Fog,3280,Dry,No,None,Yes,22.27,58.31,2018,1,29,6,Monday,0,1
3287,2021-04-07 12:01:00,27.21460045,83.8556011,RD-135,342,112,Bike,Medium,Snow,7272,Under Maintenance,No,None,No,31.63,59.75,2021,4,7,12,Wednesday,0,0
3288,2023-03-11 05:02:00,18.91026225,95.01630935,RD-278,304,36,Truck,Very High,Clear,8701,Under Maintenance,Yes,Major,No,44.11,73.93,2023,3,11,5,Saturday,1,0
3289,2021-06-27 09:54:00,25.34161159,88.17432402,RD-188,435,43,Mixed,High,Clear,9611,Slippery,No,None,No,47.05,35.27,2021,6,27,9,Sunday,0,0
3290,2019-05-23 05:43:00,33.53042406,71.4096699,RD-233,293,113,Bus,Low,Clear,3597,Under Maintenance,No,None,No,26.1,70.09,2019,5,23,5,Thursday,0,0
3291,2022-08-20 19:36:00,16.85892182,95.10102763,RD-1,93,99,Truck,Medium,Clear,2964,Under Maintenance,Yes,Fatal,No,22.01,83.75,2022,8,20,19,Saturday,1,0
3292,2021-10-24 10:35:00,8.888924094,72.43375149,RD-398,328,44,Bike,Low,Clear,1552,Slippery,No,None,No,46.32,33.47,2021,10,24,10,Sunday,0,0
3293,2020-04-15 02:43:00,17.48828403,89.98940786,RD-327,368,113,Mixed,High,Clear,3834,Wet,Yes,Minor,No,31.68,38.44,2020,4,15,2,Wednesday,1,0
3294,2022-07-26 02:15:00,35.84667171,72.3077667,RD-260,64,112,Car,Very High,Snow,9797,Wet,No,None,No,36.25,73.0,2022,7,26,2,Tuesday,0,0
3295,2022-03-15 07:43:00,31.02795957,96.958828,RD-195,251,46,Mixed,Low,Fog,5977,Slippery,No,None,No,49.04,56.24,2022,3,15,7,Tuesday,0,0
3296,2019-05-31 12:30:00,13.42705654,77.63343774,RD-376,155,78,Mixed,Medium,Clear,6369,Slippery,No,None,No,22.0,54.21,2019,5,31,12,Friday,0,0
3297,2019-12-28 13:00:00,8.348028301,82.38195034,RD-95,171,99,Truck,Very High,Clear,7838,Wet,No,None,No,39.45,38.22,2019,12,28,13,Saturday,0,0
3298,2023-05-01 14:53:00,27.40446303,81.5382877,RD-453,194,12,Bus,Medium,Clear,5708,Wet,No,None,No,22.22,60.41,2023,5,1,14,Monday,0,0
3299,2022-03-24 00:45:00,24.79125299,70.95501894,RD-10,377,95,Mixed,Medium,Clear,9846,Dry,No,None,No,31.26,37.59,2022,3,24,0,Thursday,0,0
3300,2020-05-18 05:12:00,10.40647745,82.326435,RD-318,182,33,Mixed,Low,Clear,7407,Slippery,No,None,No,44.11,58.6,2020,5,18,5,Monday,0,0
3301,2018-09-16 21:46:00,36.01389637,72.33567383,RD-439,90,64,Bus,Medium,Rain,2063,Slippery,No,None,No,33.0,75.82,2018,9,16,21,Sunday,0,0
3302,2023-11-24 02:35:00,25.91600292,91.25744372,RD-187,431,82,Bus,Low,Rain,5078,Slippery,No,None,No,49.92,45.5,2023,11,24,2,Friday,0,0
3303,2019-01-08 03:45:00,26.89410845,95.79108957,RD-398,416,27,Mixed,Medium,Clear,2650,Slippery,No,None,No,36.77,58.85,2019,1,8,3,Tuesday,0,0
3304,2020-10-26 16:27:00,32.75433605,91.4336948,RD-318,40,8,Car,Low,Clear,2090,Dry,No,None,No,29.63,89.52,2020,10,26,16,Monday,0,0
3305,2022-04-20 02:25:00,17.77483479,80.50085587,RD-123,402,38,Car,Low,Storm,364,Under Maintenance,No,None,Yes,26.6,71.2,2022,4,20,2,Wednesday,0,1
3306,2021-08-07 15:22:00,24.18933656,68.06877051,RD-165,300,109,Car,Very High,Storm,3475,Slippery,No,None,No,30.52,80.48,2021,8,7,15,Saturday,0,0
3307,2022-07-19 15:21:00,24.70946148,69.06266036,RD-370,418,42,Truck,Low,Fog,2071,Dry,No,None,Yes,31.18,54.89,2022,7,19,15,Tuesday,0,1
3308,2019-03-11 21:42:00,36.05331116,82.3560192,RD-33,176,65,Truck,Medium,Rain,7303,Slippery,No,None,Yes,22.06,76.07,2019,3,11,21,Monday,0,1
3309,2020-05-29 00:03:00,11.81310849,87.70513174,RD-338,423,31,Car,Low,Snow,9903,Wet,Yes,Fatal,No,31.09,32.43,2020,5,29,0,Friday,1,0
3310,2019-10-25 03:24:00,30.00847909,91.76590789,RD-496,270,87,Car,Very High,Fog,540,Slippery,No,None,No,33.93,37.37,2019,10,25,3,Friday,0,0
3311,2020-09-01 20:04:00,24.67938505,85.38641382,RD-276,165,35,Car,Medium,Fog,3908,Wet,No,None,No,41.68,42.18,2020,9,1,20,Tuesday,0,0
3312,2018-12-29 16:23:00,32.51599193,96.37108066,RD-420,126,7,Bus,Very High,Clear,9755,Wet,No,None,No,39.7,54.12,2018,12,29,16,Saturday,0,0
3313,2018-03-06 14:33:00,32.12660016,82.31956294,RD-199,16,97,Bike,High,Clear,2051,Slippery,No,None,Yes,41.26,80.74,2018,3,6,14,Tuesday,0,1
3314,2018-03-07 23:37:00,8.348878748,85.4008352,RD-98,371,81,Truck,Medium,Snow,4417,Dry,No,None,No,20.25,50.78,2018,3,7,23,Wednesday,0,0
3315,2018-10-11 22:08:00,15.43718554,74.67296737,RD-269,255,31,Truck,High,Storm,6521,Under Maintenance,No,None,No,26.53,69.28,2018,10,11,22,Thursday,0,0
3316,2018-07-04 12:11:00,13.24370294,77.85015397,RD-350,385,47,Truck,Medium,Clear,4189,Slippery,No,None,Yes,39.85,72.56,2018,7,4,12,Wednesday,0,1
3317,2020-09-08 14:58:00,21.38960879,87.81082043,RD-255,435,64,Bike,High,Rain,9715,Slippery,No,None,No,34.52,65.17,2020,9,8,14,Tuesday,0,0
3318,2022-05-26 07:04:00,34.2533364,85.44759868,RD-393,307,100,Mixed,Low,Snow,6888,Slippery,No,None,No,20.16,51.43,2022,5,26,7,Thursday,0,0
3319,2018-03-31 16:18:00,8.145175644,78.71981752,RD-283,322,50,Truck,High,Snow,1827,Slippery,No,None,Yes,44.13,64.62,2018,3,31,16,Saturday,0,1
3320,2019-12-05 10:24:00,22.1575673,71.24747664,RD-79,239,117,Mixed,Very High,Clear,2735,Under Maintenance,No,None,No,43.18,50.54,2019,12,5,10,Thursday,0,0
3321,2018-07-23 21:47:00,33.65900962,77.93584123,RD-314,348,118,Bus,Very High,Snow,4026,Under Maintenance,No,None,No,36.45,35.03,2018,7,23,21,Monday,0,0
3322,2023-11-03 23:20:00,34.86016064,69.28051211,RD-145,457,41,Car,High,Storm,1945,Slippery,No,None,No,21.99,89.57,2023,11,3,23,Friday,0,0
3323,2021-05-23 19:43:00,27.0616595,84.84224955,RD-166,133,71,Car,Low,Clear,6850,Wet,No,None,No,43.0,37.63,2021,5,23,19,Sunday,0,0
3324,2022-02-16 14:11:00,32.06281663,77.36744881,RD-210,226,107,Bus,High,Storm,2369,Slippery,No,None,No,37.51,34.34,2022,2,16,14,Wednesday,0,0
3325,2021-03-31 18:03:00,17.39797763,79.01560675,RD-329,328,10,Car,Medium,Storm,1083,Slippery,No,None,Yes,43.46,82.71,2021,3,31,18,Wednesday,0,1
3326,2023-05-18 10:30:00,16.29282463,84.67755841,RD-165,27,63,Bus,Medium,Rain,7300,Slippery,No,None,No,42.55,48.11,2023,5,18,10,Thursday,0,0
3327,2020-04-26 18:02:00,9.424469766,84.85734615,RD-57,126,7,Car,High,Clear,4978,Under Maintenance,No,None,Yes,44.09,69.02,2020,4,26,18,Sunday,0,1
3328,2019-05-03 17:10:00,22.59287607,85.06195603,RD-50,248,81,Bus,High,Rain,2735,Dry,No,None,No,35.54,49.74,2019,5,3,17,Friday,0,0
3329,2022-08-04 10:13:00,21.21912836,82.25614507,RD-268,99,15,Bus,Medium,Rain,9850,Under Maintenance,No,None,Yes,24.21,53.49,2022,8,4,10,Thursday,0,1
3330,2019-03-02 11:18:00,18.78554923,82.15555057,RD-338,438,31,Car,Medium,Snow,830,Wet,No,None,Yes,40.13,45.73,2019,3,2,11,Saturday,0,1
3331,2020-06-03 02:12:00,11.28668888,91.81536388,RD-35,285,6,Mixed,High,Fog,8384,Under Maintenance,No,None,No,38.61,50.58,2020,6,3,2,Wednesday,0,0
3332,2019-03-13 04:22:00,14.69213161,81.55907914,RD-23,11,68,Truck,Low,Clear,5210,Dry,No,None,Yes,42.27,54.64,2019,3,13,4,Wednesday,0,1
3333,2023-11-02 17:13:00,13.90659286,83.54487465,RD-428,329,108,Truck,Low,Storm,3077,Under Maintenance,No,None,Yes,25.1,73.22,2023,11,2,17,Thursday,0,1
3334,2020-03-07 20:49:00,35.37508366,96.65866642,RD-481,295,48,Bike,Medium,Snow,624,Dry,No,None,No,25.85,60.69,2020,3,7,20,Saturday,0,0
3335,2021-02-03 16:09:00,36.02734978,73.2504515,RD-67,159,80,Bike,Very High,Rain,6167,Under Maintenance,Yes,Minor,No,46.71,86.61,2021,2,3,16,Wednesday,1,0
3336,2021-05-14 18:39:00,8.099226541,89.0662085,RD-92,261,59,Car,Low,Rain,2502,Under Maintenance,No,None,No,42.5,32.51,2021,5,14,18,Friday,0,0
3337,2022-08-07 11:14:00,12.94588913,81.72242813,RD-448,115,115,Truck,High,Clear,6475,Under Maintenance,No,None,No,47.25,60.18,2022,8,7,11,Sunday,0,0
3338,2020-02-05 14:42:00,33.77464321,92.08570872,RD-17,384,44,Bike,Medium,Snow,3283,Wet,No,None,Yes,42.76,65.05,2020,2,5,14,Wednesday,0,1
3339,2018-05-09 16:46:00,9.111862455,79.71694432,RD-104,299,80,Truck,Low,Storm,9826,Slippery,No,None,No,37.91,85.21,2018,5,9,16,Wednesday,0,0
3340,2020-04-19 11:34:00,35.36009387,76.78669338,RD-55,134,27,Bus,Low,Rain,213,Wet,No,None,Yes,39.62,32.95,2020,4,19,11,Sunday,0,1
3341,2022-08-10 15:59:00,19.02187498,74.02579964,RD-249,172,68,Mixed,Low,Snow,3287,Wet,No,None,Yes,46.67,64.41,2022,8,10,15,Wednesday,0,1
3342,2022-05-20 11:05:00,23.62188711,93.2948775,RD-99,391,99,Bus,Very High,Storm,3260,Slippery,No,None,No,37.36,81.22,2022,5,20,11,Friday,0,0
3343,2020-08-08 14:31:00,30.15076901,88.83152543,RD-51,206,61,Bike,Medium,Snow,1316,Under Maintenance,No,None,No,38.97,44.52,2020,8,8,14,Saturday,0,0
3344,2020-05-23 05:17:00,15.07324764,70.2301131,RD-17,322,14,Bike,High,Rain,1619,Under Maintenance,No,None,No,24.69,82.58,2020,5,23,5,Saturday,0,0
3345,2022-05-18 06:37:00,10.91954623,88.69121685,RD-293,24,39,Car,High,Rain,2684,Wet,No,None,No,34.22,31.14,2022,5,18,6,Wednesday,0,0
3346,2019-10-11 20:23:00,31.48849779,69.0154533,RD-329,304,10,Mixed,Medium,Storm,4296,Slippery,No,None,Yes,41.49,73.95,2019,10,11,20,Friday,0,1
3347,2020-06-06 13:15:00,36.55416597,73.26716606,RD-429,472,93,Mixed,Very High,Snow,8143,Slippery,No,None,No,28.13,85.99,2020,6,6,13,Saturday,0,0
3348,2021-06-07 10:13:00,27.10456255,85.19113348,RD-199,37,99,Truck,Low,Rain,4159,Under Maintenance,No,None,Yes,26.07,69.43,2021,6,7,10,Monday,0,1
3349,2018-12-12 03:21:00,31.931505,81.44179963,RD-337,21,58,Car,Very High,Snow,1824,Under Maintenance,No,None,Yes,29.41,56.34,2018,12,12,3,Wednesday,0,1
3350,2021-10-14 18:17:00,35.29805938,92.37402386,RD-251,204,98,Mixed,High,Clear,2986,Under Maintenance,No,None,No,27.25,32.69,2021,10,14,18,Thursday,0,0
3351,2019-06-09 20:43:00,14.62881366,85.62882097,RD-270,275,83,Bike,Low,Storm,1357,Slippery,No,None,No,26.45,85.21,2019,6,9,20,Sunday,0,0
3352,2019-02-24 09:04:00,18.16177267,95.98426231,RD-320,365,114,Bus,High,Fog,6340,Wet,No,None,No,32.75,58.22,2019,2,24,9,Sunday,0,0
3353,2022-12-12 19:07:00,14.35175613,92.80032287,RD-360,272,71,Bus,High,Storm,4998,Under Maintenance,No,None,No,47.24,31.74,2022,12,12,19,Monday,0,0
3354,2022-01-05 21:58:00,9.791729387,77.86624363,RD-303,180,86,Mixed,High,Rain,9410,Slippery,No,None,Yes,35.21,71.39,2022,1,5,21,Wednesday,0,1
3355,2019-01-16 00:25:00,29.23599812,92.19037744,RD-132,346,60,Bus,Very High,Snow,2369,Dry,Yes,None,No,25.64,58.91,2019,1,16,0,Wednesday,1,0
3356,2018-03-23 21:01:00,12.22407051,93.22812347,RD-26,285,85,Bike,Low,Storm,720,Under Maintenance,No,None,No,22.31,37.46,2018,3,23,21,Friday,0,0
3357,2019-02-17 15:04:00,10.68857251,96.12202473,RD-188,312,64,Truck,Low,Fog,3579,Wet,No,None,No,40.88,42.86,2019,2,17,15,Sunday,0,0
3358,2018-11-10 06:53:00,18.37141125,68.36432489,RD-114,250,18,Bike,Very High,Clear,2720,Dry,Yes,Fatal,Yes,31.48,33.87,2018,11,10,6,Saturday,1,1
3359,2023-06-14 17:29:00,9.756127312,93.36758484,RD-311,254,50,Mixed,Low,Rain,4093,Under Maintenance,No,None,Yes,44.65,64.46,2023,6,14,17,Wednesday,0,1
3360,2018-03-31 21:00:00,13.2071912,70.02696415,RD-368,37,20,Bike,Low,Snow,2221,Dry,No,None,No,39.79,67.32,2018,3,31,21,Saturday,0,0
3361,2022-07-25 12:00:00,10.02829502,83.31536036,RD-37,213,119,Bike,Low,Clear,5398,Under Maintenance,No,None,No,43.89,60.34,2022,7,25,12,Monday,0,0
3362,2020-05-05 18:57:00,33.4410564,80.02524265,RD-7,283,31,Bus,Very High,Rain,4093,Dry,No,None,No,28.16,79.03,2020,5,5,18,Tuesday,0,0
3363,2018-08-01 09:26:00,30.61229731,94.67656701,RD-477,322,111,Truck,Medium,Storm,2375,Wet,No,None,Yes,40.77,81.66,2018,8,1,9,Wednesday,0,1
3364,2023-05-30 11:08:00,32.92592942,79.74940336,RD-472,374,41,Car,High,Storm,5729,Slippery,No,None,No,27.92,66.94,2023,5,30,11,Tuesday,0,0
3365,2018-10-17 15:51:00,33.18160119,85.28523754,RD-107,444,101,Mixed,High,Fog,9260,Under Maintenance,No,None,Yes,48.17,30.77,2018,10,17,15,Wednesday,0,1
3366,2018-12-03 03:50:00,35.39076262,88.0644815,RD-336,46,65,Mixed,Very High,Clear,3256,Dry,No,None,No,39.09,71.71,2018,12,3,3,Monday,0,0
3367,2023-05-30 10:54:00,13.4129824,68.55186294,RD-252,469,24,Bike,Medium,Storm,1904,Dry,No,None,No,29.74,55.08,2023,5,30,10,Tuesday,0,0
3368,2019-06-21 08:15:00,34.10026286,85.13700636,RD-476,401,29,Bus,High,Fog,6866,Slippery,No,None,No,28.09,63.93,2019,6,21,8,Friday,0,0
3369,2021-01-25 19:24:00,23.22612816,83.02176322,RD-456,263,54,Bus,Medium,Snow,5382,Slippery,No,None,Yes,25.73,68.94,2021,1,25,19,Monday,0,1
3370,2023-08-10 15:56:00,12.82069973,85.22625055,RD-427,369,62,Mixed,Medium,Snow,8802,Dry,No,None,No,40.84,51.01,2023,8,10,15,Thursday,0,0
3371,2019-04-28 06:49:00,27.01742793,70.19657768,RD-41,114,82,Car,Very High,Clear,6382,Dry,No,None,No,26.56,85.03,2019,4,28,6,Sunday,0,0
3372,2019-05-05 05:04:00,17.48301514,69.61119273,RD-240,252,41,Car,Medium,Snow,9180,Wet,No,None,No,37.86,38.04,2019,5,5,5,Sunday,0,0
3373,2020-08-17 14:39:00,9.347614845,73.14878579,RD-411,476,9,Truck,High,Storm,5109,Slippery,No,None,No,27.94,70.29,2020,8,17,14,Monday,0,0
3374,2021-06-03 15:01:00,10.28079158,93.21551959,RD-328,109,58,Bike,Medium,Snow,1638,Under Maintenance,Yes,Minor,No,39.86,30.26,2021,6,3,15,Thursday,1,0
3375,2022-08-07 10:59:00,20.28776353,78.33766098,RD-32,463,41,Mixed,High,Storm,3858,Slippery,No,None,No,44.45,85.48,2022,8,7,10,Sunday,0,0
3376,2022-10-04 19:58:00,31.96802289,80.58694397,RD-185,256,78,Car,Low,Fog,5114,Wet,Yes,Minor,No,43.34,36.75,2022,10,4,19,Tuesday,1,0
3377,2020-10-23 05:53:00,17.0198053,79.31482215,RD-286,485,14,Car,Very High,Storm,1844,Wet,No,None,No,42.83,35.69,2020,10,23,5,Friday,0,0
3378,2019-10-11 06:00:00,30.21765003,88.71673377,RD-381,53,13,Bus,Low,Storm,9039,Wet,No,None,Yes,25.63,49.98,2019,10,11,6,Friday,0,1
3379,2020-08-05 14:17:00,9.616574923,75.52479099,RD-481,74,82,Truck,Medium,Clear,8474,Dry,No,None,Yes,22.65,52.41,2020,8,5,14,Wednesday,0,1
3380,2023-03-11 11:34:00,19.41824254,69.98340721,RD-456,187,37,Mixed,Medium,Snow,7847,Wet,No,None,No,40.97,42.86,2023,3,11,11,Saturday,0,0
3381,2020-06-30 15:26:00,11.69576735,78.96707191,RD-213,156,97,Truck,Very High,Storm,4513,Wet,No,None,No,31.05,65.11,2020,6,30,15,Tuesday,0,0
3382,2019-03-12 12:50:00,33.04290173,89.10723052,RD-421,58,28,Car,Low,Clear,3132,Dry,No,None,No,32.97,56.57,2019,3,12,12,Tuesday,0,0
3383,2021-02-25 17:46:00,36.070208,94.53407291,RD-189,76,74,Truck,Low,Clear,8937,Dry,No,None,No,20.93,32.05,2021,2,25,17,Thursday,0,0
3384,2023-10-15 16:22:00,17.44285563,69.47382536,RD-407,493,61,Car,Low,Clear,1386,Under Maintenance,No,None,No,27.79,49.18,2023,10,15,16,Sunday,0,0
3385,2022-09-07 12:06:00,36.67701716,91.50438751,RD-363,356,30,Bus,Very High,Rain,977,Slippery,No,None,No,21.01,78.63,2022,9,7,12,Wednesday,0,0
3386,2022-05-25 15:58:00,29.81691925,69.91922449,RD-30,55,43,Bike,Medium,Clear,6686,Dry,No,None,No,46.38,71.38,2022,5,25,15,Wednesday,0,0
3387,2021-07-09 09:03:00,8.035783083,77.58915792,RD-422,79,48,Mixed,Low,Clear,1022,Slippery,No,None,No,27.3,73.49,2021,7,9,9,Friday,0,0
3388,2019-05-23 18:18:00,22.0728815,68.64674432,RD-316,423,68,Bike,Medium,Storm,2372,Wet,No,None,Yes,36.72,71.89,2019,5,23,18,Thursday,0,1
3389,2019-01-29 15:35:00,32.18891847,94.43470927,RD-137,430,115,Truck,Medium,Clear,2551,Slippery,No,None,No,21.17,48.66,2019,1,29,15,Tuesday,0,0
3390,2023-09-01 02:18:00,23.48238606,88.49688086,RD-271,356,52,Car,Medium,Clear,6320,Dry,No,None,No,40.01,35.98,2023,9,1,2,Friday,0,0
3391,2022-11-25 20:32:00,23.94886249,78.70492173,RD-21,463,71,Bike,Very High,Rain,9675,Slippery,No,None,No,29.69,46.35,2022,11,25,20,Friday,0,0
3392,2022-01-23 11:55:00,20.98328907,78.9462409,RD-376,118,52,Bus,High,Rain,5082,Under Maintenance,No,None,No,46.94,79.91,2022,1,23,11,Sunday,0,0
3393,2020-07-19 21:05:00,19.45612722,86.55544304,RD-37,370,44,Truck,Very High,Clear,1283,Under Maintenance,No,None,No,46.64,88.83,2020,7,19,21,Sunday,0,0
3394,2023-12-16 13:19:00,8.794505977,70.59980084,RD-428,218,50,Truck,Medium,Clear,2714,Slippery,No,None,Yes,29.76,59.63,2023,12,16,13,Saturday,0,1
3395,2022-07-21 09:44:00,26.03025877,72.20641031,RD-156,312,100,Bike,Very High,Storm,2737,Under Maintenance,No,None,No,47.03,30.58,2022,7,21,9,Thursday,0,0
3396,2022-09-01 06:13:00,30.23506376,92.56950214,RD-40,487,94,Truck,Low,Storm,5352,Under Maintenance,No,None,No,49.88,38.4,2022,9,1,6,Thursday,0,0
3397,2021-09-25 11:22:00,30.91515745,73.8670795,RD-484,216,7,Mixed,Low,Rain,2813,Slippery,No,None,No,44.76,49.32,2021,9,25,11,Saturday,0,0
3398,2023-06-25 08:25:00,26.11444806,89.07332553,RD-111,390,80,Bike,Very High,Storm,8812,Dry,No,None,Yes,45.35,64.72,2023,6,25,8,Sunday,0,1
3399,2018-11-30 02:40:00,17.89704024,74.54828418,RD-492,92,18,Bike,Medium,Snow,3125,Slippery,No,None,Yes,27.47,34.51,2018,11,30,2,Friday,0,1
3400,2018-04-30 01:01:00,8.655680386,70.5562432,RD-266,295,87,Bus,High,Fog,5273,Under Maintenance,Yes,None,No,37.3,86.6,2018,4,30,1,Monday,1,0
3401,2019-03-19 07:51:00,33.97760687,94.10093853,RD-50,369,8,Truck,High,Rain,234,Wet,No,None,Yes,22.02,51.91,2019,3,19,7,Tuesday,0,1
3402,2023-07-22 05:42:00,20.44234033,94.14851071,RD-52,466,16,Bus,Medium,Rain,8830,Under Maintenance,No,None,No,22.85,84.76,2023,7,22,5,Saturday,0,0
3403,2020-02-12 10:48:00,25.43408801,85.55404503,RD-372,132,103,Truck,High,Storm,7520,Wet,No,None,Yes,49.97,76.83,2020,2,12,10,Wednesday,0,1
3404,2023-11-01 10:11:00,13.64212618,81.39898149,RD-119,427,27,Bike,Medium,Fog,3119,Wet,No,None,Yes,29.8,75.33,2023,11,1,10,Wednesday,0,1
3405,2021-04-30 19:17:00,12.11671582,84.03003775,RD-273,247,116,Truck,Very High,Fog,8150,Wet,No,None,Yes,42.45,66.4,2021,4,30,19,Friday,0,1
3406,2022-11-02 14:23:00,10.51771367,79.83569538,RD-198,355,7,Bus,Low,Clear,5340,Slippery,No,None,No,44.2,67.61,2022,11,2,14,Wednesday,0,0
3407,2020-01-08 21:12:00,31.16419095,89.95806386,RD-98,375,7,Bike,Very High,Rain,8360,Wet,No,None,Yes,45.74,68.28,2020,1,8,21,Wednesday,0,1
3408,2019-03-12 18:22:00,26.74736068,89.8822605,RD-99,366,107,Truck,High,Clear,5077,Slippery,No,None,No,49.93,67.72,2019,3,12,18,Tuesday,0,0
3409,2023-10-10 09:53:00,26.01361851,91.75040868,RD-270,70,46,Bus,Medium,Storm,3563,Dry,No,None,No,27.24,63.22,2023,10,10,9,Tuesday,0,0
3410,2022-03-09 23:53:00,34.66253468,83.1648563,RD-337,393,84,Truck,High,Fog,3317,Slippery,No,None,No,21.21,89.18,2022,3,9,23,Wednesday,0,0
3411,2023-10-05 02:59:00,12.60265494,91.23891399,RD-128,172,81,Bus,High,Clear,9648,Dry,No,None,No,32.34,73.94,2023,10,5,2,Thursday,0,0
3412,2019-07-26 08:11:00,12.9378112,72.5158393,RD-292,243,23,Mixed,High,Fog,3921,Dry,No,None,Yes,23.9,76.62,2019,7,26,8,Friday,0,1
3413,2021-08-12 07:50:00,13.49460534,68.87390717,RD-321,75,32,Bus,Very High,Clear,694,Under Maintenance,Yes,Major,Yes,20.67,82.35,2021,8,12,7,Thursday,1,1
3414,2019-06-08 00:18:00,20.27771348,86.79353841,RD-486,22,42,Car,Very High,Clear,8961,Wet,No,None,No,30.81,42.94,2019,6,8,0,Saturday,0,0
3415,2022-03-02 16:19:00,33.35243032,71.05880452,RD-92,69,13,Truck,Low,Fog,6155,Wet,No,None,No,43.51,35.03,2022,3,2,16,Wednesday,0,0
3416,2018-05-01 21:43:00,33.56274966,83.96942742,RD-286,116,60,Car,Very High,Storm,4025,Dry,No,None,Yes,36.99,58.97,2018,5,1,21,Tuesday,0,1
3417,2023-08-26 02:58:00,25.12704436,88.9126237,RD-384,372,114,Mixed,Low,Snow,5850,Wet,No,None,No,29.38,60.84,2023,8,26,2,Saturday,0,0
3418,2018-07-18 11:34:00,27.08614404,79.80547736,RD-286,274,21,Bus,High,Snow,1455,Slippery,No,None,No,39.63,79.75,2018,7,18,11,Wednesday,0,0
3419,2023-08-15 18:45:00,34.03510796,69.27230865,RD-213,414,11,Bike,Low,Rain,7767,Under Maintenance,No,None,No,26.96,56.63,2023,8,15,18,Tuesday,0,0
3420,2020-09-01 04:02:00,26.10234971,93.72681061,RD-383,434,76,Bike,Low,Snow,3495,Wet,No,None,No,20.43,64.25,2020,9,1,4,Tuesday,0,0
3421,2023-10-24 22:33:00,14.66419066,69.25410621,RD-55,117,105,Bus,Very High,Fog,7697,Slippery,No,None,Yes,42.93,61.62,2023,10,24,22,Tuesday,0,1
3422,2018-02-27 06:03:00,28.44250798,94.23782279,RD-393,330,80,Mixed,Very High,Rain,983,Wet,No,None,No,38.71,32.29,2018,2,27,6,Tuesday,0,0
3423,2023-04-03 19:36:00,30.32683245,69.52628705,RD-327,477,58,Bus,High,Snow,8079,Slippery,No,None,No,42.87,66.91,2023,4,3,19,Monday,0,0
3424,2022-08-29 22:20:00,26.42499407,89.31962546,RD-296,186,32,Bike,Very High,Snow,9008,Under Maintenance,No,None,No,21.17,79.68,2022,8,29,22,Monday,0,0
3425,2021-02-07 05:18:00,15.93351444,94.8205561,RD-184,334,70,Bike,Very High,Clear,2469,Dry,No,None,No,45.11,39.45,2021,2,7,5,Sunday,0,0
3426,2020-10-07 12:21:00,19.59761764,94.3024291,RD-346,277,116,Bike,Very High,Clear,2255,Wet,No,None,No,38.59,65.66,2020,10,7,12,Wednesday,0,0
3427,2022-05-10 05:55:00,21.64717982,93.90816233,RD-235,244,32,Bus,High,Snow,4810,Slippery,No,None,No,36.9,65.62,2022,5,10,5,Tuesday,0,0
3428,2018-12-07 05:29:00,12.21365413,93.60928007,RD-360,414,29,Mixed,Very High,Rain,7291,Slippery,No,None,No,38.74,39.85,2018,12,7,5,Friday,0,0
3429,2022-08-13 09:01:00,21.11447438,82.8018822,RD-341,326,95,Mixed,High,Fog,5754,Under Maintenance,No,None,No,45.93,37.41,2022,8,13,9,Saturday,0,0
3430,2021-09-18 03:58:00,12.67472528,84.17303425,RD-219,121,103,Mixed,Medium,Snow,4755,Under Maintenance,No,None,Yes,37.61,88.8,2021,9,18,3,Saturday,0,1
3431,2018-01-17 02:38:00,22.48410058,85.97180672,RD-453,304,83,Bike,Low,Fog,9860,Slippery,Yes,None,No,37.43,53.62,2018,1,17,2,Wednesday,1,0
3432,2023-03-01 13:24:00,9.473511998,93.98250356,RD-54,224,53,Truck,Medium,Rain,9210,Dry,No,None,No,49.72,43.65,2023,3,1,13,Wednesday,0,0
3433,2018-01-05 11:52:00,35.50741327,92.30665217,RD-86,465,52,Bus,Medium,Storm,3055,Dry,No,None,No,42.7,40.28,2018,1,5,11,Friday,0,0
3434,2018-10-12 18:23:00,15.14400106,90.70637844,RD-406,287,103,Bike,Medium,Rain,3021,Under Maintenance,No,None,No,33.27,70.06,2018,10,12,18,Friday,0,0
3435,2018-09-19 16:49:00,21.54341499,87.59600199,RD-93,99,51,Mixed,Low,Storm,2862,Slippery,No,None,No,41.22,66.57,2018,9,19,16,Wednesday,0,0
3436,2018-05-30 09:12:00,8.949813119,85.93312794,RD-282,348,66,Bus,Very High,Clear,7510,Wet,No,None,No,31.68,68.61,2018,5,30,9,Wednesday,0,0
3437,2023-11-30 02:34:00,13.58892414,94.75153885,RD-206,322,37,Mixed,High,Fog,3957,Wet,No,None,No,26.87,35.28,2023,11,30,2,Thursday,0,0
3438,2023-07-21 08:49:00,28.10410476,73.58668143,RD-259,216,112,Car,Very High,Clear,5698,Dry,No,None,No,37.91,83.61,2023,7,21,8,Friday,0,0
3439,2020-08-01 04:56:00,11.24221749,73.58902512,RD-173,174,46,Bike,Low,Fog,3855,Slippery,No,None,No,47.85,53.36,2020,8,1,4,Saturday,0,0
3440,2020-12-27 10:36:00,26.21632567,96.49161634,RD-337,50,91,Mixed,High,Rain,2370,Under Maintenance,No,None,Yes,47.87,48.8,2020,12,27,10,Sunday,0,1
3441,2019-09-28 04:55:00,8.059997852,84.04161196,RD-81,222,31,Car,Medium,Snow,8187,Slippery,Yes,Fatal,No,30.26,57.74,2019,9,28,4,Saturday,1,0
3442,2020-05-27 18:56:00,21.48527045,82.01784988,RD-274,124,106,Mixed,Medium,Snow,4255,Under Maintenance,No,None,No,35.83,53.4,2020,5,27,18,Wednesday,0,0
3443,2018-09-16 16:38:00,28.91896558,92.66726587,RD-308,470,12,Bike,Medium,Storm,3943,Wet,No,None,No,26.35,81.81,2018,9,16,16,Sunday,0,0
3444,2022-01-22 10:01:00,34.86249302,92.64326976,RD-227,144,66,Truck,Very High,Snow,3437,Dry,No,None,No,49.87,85.76,2022,1,22,10,Saturday,0,0
3445,2019-06-09 17:56:00,22.29224911,73.12134247,RD-478,354,42,Mixed,Very High,Fog,5118,Slippery,No,None,No,49.43,48.21,2019,6,9,17,Sunday,0,0
3446,2021-02-06 17:21:00,32.37544162,73.0335969,RD-181,42,119,Mixed,Medium,Snow,9290,Dry,Yes,Minor,No,39.49,81.84,2021,2,6,17,Saturday,1,0
3447,2020-06-02 16:02:00,31.27514929,91.06267819,RD-463,12,8,Car,Medium,Clear,2679,Dry,No,None,Yes,44.13,76.89,2020,6,2,16,Tuesday,0,1
3448,2022-12-31 09:06:00,16.57735253,90.78334053,RD-162,48,58,Bike,High,Snow,9130,Slippery,No,None,No,41.45,85.85,2022,12,31,9,Saturday,0,0
3449,2019-03-20 06:54:00,33.36727509,74.53041394,RD-282,361,52,Mixed,Medium,Clear,5716,Under Maintenance,No,None,No,37.79,44.75,2019,3,20,6,Wednesday,0,0
3450,2021-05-20 03:55:00,26.56820641,92.40379395,RD-167,242,73,Bus,Medium,Storm,9543,Slippery,No,None,Yes,21.6,64.62,2021,5,20,3,Thursday,0,1
3451,2019-03-01 21:23:00,11.02135479,81.92148278,RD-433,429,20,Bike,High,Storm,5558,Dry,No,None,No,33.64,46.47,2019,3,1,21,Friday,0,0
3452,2023-08-19 00:18:00,35.2342711,81.62968433,RD-191,177,65,Car,Low,Rain,9969,Dry,No,None,Yes,40.24,79.45,2023,8,19,0,Saturday,0,1
3453,2023-03-02 14:22:00,13.1236255,96.5851142,RD-212,288,22,Car,Very High,Rain,4545,Slippery,No,None,No,40.33,30.32,2023,3,2,14,Thursday,0,0
3454,2022-07-05 21:50:00,21.64046747,83.0572233,RD-392,459,113,Car,Medium,Rain,7766,Under Maintenance,No,None,No,31.19,63.89,2022,7,5,21,Tuesday,0,0
3455,2018-12-08 13:23:00,21.52459618,71.97431598,RD-325,233,49,Bike,High,Clear,3011,Wet,No,None,No,48.25,50.35,2018,12,8,13,Saturday,0,0
3456,2022-10-24 05:48:00,26.13186207,76.12451879,RD-221,311,22,Bike,Very High,Rain,4003,Under Maintenance,Yes,None,No,25.02,49.36,2022,10,24,5,Monday,1,0
3457,2019-12-10 13:31:00,27.2837462,77.67678134,RD-423,15,12,Mixed,Medium,Storm,7002,Under Maintenance,No,None,No,35.01,68.69,2019,12,10,13,Tuesday,0,0
3458,2020-07-05 18:59:00,14.75432706,95.7955412,RD-372,336,33,Car,High,Snow,4752,Dry,No,None,No,40.73,81.09,2020,7,5,18,Sunday,0,0
3459,2020-04-05 14:05:00,18.22083217,75.65708414,RD-166,321,25,Car,Low,Clear,4724,Under Maintenance,No,None,No,40.91,66.55,2020,4,5,14,Sunday,0,0
3460,2023-03-24 16:31:00,12.19311593,80.48168524,RD-312,286,107,Bike,Very High,Rain,5351,Wet,No,None,No,39.46,81.19,2023,3,24,16,Friday,0,0
3461,2019-05-12 10:26:00,11.65445629,89.73943093,RD-124,106,58,Bike,Medium,Rain,4611,Under Maintenance,No,None,No,28.26,45.88,2019,5,12,10,Sunday,0,0
3462,2020-05-02 07:59:00,31.9269533,75.94879295,RD-289,89,95,Bus,Medium,Storm,5401,Dry,No,None,No,24.69,61.17,2020,5,2,7,Saturday,0,0
3463,2020-06-19 03:33:00,29.77091887,88.34761954,RD-280,460,51,Car,Low,Snow,7025,Under Maintenance,No,None,Yes,39.08,57.03,2020,6,19,3,Friday,0,1
3464,2022-10-02 06:53:00,20.83782111,74.01801029,RD-110,291,70,Bike,Very High,Fog,8767,Dry,No,None,No,37.98,30.7,2022,10,2,6,Sunday,0,0
3465,2023-07-15 17:37:00,10.78136923,75.0330068,RD-193,264,72,Bike,Very High,Snow,5536,Dry,No,None,No,25.38,63.41,2023,7,15,17,Saturday,0,0
3466,2022-05-10 00:58:00,21.04773056,96.60362618,RD-393,162,52,Mixed,Low,Rain,3161,Under Maintenance,No,None,No,41.15,69.69,2022,5,10,0,Tuesday,0,0
3467,2018-09-16 13:20:00,16.53921512,78.69938787,RD-282,344,80,Car,Low,Rain,654,Slippery,No,None,No,33.66,65.51,2018,9,16,13,Sunday,0,0
3468,2021-03-05 23:43:00,30.55965739,89.16089735,RD-475,223,84,Bus,Very High,Snow,415,Slippery,No,None,No,40.03,74.18,2021,3,5,23,Friday,0,0
3469,2022-09-17 12:05:00,10.8025407,92.36182981,RD-382,116,93,Bike,High,Snow,2282,Under Maintenance,No,None,No,45.12,64.28,2022,9,17,12,Saturday,0,0
3470,2019-10-08 20:25:00,21.08968806,78.05871716,RD-131,110,27,Mixed,Medium,Storm,4829,Slippery,No,None,No,25.09,34.01,2019,10,8,20,Tuesday,0,0
3471,2021-07-15 01:17:00,25.15022427,78.35791554,RD-185,122,21,Mixed,Very High,Fog,3170,Wet,No,None,No,20.57,36.99,2021,7,15,1,Thursday,0,0
3472,2022-12-31 22:31:00,36.58603234,90.41956535,RD-493,377,65,Truck,High,Clear,1609,Wet,No,None,No,43.37,65.79,2022,12,31,22,Saturday,0,0
3473,2018-06-17 00:07:00,10.5986358,85.60303898,RD-232,201,56,Car,Low,Clear,8196,Wet,No,None,Yes,38.29,46.5,2018,6,17,0,Sunday,0,1
3474,2019-08-20 09:45:00,11.30485369,78.49080558,RD-230,477,46,Mixed,Medium,Fog,914,Slippery,No,None,Yes,40.99,34.78,2019,8,20,9,Tuesday,0,1
3475,2018-04-08 12:13:00,36.65342565,89.73741584,RD-492,190,115,Bus,Low,Storm,9825,Dry,No,None,No,45.14,55.78,2018,4,8,12,Sunday,0,0
3476,2022-11-04 02:26:00,19.76312948,93.04744519,RD-204,59,55,Car,Low,Snow,3662,Under Maintenance,No,None,No,44.08,63.26,2022,11,4,2,Friday,0,0
3477,2022-02-26 17:35:00,29.56771491,74.81611026,RD-1,38,114,Bus,High,Rain,7980,Under Maintenance,No,None,Yes,48.83,49.72,2022,2,26,17,Saturday,0,1
3478,2023-08-21 13:47:00,30.72078609,68.70632788,RD-372,366,5,Mixed,High,Fog,538,Dry,No,None,No,36.08,73.23,2023,8,21,13,Monday,0,0
3479,2020-05-15 10:06:00,17.12222287,75.95026493,RD-18,412,25,Car,Very High,Storm,5558,Wet,No,None,No,34.65,68.63,2020,5,15,10,Friday,0,0
3480,2021-06-01 18:09:00,14.214706,87.56019954,RD-146,113,61,Mixed,Very High,Fog,4104,Slippery,No,None,No,32.06,49.97,2021,6,1,18,Tuesday,0,0
3481,2018-08-08 16:26:00,16.0066448,94.5423153,RD-306,104,40,Mixed,Medium,Rain,4760,Slippery,No,None,No,24.61,75.29,2018,8,8,16,Wednesday,0,0
3482,2023-01-26 10:30:00,30.16740933,93.02886682,RD-9,67,6,Mixed,High,Clear,3601,Dry,No,None,No,37.18,68.92,2023,1,26,10,Thursday,0,0
3483,2020-10-13 13:39:00,32.37390408,74.44294737,RD-266,151,27,Bike,Medium,Snow,1112,Under Maintenance,No,None,No,28.31,68.25,2020,10,13,13,Tuesday,0,0
3484,2020-07-25 08:32:00,28.28564318,93.54900483,RD-70,134,64,Bike,Very High,Storm,7610,Slippery,No,None,No,47.64,63.21,2020,7,25,8,Saturday,0,0
3485,2023-11-17 03:30:00,20.79559952,91.51121988,RD-456,408,108,Bus,Low,Clear,3524,Wet,No,None,No,37.5,30.68,2023,11,17,3,Friday,0,0
3486,2021-06-24 11:56:00,15.61434025,89.29762755,RD-155,72,63,Bike,Medium,Rain,7801,Slippery,No,None,No,37.79,71.79,2021,6,24,11,Thursday,0,0
3487,2018-04-27 11:48:00,20.33222223,87.95857949,RD-4,266,70,Bus,Very High,Fog,5900,Wet,Yes,Minor,No,30.65,52.56,2018,4,27,11,Friday,1,0
3488,2018-01-24 01:04:00,34.52127197,91.40568226,RD-154,381,47,Bike,Low,Storm,5578,Wet,No,None,Yes,21.56,86.56,2018,1,24,1,Wednesday,0,1
3489,2020-01-19 13:44:00,33.03267071,92.99015575,RD-114,213,63,Mixed,Very High,Storm,6536,Under Maintenance,No,None,No,20.95,79.08,2020,1,19,13,Sunday,0,0
3490,2021-05-12 05:10:00,17.37791002,91.75423248,RD-110,329,78,Bike,Very High,Clear,4605,Under Maintenance,No,None,No,32.7,65.26,2021,5,12,5,Wednesday,0,0
3491,2021-07-18 18:14:00,17.51028367,71.53360193,RD-439,148,111,Truck,High,Clear,7547,Wet,No,None,No,22.54,45.13,2021,7,18,18,Sunday,0,0
3492,2021-03-17 21:19:00,30.61924744,88.94248831,RD-162,184,77,Mixed,Low,Rain,5341,Wet,No,None,No,38.21,42.22,2021,3,17,21,Wednesday,0,0
3493,2023-08-26 20:25:00,20.37064752,92.3978224,RD-12,274,97,Truck,High,Clear,1186,Dry,No,None,No,46.43,50.42,2023,8,26,20,Saturday,0,0
3494,2018-01-29 12:49:00,24.60896145,73.3854742,RD-396,106,94,Mixed,Very High,Storm,9448,Slippery,No,None,No,46.49,58.59,2018,1,29,12,Monday,0,0
3495,2023-09-12 18:06:00,20.24721447,74.20012879,RD-421,191,40,Bike,Very High,Snow,6472,Slippery,No,None,Yes,39.77,47.76,2023,9,12,18,Tuesday,0,1
3496,2022-09-19 12:30:00,15.02782578,90.79333226,RD-483,127,64,Car,Medium,Rain,9547,Under Maintenance,No,None,No,26.34,60.9,2022,9,19,12,Monday,0,0
3497,2019-07-18 01:09:00,13.4767593,77.9739468,RD-354,420,97,Bus,Very High,Rain,659,Dry,No,None,No,45.89,39.92,2019,7,18,1,Thursday,0,0
3498,2020-02-16 09:02:00,12.04670986,79.59132915,RD-422,235,8,Mixed,Medium,Snow,6196,Dry,Yes,Minor,No,46.58,88.66,2020,2,16,9,Sunday,1,0
3499,2021-03-24 13:56:00,8.331260633,78.93761905,RD-142,138,25,Car,Medium,Rain,2235,Under Maintenance,Yes,None,No,25.9,36.48,2021,3,24,13,Wednesday,1,0
3500,2018-05-20 15:01:00,16.13787724,74.17214252,RD-471,19,101,Car,Low,Rain,5313,Slippery,No,None,No,42.12,85.92,2018,5,20,15,Sunday,0,0
3501,2022-12-04 20:20:00,12.97084912,95.22503448,RD-284,150,99,Bike,High,Clear,6814,Dry,No,None,No,28.6,84.81,2022,12,4,20,Sunday,0,0
3502,2023-09-08 14:52:00,15.48056237,91.3699391,RD-262,166,96,Mixed,Medium,Rain,6578,Slippery,No,None,No,44.08,61.52,2023,9,8,14,Friday,0,0
3503,2020-06-24 19:43:00,10.19831628,75.26563411,RD-285,120,104,Car,Very High,Storm,6355,Dry,No,None,No,49.92,73.49,2020,6,24,19,Wednesday,0,0
3504,2021-05-29 17:47:00,17.90522153,71.07652803,RD-293,270,101,Bus,Very High,Clear,7553,Under Maintenance,No,None,No,20.9,56.16,2021,5,29,17,Saturday,0,0
3505,2019-12-09 08:03:00,23.0787991,78.80569553,RD-475,468,8,Truck,Low,Fog,4920,Dry,No,None,No,46.92,67.8,2019,12,9,8,Monday,0,0
3506,2019-01-15 01:34:00,35.39257103,80.04394435,RD-293,62,8,Bike,Low,Storm,8180,Slippery,No,None,No,38.68,50.43,2019,1,15,1,Tuesday,0,0
3507,2022-04-11 12:47:00,18.06508694,68.2056719,RD-80,100,37,Bike,Low,Fog,4584,Wet,No,None,No,49.2,48.07,2022,4,11,12,Monday,0,0
3508,2021-08-20 04:48:00,8.899666396,93.72741253,RD-49,259,18,Bike,Medium,Clear,7516,Dry,No,None,Yes,33.95,64.69,2021,8,20,4,Friday,0,1
3509,2023-07-11 10:34:00,18.50856712,92.68723276,RD-20,176,116,Bus,Low,Storm,7230,Under Maintenance,No,None,No,45.42,59.89,2023,7,11,10,Tuesday,0,0
3510,2020-08-16 01:46:00,31.69950434,92.65473535,RD-236,258,13,Bike,Very High,Clear,1472,Wet,No,None,No,21.87,64.77,2020,8,16,1,Sunday,0,0
3511,2020-07-17 15:21:00,17.86427073,91.36829437,RD-183,237,92,Bus,High,Fog,3247,Wet,No,None,No,30.06,47.2,2020,7,17,15,Friday,0,0
3512,2020-03-12 22:07:00,16.46018945,89.26065182,RD-80,445,68,Car,Very High,Snow,7970,Dry,Yes,Fatal,No,22.01,52.02,2020,3,12,22,Thursday,1,0
3513,2021-05-19 03:01:00,34.65085909,86.40110018,RD-71,228,66,Mixed,High,Rain,9465,Wet,No,None,No,49.26,35.03,2021,5,19,3,Wednesday,0,0
3514,2023-06-01 15:10:00,16.61964907,95.84838846,RD-136,244,93,Car,Very High,Snow,6344,Slippery,No,None,No,44.51,33.14,2023,6,1,15,Thursday,0,0
3515,2022-11-24 18:14:00,36.13758883,88.64016757,RD-188,112,11,Mixed,Medium,Snow,5514,Under Maintenance,No,None,No,45.58,45.21,2022,11,24,18,Thursday,0,0
3516,2019-04-15 00:15:00,32.14643647,86.27710758,RD-456,55,114,Bike,Low,Clear,4831,Slippery,No,None,No,48.14,34.45,2019,4,15,0,Monday,0,0
3517,2023-03-24 20:51:00,27.84324765,90.87592755,RD-299,98,96,Car,Very High,Clear,9562,Under Maintenance,No,None,No,22.55,36.23,2023,3,24,20,Friday,0,0
3518,2020-04-07 10:34:00,25.35146193,75.14172342,RD-128,304,9,Bus,Very High,Rain,3161,Wet,No,None,No,31.57,78.78,2020,4,7,10,Tuesday,0,0
3519,2023-08-18 21:03:00,14.51863681,96.04722054,RD-120,353,114,Bike,Very High,Snow,3367,Slippery,No,None,Yes,22.13,32.33,2023,8,18,21,Friday,0,1
3520,2018-06-03 10:06:00,29.18155467,68.55569732,RD-132,51,17,Car,Medium,Storm,408,Dry,No,None,No,26.32,69.54,2018,6,3,10,Sunday,0,0
3521,2019-10-27 12:10:00,18.06700577,86.80374414,RD-416,185,6,Car,Low,Clear,302,Wet,No,None,No,26.88,46.35,2019,10,27,12,Sunday,0,0
3522,2022-02-05 21:52:00,22.08362264,70.23573181,RD-154,40,88,Bus,Medium,Snow,7771,Dry,No,None,No,34.07,82.29,2022,2,5,21,Saturday,0,0
3523,2020-08-20 17:56:00,11.01799468,92.74587115,RD-48,80,16,Bus,Very High,Fog,7323,Dry,No,None,Yes,28.06,59.1,2020,8,20,17,Thursday,0,1
3524,2021-10-16 20:19:00,16.58846919,96.06156347,RD-293,482,95,Car,Medium,Clear,510,Slippery,No,None,No,23.03,48.33,2021,10,16,20,Saturday,0,0
3525,2022-01-17 08:42:00,23.34446457,79.84971116,RD-205,479,11,Bus,High,Rain,2554,Under Maintenance,No,None,No,25.02,61.06,2022,1,17,8,Monday,0,0
3526,2021-09-15 07:15:00,21.57319809,92.8577762,RD-292,84,38,Truck,Low,Snow,8743,Wet,No,None,No,24.42,52.92,2021,9,15,7,Wednesday,0,0
3527,2022-11-02 05:19:00,17.9618815,77.73591899,RD-470,290,25,Truck,High,Clear,4499,Slippery,No,None,No,49.19,63.86,2022,11,2,5,Wednesday,0,0
3528,2020-08-13 18:52:00,21.6859687,72.62270714,RD-112,476,64,Bus,Very High,Rain,9315,Slippery,No,None,No,42.78,36.87,2020,8,13,18,Thursday,0,0
3529,2018-09-05 18:41:00,29.60285789,76.0228324,RD-376,397,86,Car,High,Rain,4769,Wet,No,None,No,49.03,89.82,2018,9,5,18,Wednesday,0,0
3530,2021-01-28 11:24:00,21.32044136,76.75341697,RD-40,226,14,Bus,Very High,Fog,4173,Under Maintenance,No,None,Yes,33.19,55.53,2021,1,28,11,Thursday,0,1
3531,2021-10-22 05:54:00,22.67853768,86.28937309,RD-371,491,42,Bus,Low,Rain,1484,Dry,No,None,No,28.35,50.89,2021,10,22,5,Friday,0,0
3532,2023-06-09 10:30:00,28.33323636,91.0882931,RD-167,37,62,Mixed,Medium,Clear,7568,Under Maintenance,Yes,Minor,No,43.95,72.61,2023,6,9,10,Friday,1,0
3533,2022-04-25 05:27:00,32.40682929,73.95127987,RD-406,473,60,Truck,Low,Clear,8355,Wet,No,None,No,29.79,51.83,2022,4,25,5,Monday,0,0
3534,2018-01-09 00:15:00,23.27904956,70.55798162,RD-248,11,107,Bike,Low,Storm,4093,Dry,No,None,No,28.98,80.0,2018,1,9,0,Tuesday,0,0
3535,2021-10-17 22:53:00,35.49709284,74.42790344,RD-89,35,48,Bike,High,Snow,8837,Wet,No,None,No,26.98,57.26,2021,10,17,22,Sunday,0,0
3536,2020-07-06 06:13:00,18.24997586,76.59959685,RD-250,337,89,Bike,High,Snow,8840,Slippery,No,None,No,23.89,73.17,2020,7,6,6,Monday,0,0
3537,2021-02-21 10:53:00,15.32409446,76.11462514,RD-423,180,84,Bus,Very High,Fog,267,Wet,No,None,No,27.69,36.45,2021,2,21,10,Sunday,0,0
3538,2018-03-12 18:01:00,28.09960618,74.37856349,RD-461,483,119,Bike,Low,Snow,9282,Slippery,No,None,No,30.66,80.77,2018,3,12,18,Monday,0,0
3539,2021-07-27 00:42:00,13.09674236,81.51400597,RD-354,431,68,Mixed,Very High,Rain,9263,Dry,No,None,No,40.22,74.14,2021,7,27,0,Tuesday,0,0
3540,2019-02-01 04:56:00,34.09906772,92.8235025,RD-360,30,24,Bus,Low,Clear,9340,Slippery,No,None,No,21.88,42.7,2019,2,1,4,Friday,0,0
3541,2021-08-13 22:48:00,19.2106513,70.91010649,RD-296,315,54,Car,Medium,Rain,9948,Wet,No,None,Yes,26.32,38.72,2021,8,13,22,Friday,0,1
3542,2019-09-11 01:41:00,28.24631099,92.99887078,RD-420,282,58,Car,High,Snow,6297,Under Maintenance,No,None,No,44.27,48.98,2019,9,11,1,Wednesday,0,0
3543,2022-12-08 04:38:00,24.53532215,82.4132445,RD-465,295,50,Bus,High,Storm,295,Wet,No,None,No,24.41,88.56,2022,12,8,4,Thursday,0,0
3544,2018-05-05 10:58:00,9.577334908,87.15357218,RD-49,252,115,Truck,Very High,Snow,7010,Wet,No,None,No,30.28,45.41,2018,5,5,10,Saturday,0,0
3545,2023-12-06 10:08:00,28.56328251,91.6456465,RD-305,308,44,Truck,High,Fog,9742,Under Maintenance,No,None,No,45.94,57.37,2023,12,6,10,Wednesday,0,0
3546,2023-10-10 15:11:00,30.91013718,76.82548107,RD-329,47,28,Car,Low,Clear,9844,Slippery,Yes,None,No,24.65,31.8,2023,10,10,15,Tuesday,1,0
3547,2021-08-23 19:59:00,36.49170049,95.67280355,RD-154,134,115,Bike,Low,Rain,9253,Slippery,Yes,None,No,22.48,53.83,2021,8,23,19,Monday,1,0
3548,2023-03-13 14:20:00,20.06770233,70.42835173,RD-20,324,89,Mixed,Medium,Snow,8734,Dry,No,None,No,34.54,64.28,2023,3,13,14,Monday,0,0
3549,2022-02-23 10:51:00,22.58501547,83.30232689,RD-375,68,112,Bus,High,Clear,7396,Wet,No,None,No,29.07,87.19,2022,2,23,10,Wednesday,0,0
3550,2019-04-22 01:25:00,33.37115276,75.3892977,RD-414,53,62,Mixed,High,Rain,5440,Under Maintenance,No,None,Yes,36.9,61.0,2019,4,22,1,Monday,0,1
3551,2022-12-12 20:45:00,15.80672208,79.83044262,RD-296,341,35,Mixed,Medium,Snow,9896,Under Maintenance,No,None,No,44.11,79.15,2022,12,12,20,Monday,0,0
3552,2020-02-05 16:39:00,13.48513635,81.01705972,RD-196,40,54,Mixed,Medium,Snow,5913,Dry,No,None,No,24.11,62.83,2020,2,5,16,Wednesday,0,0
3553,2022-05-23 22:33:00,11.85439792,94.52083997,RD-41,245,14,Bus,Very High,Snow,3554,Under Maintenance,No,None,No,37.42,32.45,2022,5,23,22,Monday,0,0
3554,2022-04-04 06:36:00,36.36931418,80.80586419,RD-400,174,88,Bike,Very High,Fog,3261,Wet,Yes,Fatal,Yes,35.17,48.9,2022,4,4,6,Monday,1,1
3555,2020-03-12 11:08:00,15.84041783,88.24048822,RD-29,367,18,Bus,Medium,Fog,2662,Slippery,No,None,No,24.32,64.53,2020,3,12,11,Thursday,0,0
3556,2022-04-25 08:14:00,29.9644405,95.601132,RD-472,312,23,Car,High,Rain,8113,Under Maintenance,No,None,No,38.72,87.04,2022,4,25,8,Monday,0,0
3557,2022-09-24 16:49:00,21.04034748,82.34144486,RD-395,260,34,Bike,High,Rain,2511,Slippery,No,None,No,28.21,81.55,2022,9,24,16,Saturday,0,0
3558,2022-01-30 11:29:00,14.97668587,79.84098794,RD-172,208,61,Car,High,Clear,3908,Under Maintenance,Yes,Major,Yes,34.64,43.7,2022,1,30,11,Sunday,1,1
3559,2022-10-28 14:06:00,34.48668019,96.21608486,RD-179,464,20,Mixed,High,Storm,1162,Under Maintenance,No,None,No,22.47,43.21,2022,10,28,14,Friday,0,0
3560,2022-02-10 14:44:00,21.45041755,92.00261429,RD-451,428,26,Bike,Medium,Clear,362,Under Maintenance,No,None,No,33.79,42.07,2022,2,10,14,Thursday,0,0
3561,2020-08-01 00:11:00,24.41270642,95.25341434,RD-419,228,58,Mixed,Medium,Storm,530,Dry,No,None,No,29.19,85.35,2020,8,1,0,Saturday,0,0
3562,2022-08-19 23:28:00,14.45231102,79.51953158,RD-223,163,88,Car,Very High,Snow,1207,Wet,No,None,No,44.67,81.16,2022,8,19,23,Friday,0,0
3563,2021-07-08 14:52:00,17.40041707,88.19340733,RD-214,193,74,Bus,Medium,Snow,7474,Dry,No,None,No,21.71,76.49,2021,7,8,14,Thursday,0,0
3564,2023-06-03 23:59:00,29.68293906,75.23870665,RD-477,497,113,Bike,High,Clear,3685,Under Maintenance,No,None,No,32.56,53.56,2023,6,3,23,Saturday,0,0
3565,2018-08-30 04:43:00,17.94829841,93.10883826,RD-445,392,47,Mixed,Medium,Fog,9324,Wet,No,None,No,33.75,60.26,2018,8,30,4,Thursday,0,0
3566,2019-08-21 08:05:00,22.67279795,95.05929615,RD-62,308,101,Truck,Very High,Fog,9047,Under Maintenance,No,None,No,41.75,57.86,2019,8,21,8,Wednesday,0,0
3567,2023-10-15 03:32:00,11.31630884,75.76812716,RD-446,412,109,Mixed,High,Rain,5589,Under Maintenance,No,None,No,37.23,45.2,2023,10,15,3,Sunday,0,0
3568,2021-02-21 16:08:00,32.65192739,71.04303981,RD-395,159,23,Car,Medium,Rain,3726,Slippery,No,None,Yes,40.02,60.3,2021,2,21,16,Sunday,0,1
3569,2020-11-20 12:18:00,29.38986731,73.82130763,RD-117,450,9,Car,Medium,Clear,4924,Dry,No,None,No,43.31,31.83,2020,11,20,12,Friday,0,0
3570,2021-02-01 02:20:00,30.06160077,86.35213179,RD-383,74,75,Bus,Low,Fog,7464,Slippery,No,None,No,45.87,37.91,2021,2,1,2,Monday,0,0
3571,2020-09-06 04:27:00,13.16737074,75.89331533,RD-335,388,102,Bike,High,Snow,2421,Under Maintenance,No,None,No,29.42,83.2,2020,9,6,4,Sunday,0,0
3572,2021-09-04 23:44:00,22.35952843,86.51971422,RD-435,171,24,Truck,High,Snow,2252,Wet,No,None,No,36.14,75.1,2021,9,4,23,Saturday,0,0
3573,2023-09-12 18:56:00,8.798697081,78.15547234,RD-309,59,19,Car,Very High,Fog,8948,Slippery,No,None,No,45.2,55.37,2023,9,12,18,Tuesday,0,0
3574,2022-12-18 07:18:00,17.13758326,94.58822784,RD-476,169,42,Bike,Very High,Clear,6900,Slippery,No,None,No,49.68,61.03,2022,12,18,7,Sunday,0,0
3575,2019-05-01 01:40:00,18.0925661,81.12533284,RD-6,318,5,Truck,Very High,Rain,9412,Dry,No,None,No,46.69,52.2,2019,5,1,1,Wednesday,0,0
3576,2022-01-04 18:18:00,34.49701503,82.43103664,RD-325,486,9,Bus,Very High,Clear,8195,Slippery,No,None,No,31.14,74.45,2022,1,4,18,Tuesday,0,0
3577,2020-02-13 12:06:00,36.79070117,78.09388393,RD-399,479,102,Bike,Low,Fog,854,Wet,No,None,No,25.85,77.05,2020,2,13,12,Thursday,0,0
3578,2021-08-30 10:52:00,25.91463114,70.11809731,RD-324,60,58,Mixed,Very High,Clear,8771,Wet,No,None,No,34.68,75.8,2021,8,30,10,Monday,0,0
3579,2020-10-01 17:34:00,22.98629378,82.31545059,RD-196,285,89,Truck,Low,Fog,8945,Under Maintenance,No,None,No,42.25,73.36,2020,10,1,17,Thursday,0,0
3580,2019-08-30 03:08:00,20.76257909,90.45656912,RD-28,451,65,Mixed,Very High,Clear,2633,Under Maintenance,No,None,No,34.78,42.27,2019,8,30,3,Friday,0,0
3581,2020-08-15 06:51:00,8.530590884,95.63742783,RD-157,357,82,Mixed,High,Storm,8863,Slippery,No,None,Yes,34.5,50.28,2020,8,15,6,Saturday,0,1
3582,2019-01-19 14:43:00,31.20337984,70.2206929,RD-269,54,21,Truck,Low,Snow,3940,Dry,Yes,Minor,No,45.15,58.19,2019,1,19,14,Saturday,1,0
3583,2018-02-17 21:28:00,27.48294948,91.12452827,RD-22,443,80,Mixed,High,Storm,8996,Wet,No,None,No,30.84,49.85,2018,2,17,21,Saturday,0,0
3584,2020-12-13 09:05:00,26.82928676,75.74478203,RD-164,389,31,Truck,Very High,Fog,924,Dry,No,None,No,45.79,75.3,2020,12,13,9,Sunday,0,0
3585,2018-09-22 23:58:00,31.46225828,91.86169834,RD-277,124,74,Mixed,Very High,Snow,352,Wet,No,None,No,32.2,49.76,2018,9,22,23,Saturday,0,0
3586,2022-08-09 07:21:00,34.91357185,77.91839353,RD-290,357,107,Bus,Low,Storm,9821,Slippery,No,None,No,29.85,38.29,2022,8,9,7,Tuesday,0,0
3587,2023-07-27 05:26:00,19.29637055,71.31856396,RD-77,145,116,Bus,Very High,Clear,3461,Wet,No,None,No,33.62,53.94,2023,7,27,5,Thursday,0,0
3588,2022-02-11 06:27:00,20.36568401,85.7485574,RD-168,376,29,Bike,Very High,Clear,9799,Under Maintenance,No,None,No,42.87,88.79,2022,2,11,6,Friday,0,0
3589,2022-12-01 07:46:00,36.27903071,93.92322731,RD-258,30,95,Mixed,High,Snow,3456,Under Maintenance,No,None,Yes,23.78,43.55,2022,12,1,7,Thursday,0,1
3590,2019-11-20 15:50:00,27.26832068,73.26607568,RD-358,27,49,Bus,Low,Fog,1478,Dry,No,None,No,25.89,66.73,2019,11,20,15,Wednesday,0,0
3591,2022-03-23 14:41:00,32.68918105,68.63234518,RD-114,371,6,Bus,Very High,Storm,2559,Slippery,No,None,No,48.54,55.98,2022,3,23,14,Wednesday,0,0
3592,2022-03-04 08:12:00,14.42551662,93.6314102,RD-79,280,26,Bus,Very High,Fog,1619,Under Maintenance,No,None,No,25.26,34.26,2022,3,4,8,Friday,0,0
3593,2018-10-30 03:52:00,17.19518054,88.2370589,RD-26,403,100,Car,Very High,Clear,5022,Dry,No,None,No,37.03,59.27,2018,10,30,3,Tuesday,0,0
3594,2018-08-27 03:24:00,19.35655159,91.45218906,RD-345,228,58,Mixed,Very High,Rain,2498,Dry,Yes,Major,No,37.38,72.13,2018,8,27,3,Monday,1,0
3595,2020-06-15 14:41:00,17.19106027,69.73529609,RD-375,328,21,Bike,Very High,Rain,6244,Wet,No,None,No,34.69,60.79,2020,6,15,14,Monday,0,0
3596,2018-01-10 06:29:00,33.64316341,93.82320291,RD-202,475,65,Bus,High,Fog,3331,Dry,No,None,No,39.34,82.33,2018,1,10,6,Wednesday,0,0
3597,2018-01-07 09:50:00,22.83379568,80.15552501,RD-498,413,105,Truck,Medium,Clear,7436,Slippery,No,None,Yes,26.89,47.34,2018,1,7,9,Sunday,0,1
3598,2020-05-18 20:46:00,35.65576608,94.03089784,RD-229,130,70,Car,Low,Clear,7820,Slippery,No,None,No,36.58,35.17,2020,5,18,20,Monday,0,0
3599,2021-07-17 20:31:00,17.31835088,69.88281681,RD-386,71,30,Mixed,Medium,Rain,6503,Dry,No,None,No,31.17,86.19,2021,7,17,20,Saturday,0,0
3600,2018-09-19 03:46:00,9.080094278,93.65942372,RD-305,495,60,Bike,Low,Rain,1918,Slippery,No,None,No,39.85,52.69,2018,9,19,3,Wednesday,0,0
3601,2022-02-10 05:28:00,12.00378117,87.52791964,RD-295,106,37,Bus,Very High,Storm,4895,Slippery,No,None,Yes,24.24,64.58,2022,2,10,5,Thursday,0,1
3602,2021-02-16 01:23:00,14.29504255,84.07378668,RD-259,260,5,Truck,Very High,Storm,3912,Slippery,Yes,Major,No,37.13,77.52,2021,2,16,1,Tuesday,1,0
3603,2022-05-11 10:25:00,26.55912132,69.79164391,RD-47,445,44,Car,Very High,Rain,9734,Under Maintenance,No,None,No,25.56,49.46,2022,5,11,10,Wednesday,0,0
3604,2021-03-22 17:09:00,13.251549,87.96410835,RD-114,423,47,Truck,Low,Fog,2627,Wet,No,None,Yes,28.36,72.97,2021,3,22,17,Monday,0,1
3605,2022-10-22 13:20:00,19.06345719,85.33545101,RD-222,396,48,Truck,High,Snow,2956,Slippery,No,None,No,26.56,38.13,2022,10,22,13,Saturday,0,0
3606,2018-04-01 12:48:00,31.0662179,89.06237871,RD-149,138,66,Car,High,Clear,754,Slippery,No,None,No,25.49,47.48,2018,4,1,12,Sunday,0,0
3607,2023-06-20 00:59:00,11.61801144,88.78478745,RD-403,255,40,Truck,High,Clear,6300,Slippery,No,None,No,44.77,38.68,2023,6,20,0,Tuesday,0,0
3608,2019-08-30 18:50:00,10.33392401,80.86829537,RD-202,19,60,Bus,High,Clear,1346,Slippery,No,None,No,28.57,78.67,2019,8,30,18,Friday,0,0
3609,2021-08-11 03:46:00,23.65913666,73.9357553,RD-76,314,43,Car,Low,Storm,1235,Dry,No,None,No,47.81,43.36,2021,8,11,3,Wednesday,0,0
3610,2022-05-21 09:55:00,28.24400156,94.65008127,RD-68,74,93,Mixed,Very High,Rain,9379,Under Maintenance,No,None,No,49.1,73.04,2022,5,21,9,Saturday,0,0
3611,2022-01-28 22:15:00,34.41764246,94.84209801,RD-173,256,17,Car,Very High,Storm,2962,Slippery,No,None,Yes,37.14,86.6,2022,1,28,22,Friday,0,1
3612,2018-12-08 04:04:00,27.19732352,74.14600771,RD-43,426,43,Bike,High,Rain,4420,Slippery,No,None,No,24.29,61.67,2018,12,8,4,Saturday,0,0
3613,2019-01-14 17:49:00,35.43918746,86.28894616,RD-244,388,104,Bus,Low,Fog,4589,Dry,No,None,No,31.24,62.4,2019,1,14,17,Monday,0,0
3614,2019-05-29 03:20:00,15.09125525,73.88324554,RD-293,358,16,Mixed,Very High,Storm,8682,Dry,Yes,Fatal,No,43.93,57.66,2019,5,29,3,Wednesday,1,0
3615,2022-08-07 09:15:00,17.91281678,92.97551084,RD-382,428,25,Bus,High,Rain,5559,Slippery,Yes,Major,No,31.02,49.55,2022,8,7,9,Sunday,1,0
3616,2020-08-10 16:27:00,32.33998067,70.84818621,RD-26,174,91,Bus,Low,Fog,4567,Slippery,No,None,No,22.61,58.54,2020,8,10,16,Monday,0,0
3617,2023-12-27 03:33:00,31.52056079,96.71572403,RD-281,188,22,Car,Medium,Storm,1196,Under Maintenance,No,None,No,36.7,66.17,2023,12,27,3,Wednesday,0,0
3618,2021-10-17 21:02:00,27.28182042,85.7149955,RD-205,488,17,Mixed,Very High,Clear,6023,Wet,No,None,Yes,45.35,89.16,2021,10,17,21,Sunday,0,1
3619,2018-12-25 06:12:00,22.67470487,68.66446477,RD-135,63,23,Car,High,Fog,1447,Dry,No,None,Yes,43.88,86.27,2018,12,25,6,Tuesday,0,1
3620,2019-04-23 11:23:00,8.513630393,93.57519659,RD-44,328,39,Bike,High,Storm,1287,Wet,No,None,No,25.25,81.73,2019,4,23,11,Tuesday,0,0
3621,2023-04-05 13:48:00,16.13287476,87.84928771,RD-205,55,50,Bike,High,Rain,2839,Dry,No,None,No,40.18,83.35,2023,4,5,13,Wednesday,0,0
3622,2019-02-17 16:57:00,12.59178766,88.222348,RD-257,439,116,Bike,High,Clear,5160,Under Maintenance,No,None,Yes,26.62,58.07,2019,2,17,16,Sunday,0,1
3623,2018-08-10 02:38:00,9.484069686,75.97593703,RD-223,386,61,Car,High,Rain,879,Slippery,No,None,No,26.55,69.45,2018,8,10,2,Friday,0,0
3624,2019-12-28 16:42:00,30.50631186,77.76709435,RD-397,187,38,Car,Medium,Snow,7680,Under Maintenance,No,None,No,46.22,83.7,2019,12,28,16,Saturday,0,0
3625,2021-07-06 05:19:00,11.80805098,94.51810301,RD-358,16,66,Bike,Low,Snow,9068,Dry,No,None,No,27.49,53.58,2021,7,6,5,Tuesday,0,0
3626,2021-01-31 21:46:00,18.36497389,86.41378147,RD-67,93,60,Car,Low,Storm,3502,Under Maintenance,No,None,Yes,27.9,87.71,2021,1,31,21,Sunday,0,1
3627,2020-07-31 23:38:00,36.34624945,68.49166999,RD-391,137,5,Truck,High,Fog,9284,Under Maintenance,No,None,Yes,20.02,54.95,2020,7,31,23,Friday,0,1
3628,2018-05-11 20:31:00,19.86544934,77.4948033,RD-70,454,61,Truck,Very High,Fog,2833,Under Maintenance,No,None,No,46.12,66.06,2018,5,11,20,Friday,0,0
3629,2019-01-02 22:40:00,12.10368529,85.35775367,RD-247,223,114,Truck,Medium,Storm,599,Slippery,No,None,No,43.78,72.59,2019,1,2,22,Wednesday,0,0
3630,2020-09-12 00:23:00,28.00310892,72.29218914,RD-287,243,90,Bus,High,Storm,4351,Wet,No,None,No,38.82,87.04,2020,9,12,0,Saturday,0,0
3631,2021-08-19 05:43:00,31.48830953,70.85044189,RD-102,21,32,Mixed,High,Clear,9714,Wet,No,None,No,42.51,44.68,2021,8,19,5,Thursday,0,0
3632,2018-11-11 15:13:00,16.09537022,69.72216111,RD-250,83,8,Mixed,High,Rain,8262,Wet,No,None,No,24.56,74.77,2018,11,11,15,Sunday,0,0
3633,2023-10-14 00:58:00,31.47117924,86.28681242,RD-203,47,105,Mixed,High,Rain,4857,Dry,No,None,Yes,33.75,61.25,2023,10,14,0,Saturday,0,1
3634,2019-09-07 02:32:00,15.87411128,77.29732535,RD-334,360,75,Bike,Low,Snow,8450,Dry,No,None,No,30.54,46.11,2019,9,7,2,Saturday,0,0
3635,2018-05-09 14:31:00,28.10024331,78.83668102,RD-293,497,79,Truck,Very High,Snow,8475,Slippery,No,None,Yes,22.81,76.6,2018,5,9,14,Wednesday,0,1
3636,2023-11-21 01:17:00,11.61930497,69.74117077,RD-101,432,80,Truck,Very High,Storm,3156,Slippery,No,None,No,34.58,63.13,2023,11,21,1,Tuesday,0,0
3637,2018-01-17 00:22:00,20.40686551,89.40254591,RD-288,158,44,Car,High,Fog,6746,Slippery,No,None,No,47.62,69.66,2018,1,17,0,Wednesday,0,0
3638,2018-04-06 04:20:00,23.09432441,90.23594683,RD-316,416,57,Bus,High,Fog,7475,Under Maintenance,Yes,None,Yes,21.2,49.37,2018,4,6,4,Friday,1,1
3639,2018-07-09 21:13:00,29.03322374,92.05363111,RD-377,488,43,Bus,High,Clear,1209,Slippery,No,None,No,28.74,58.88,2018,7,9,21,Monday,0,0
3640,2022-06-28 13:19:00,26.85090451,86.89823705,RD-269,437,39,Truck,High,Snow,7729,Under Maintenance,No,None,Yes,26.23,67.04,2022,6,28,13,Tuesday,0,1
3641,2021-11-03 06:58:00,32.7469412,90.42536861,RD-127,181,102,Car,Medium,Clear,5265,Under Maintenance,No,None,No,27.14,54.29,2021,11,3,6,Wednesday,0,0
3642,2023-05-15 02:24:00,13.34444097,84.73956592,RD-125,487,86,Truck,Very High,Rain,3563,Dry,Yes,Minor,No,47.25,41.9,2023,5,15,2,Monday,1,0
3643,2018-08-11 12:59:00,27.17614992,82.25747476,RD-37,223,14,Bike,Medium,Storm,4858,Under Maintenance,No,None,No,34.04,87.7,2018,8,11,12,Saturday,0,0
3644,2023-08-04 05:06:00,11.70475297,75.53456369,RD-137,246,55,Bike,Low,Fog,7225,Slippery,No,None,No,33.99,60.69,2023,8,4,5,Friday,0,0
3645,2020-08-23 22:27:00,21.86431771,69.54794835,RD-398,30,68,Mixed,Medium,Snow,6263,Wet,Yes,None,No,42.82,74.04,2020,8,23,22,Sunday,1,0
3646,2018-01-08 03:44:00,23.21216838,76.46283703,RD-221,370,83,Mixed,Medium,Snow,2274,Slippery,No,None,No,24.63,54.66,2018,1,8,3,Monday,0,0
3647,2023-09-30 21:43:00,8.790639278,87.82516018,RD-166,477,63,Truck,Medium,Storm,9725,Wet,No,None,No,34.62,51.31,2023,9,30,21,Saturday,0,0
3648,2020-11-19 15:16:00,10.04034418,94.87821268,RD-351,357,30,Mixed,Low,Storm,5219,Wet,No,None,No,32.9,54.43,2020,11,19,15,Thursday,0,0
3649,2019-02-11 09:49:00,32.33888252,75.43019806,RD-474,240,117,Truck,Very High,Snow,9867,Dry,Yes,Major,Yes,37.91,54.55,2019,2,11,9,Monday,1,1
3650,2021-01-23 13:11:00,16.31686238,87.42562526,RD-295,454,119,Bus,Medium,Snow,4047,Slippery,No,None,Yes,49.99,62.65,2021,1,23,13,Saturday,0,1
3651,2022-09-14 23:15:00,18.03820934,81.86909475,RD-46,217,7,Bike,Very High,Fog,1508,Under Maintenance,No,None,No,43.08,62.61,2022,9,14,23,Wednesday,0,0
3652,2022-03-27 00:53:00,26.57178058,86.19890412,RD-58,384,81,Car,Very High,Fog,942,Slippery,No,None,No,31.94,59.83,2022,3,27,0,Sunday,0,0
3653,2018-05-16 21:37:00,14.40072417,68.04703344,RD-344,220,102,Car,Low,Storm,2139,Dry,No,None,No,44.83,38.09,2018,5,16,21,Wednesday,0,0
3654,2019-12-20 21:56:00,13.59301492,71.5569404,RD-212,161,115,Bus,Very High,Rain,3790,Slippery,No,None,Yes,25.12,59.76,2019,12,20,21,Friday,0,1
3655,2020-04-15 03:57:00,20.22468985,74.29361259,RD-217,258,21,Truck,Low,Rain,9681,Dry,No,None,No,20.91,40.15,2020,4,15,3,Wednesday,0,0
3656,2019-12-09 12:42:00,9.71090411,93.91008462,RD-188,116,69,Bike,Medium,Storm,6960,Under Maintenance,No,None,No,26.13,37.57,2019,12,9,12,Monday,0,0
3657,2018-08-22 20:43:00,34.59213726,69.17530194,RD-179,168,82,Truck,Very High,Storm,2325,Wet,Yes,None,No,30.21,85.96,2018,8,22,20,Wednesday,1,0
3658,2019-05-18 21:49:00,35.26315785,84.51938202,RD-98,14,5,Truck,High,Clear,2642,Dry,No,None,No,35.32,66.3,2019,5,18,21,Saturday,0,0
3659,2022-11-14 00:44:00,20.99780477,94.93054019,RD-165,474,92,Bus,High,Rain,7420,Slippery,No,None,No,38.45,69.57,2022,11,14,0,Monday,0,0
3660,2022-01-09 17:26:00,14.06794266,86.91002762,RD-177,202,61,Bus,High,Snow,5018,Under Maintenance,No,None,No,47.32,54.11,2022,1,9,17,Sunday,0,0
3661,2021-12-06 09:37:00,21.64666324,82.04771955,RD-305,174,15,Mixed,Medium,Clear,2804,Dry,No,None,No,35.3,84.54,2021,12,6,9,Monday,0,0
3662,2019-09-08 21:39:00,10.89806251,79.19376161,RD-336,103,71,Bus,Very High,Clear,1322,Under Maintenance,No,None,No,35.04,68.28,2019,9,8,21,Sunday,0,0
3663,2020-04-29 23:58:00,19.53612218,86.10166027,RD-13,297,81,Mixed,Very High,Storm,7299,Dry,No,None,No,21.51,76.15,2020,4,29,23,Wednesday,0,0
3664,2019-10-04 17:14:00,10.13630091,81.93116937,RD-395,489,59,Car,Very High,Fog,9495,Under Maintenance,No,None,Yes,21.05,52.11,2019,10,4,17,Friday,0,1
3665,2021-05-03 07:45:00,28.4788054,88.45694634,RD-157,203,90,Mixed,Very High,Clear,3773,Wet,No,None,Yes,36.53,87.6,2021,5,3,7,Monday,0,1
3666,2019-12-31 18:47:00,15.99569295,85.91546283,RD-87,299,45,Mixed,High,Storm,2819,Dry,No,None,No,33.15,79.23,2019,12,31,18,Tuesday,0,0
3667,2020-01-18 07:16:00,23.09912501,84.45485168,RD-180,245,115,Car,Medium,Clear,4552,Slippery,No,None,Yes,45.18,81.24,2020,1,18,7,Saturday,0,1
3668,2019-10-11 03:27:00,8.392641159,95.74750096,RD-316,38,109,Bike,Medium,Fog,8245,Wet,No,None,Yes,24.82,40.33,2019,10,11,3,Friday,0,1
3669,2022-11-01 11:51:00,23.21445741,92.23506586,RD-421,127,63,Truck,Medium,Storm,1979,Wet,No,None,No,20.75,46.26,2022,11,1,11,Tuesday,0,0
3670,2018-12-26 23:36:00,8.094770195,85.65688029,RD-412,142,34,Truck,Very High,Fog,5608,Dry,No,None,Yes,33.47,47.14,2018,12,26,23,Wednesday,0,1
3671,2020-04-20 21:43:00,34.83057308,83.62085662,RD-227,167,29,Bus,Very High,Fog,1245,Slippery,No,None,No,27.12,46.25,2020,4,20,21,Monday,0,0
3672,2020-05-12 06:13:00,22.53357891,88.99436864,RD-320,116,75,Bus,Low,Snow,8202,Under Maintenance,No,None,No,21.49,81.32,2020,5,12,6,Tuesday,0,0
3673,2018-02-04 16:05:00,10.90192838,91.31355069,RD-75,182,68,Bike,Very High,Fog,7562,Dry,No,None,No,41.74,31.91,2018,2,4,16,Sunday,0,0
3674,2020-12-01 01:21:00,17.8905888,76.56187551,RD-226,155,93,Bus,Very High,Fog,1682,Dry,No,None,Yes,23.35,34.57,2020,12,1,1,Tuesday,0,1
3675,2020-03-06 08:34:00,9.335946869,87.3414683,RD-23,343,107,Truck,Medium,Fog,8946,Dry,No,None,No,38.25,46.43,2020,3,6,8,Friday,0,0
3676,2019-11-11 20:30:00,23.39596755,71.91947878,RD-474,430,29,Mixed,Low,Rain,262,Dry,No,None,No,28.43,41.99,2019,11,11,20,Monday,0,0
3677,2022-09-13 20:50:00,11.54795326,80.4830884,RD-419,276,70,Mixed,Low,Snow,9779,Under Maintenance,No,None,No,25.2,43.91,2022,9,13,20,Tuesday,0,0
3678,2021-03-20 20:25:00,21.72011811,95.21465904,RD-120,269,38,Bus,Very High,Rain,5613,Slippery,No,None,No,31.39,77.88,2021,3,20,20,Saturday,0,0
3679,2023-01-31 18:18:00,16.85972863,77.46268133,RD-103,479,59,Truck,Medium,Fog,2940,Under Maintenance,No,None,No,44.04,63.79,2023,1,31,18,Tuesday,0,0
3680,2021-06-16 06:42:00,30.08591867,72.47281526,RD-351,378,62,Car,Very High,Rain,1959,Wet,No,None,No,31.76,30.35,2021,6,16,6,Wednesday,0,0
3681,2020-05-30 08:10:00,21.9854032,72.23822986,RD-192,55,90,Car,Low,Storm,804,Dry,Yes,Fatal,Yes,42.52,55.76,2020,5,30,8,Saturday,1,1
3682,2021-09-13 14:48:00,32.59737343,79.41812853,RD-80,389,58,Mixed,Low,Rain,9885,Under Maintenance,No,None,No,23.76,54.47,2021,9,13,14,Monday,0,0
3683,2021-05-24 09:39:00,35.29910299,74.53011315,RD-388,396,5,Truck,Medium,Storm,3216,Wet,No,None,No,43.18,36.84,2021,5,24,9,Monday,0,0
3684,2019-08-07 19:37:00,36.11622118,80.38070332,RD-373,318,22,Mixed,Medium,Clear,6737,Under Maintenance,No,None,No,27.11,70.57,2019,8,7,19,Wednesday,0,0
3685,2020-11-26 21:04:00,15.54569422,88.84768541,RD-437,161,20,Truck,High,Snow,2686,Slippery,No,None,No,40.32,72.13,2020,11,26,21,Thursday,0,0
3686,2023-02-11 18:08:00,30.25949201,93.75663319,RD-44,363,60,Car,Very High,Rain,8277,Under Maintenance,No,None,No,36.97,73.25,2023,2,11,18,Saturday,0,0
3687,2018-03-04 19:12:00,20.70521379,71.19482941,RD-58,145,78,Bus,Very High,Clear,5828,Dry,No,None,No,47.87,73.71,2018,3,4,19,Sunday,0,0
3688,2023-02-28 11:24:00,20.35902153,90.28383923,RD-379,225,35,Bike,Very High,Fog,4654,Wet,No,None,No,31.62,30.0,2023,2,28,11,Tuesday,0,0
3689,2020-11-27 00:13:00,33.17868201,71.00092825,RD-28,473,52,Bus,Low,Storm,5134,Slippery,No,None,No,21.98,87.24,2020,11,27,0,Friday,0,0
3690,2020-05-12 19:01:00,12.22439819,79.0035939,RD-125,143,81,Truck,Medium,Rain,559,Wet,No,None,No,20.57,78.85,2020,5,12,19,Tuesday,0,0
3691,2019-08-04 02:45:00,21.85649893,96.8998941,RD-486,350,38,Mixed,Very High,Clear,5119,Under Maintenance,Yes,Fatal,No,44.81,84.24,2019,8,4,2,Sunday,1,0
3692,2020-12-11 02:32:00,25.19361395,69.99165439,RD-318,233,38,Mixed,Medium,Clear,9877,Wet,Yes,Minor,No,35.74,30.94,2020,12,11,2,Friday,1,0
3693,2023-11-04 17:33:00,9.917579385,68.66354996,RD-475,240,110,Car,Medium,Snow,3584,Slippery,No,None,Yes,43.26,86.03,2023,11,4,17,Saturday,0,1
3694,2020-08-26 14:23:00,33.07091337,77.67581134,RD-76,351,64,Car,Very High,Fog,9797,Dry,Yes,Minor,No,27.03,78.59,2020,8,26,14,Wednesday,1,0
3695,2020-01-22 07:43:00,17.11583414,95.58250405,RD-445,210,80,Bus,Medium,Snow,3287,Under Maintenance,No,None,Yes,30.35,80.23,2020,1,22,7,Wednesday,0,1
3696,2022-12-01 12:23:00,27.04776977,68.58111344,RD-427,27,41,Bus,Medium,Rain,4016,Wet,No,None,No,20.9,35.6,2022,12,1,12,Thursday,0,0
3697,2020-04-20 18:39:00,34.91432005,74.45863388,RD-420,213,44,Bike,Low,Fog,5980,Under Maintenance,No,None,No,48.84,74.33,2020,4,20,18,Monday,0,0
3698,2019-02-03 11:26:00,28.87288686,85.49170935,RD-148,143,21,Truck,Very High,Rain,2066,Wet,No,None,No,40.04,87.6,2019,2,3,11,Sunday,0,0
3699,2020-08-04 07:27:00,33.69430551,74.77884699,RD-8,356,45,Bus,Very High,Storm,5641,Slippery,Yes,None,No,48.0,70.71,2020,8,4,7,Tuesday,1,0
3700,2018-05-16 16:06:00,10.01679578,69.5604208,RD-176,117,60,Bus,Very High,Rain,4495,Dry,Yes,Minor,No,27.96,64.23,2018,5,16,16,Wednesday,1,0
3701,2023-07-22 14:38:00,22.28930555,69.52089642,RD-356,432,58,Car,Low,Fog,6455,Dry,No,None,No,38.34,86.74,2023,7,22,14,Saturday,0,0
3702,2023-09-12 08:43:00,24.38013164,84.21562096,RD-412,376,83,Truck,Medium,Rain,4719,Wet,No,None,No,40.35,56.58,2023,9,12,8,Tuesday,0,0
3703,2019-10-18 16:07:00,27.98212754,84.29492338,RD-57,10,17,Car,Very High,Snow,7927,Under Maintenance,Yes,Fatal,Yes,29.53,65.96,2019,10,18,16,Friday,1,1
3704,2021-08-13 15:21:00,11.38888936,88.4877407,RD-157,24,50,Bike,High,Clear,4237,Dry,No,None,No,45.44,58.58,2021,8,13,15,Friday,0,0
3705,2022-05-19 07:03:00,27.04688912,71.82049282,RD-231,151,76,Bus,High,Rain,2925,Wet,No,None,No,48.41,85.97,2022,5,19,7,Thursday,0,0
3706,2020-08-01 11:49:00,12.23381298,82.4956991,RD-242,86,21,Bus,Low,Fog,526,Under Maintenance,No,None,No,46.55,34.57,2020,8,1,11,Saturday,0,0
3707,2021-05-24 04:24:00,9.960771409,85.42752588,RD-12,350,15,Bus,Very High,Snow,8928,Dry,Yes,Fatal,No,42.17,60.07,2021,5,24,4,Monday,1,0
3708,2018-05-30 17:51:00,21.61025703,74.44889989,RD-170,183,44,Mixed,Medium,Fog,8970,Wet,No,None,No,28.32,71.22,2018,5,30,17,Wednesday,0,0
3709,2021-05-25 03:35:00,25.41088329,83.87293748,RD-108,120,50,Truck,Low,Storm,4289,Slippery,No,None,No,28.45,77.51,2021,5,25,3,Tuesday,0,0
3710,2018-06-04 06:37:00,35.7854112,88.53891192,RD-379,126,69,Car,Medium,Clear,4700,Wet,Yes,Major,Yes,48.9,64.98,2018,6,4,6,Monday,1,1
3711,2023-10-20 06:31:00,28.26013739,96.73437825,RD-276,50,36,Car,Medium,Snow,6197,Slippery,No,None,No,20.31,84.54,2023,10,20,6,Friday,0,0
3712,2019-03-05 19:22:00,25.15033208,85.29625844,RD-109,379,112,Car,High,Clear,9841,Dry,No,None,Yes,41.48,86.52,2019,3,5,19,Tuesday,0,1
3713,2018-09-02 07:04:00,14.22238213,92.97453311,RD-105,15,56,Bike,Very High,Rain,8983,Under Maintenance,No,None,No,41.19,33.86,2018,9,2,7,Sunday,0,0
3714,2022-11-09 02:57:00,12.40928664,92.17650973,RD-280,285,14,Mixed,Medium,Clear,8711,Dry,No,None,No,38.68,54.14,2022,11,9,2,Wednesday,0,0
3715,2023-11-15 11:42:00,25.61092352,95.26774003,RD-268,77,112,Bike,Medium,Rain,3101,Slippery,No,None,No,49.7,31.41,2023,11,15,11,Wednesday,0,0
3716,2018-04-10 00:36:00,14.46552214,88.96861231,RD-385,305,119,Truck,Medium,Snow,9540,Dry,No,None,No,29.36,49.76,2018,4,10,0,Tuesday,0,0
3717,2022-10-16 07:07:00,28.49154767,74.17991199,RD-133,412,63,Car,Medium,Fog,7076,Slippery,No,None,No,30.2,62.21,2022,10,16,7,Sunday,0,0
3718,2021-03-26 11:55:00,11.31983566,76.6446427,RD-281,113,19,Car,Low,Snow,6035,Slippery,No,None,No,22.37,84.65,2021,3,26,11,Friday,0,0
3719,2023-09-01 14:36:00,17.84943888,90.75586394,RD-248,136,7,Car,Medium,Fog,5949,Wet,No,None,No,33.28,80.79,2023,9,1,14,Friday,0,0
3720,2023-03-15 13:25:00,30.41951614,83.10385967,RD-319,83,13,Bus,High,Fog,4725,Under Maintenance,No,None,Yes,27.83,37.65,2023,3,15,13,Wednesday,0,1
3721,2020-04-26 12:26:00,32.10007532,75.28795076,RD-374,134,12,Bus,Low,Clear,1266,Wet,No,None,Yes,30.3,35.58,2020,4,26,12,Sunday,0,1
3722,2020-01-29 07:18:00,18.01198243,87.04343985,RD-73,334,78,Car,High,Fog,9222,Wet,No,None,No,45.04,65.36,2020,1,29,7,Wednesday,0,0
3723,2020-08-11 10:17:00,13.99487798,94.28954114,RD-356,267,12,Car,Medium,Storm,1889,Slippery,No,None,No,48.06,61.93,2020,8,11,10,Tuesday,0,0
3724,2018-03-11 14:49:00,35.78779597,78.3730059,RD-358,360,20,Bus,Very High,Storm,9105,Wet,No,None,No,25.57,45.98,2018,3,11,14,Sunday,0,0
3725,2023-08-02 00:46:00,30.07120383,85.29110106,RD-343,309,15,Bike,High,Clear,4064,Under Maintenance,No,None,No,31.18,83.97,2023,8,2,0,Wednesday,0,0
3726,2022-07-16 15:23:00,31.40471935,84.8635154,RD-10,318,27,Mixed,Very High,Clear,8480,Slippery,No,None,No,47.86,85.64,2022,7,16,15,Saturday,0,0
3727,2020-10-25 04:47:00,14.45979785,71.68226543,RD-193,221,60,Bike,Low,Snow,7986,Under Maintenance,No,None,No,21.85,54.16,2020,10,25,4,Sunday,0,0
3728,2019-08-04 14:22:00,20.30872079,70.61710468,RD-299,258,60,Mixed,High,Storm,1486,Under Maintenance,No,None,No,22.77,83.42,2019,8,4,14,Sunday,0,0
3729,2023-12-10 18:59:00,9.978053206,93.79337632,RD-464,15,26,Bus,Medium,Storm,2637,Wet,No,None,Yes,24.88,53.04,2023,12,10,18,Sunday,0,1
3730,2023-06-01 01:19:00,11.17258516,95.07256985,RD-340,52,108,Car,Medium,Fog,2161,Wet,No,None,Yes,37.86,74.21,2023,6,1,1,Thursday,0,1
3731,2019-10-04 14:56:00,14.40781227,94.22301186,RD-270,262,22,Car,Very High,Snow,4723,Slippery,No,None,Yes,24.51,58.56,2019,10,4,14,Friday,0,1
3732,2019-02-24 03:01:00,16.7938043,79.50298904,RD-23,412,43,Car,Very High,Snow,2908,Wet,No,None,No,49.04,37.35,2019,2,24,3,Sunday,0,0
3733,2018-08-03 04:14:00,36.91835929,76.34098266,RD-131,155,7,Bike,High,Snow,7764,Slippery,No,None,No,33.4,85.68,2018,8,3,4,Friday,0,0
3734,2023-05-17 05:44:00,20.24056839,95.32299604,RD-88,295,12,Car,Very High,Rain,5860,Under Maintenance,Yes,Minor,No,35.05,57.25,2023,5,17,5,Wednesday,1,0
3735,2018-07-16 16:39:00,28.23839771,93.60126869,RD-31,208,9,Mixed,Medium,Fog,6476,Dry,No,None,No,27.4,74.07,2018,7,16,16,Monday,0,0
3736,2021-06-09 01:20:00,34.22896813,91.77470288,RD-146,410,95,Car,Very High,Clear,1197,Slippery,No,None,No,34.13,52.03,2021,6,9,1,Wednesday,0,0
3737,2023-03-30 02:12:00,15.13564812,77.69136503,RD-103,126,9,Bus,Low,Snow,7719,Slippery,No,None,No,39.86,31.13,2023,3,30,2,Thursday,0,0
3738,2019-12-09 09:57:00,12.19694366,86.52353573,RD-405,190,23,Car,Low,Fog,7991,Wet,No,None,No,42.54,36.03,2019,12,9,9,Monday,0,0
3739,2018-05-09 18:01:00,15.05448773,89.762188,RD-357,461,85,Bike,Low,Fog,2776,Dry,Yes,Major,No,42.62,59.77,2018,5,9,18,Wednesday,1,0
3740,2019-08-31 00:43:00,33.59022892,84.70847459,RD-317,201,65,Bike,Very High,Fog,4694,Dry,No,None,Yes,37.34,71.4,2019,8,31,0,Saturday,0,1
3741,2021-07-03 02:06:00,27.30489499,85.45812567,RD-139,140,50,Bus,High,Storm,8086,Under Maintenance,No,None,No,47.13,50.08,2021,7,3,2,Saturday,0,0
3742,2019-11-27 23:12:00,21.08871857,89.9439457,RD-28,264,22,Truck,High,Clear,5585,Under Maintenance,No,None,No,44.52,71.73,2019,11,27,23,Wednesday,0,0
3743,2023-12-28 13:11:00,31.78819966,90.23801147,RD-239,418,65,Bike,Very High,Snow,8566,Slippery,No,None,No,42.71,71.92,2023,12,28,13,Thursday,0,0
3744,2019-07-26 20:52:00,14.86506684,74.9585113,RD-336,423,64,Truck,Very High,Clear,784,Under Maintenance,No,None,No,21.67,72.24,2019,7,26,20,Friday,0,0
3745,2023-08-01 12:59:00,14.93608586,79.32956686,RD-484,173,6,Bus,Low,Clear,5341,Wet,Yes,Major,No,20.21,59.55,2023,8,1,12,Tuesday,1,0
3746,2023-01-17 23:04:00,24.44938267,90.65434823,RD-5,343,54,Car,Very High,Storm,6369,Under Maintenance,No,None,Yes,26.37,84.89,2023,1,17,23,Tuesday,0,1
3747,2018-12-23 10:49:00,30.91181996,75.58197773,RD-35,434,67,Truck,High,Clear,9706,Under Maintenance,No,None,No,39.91,59.35,2018,12,23,10,Sunday,0,0
3748,2020-07-11 08:04:00,15.52719699,94.55222501,RD-199,160,75,Bus,Low,Clear,2792,Under Maintenance,No,None,No,32.34,57.02,2020,7,11,8,Saturday,0,0
3749,2023-03-01 14:24:00,14.09099582,92.32790497,RD-339,258,53,Truck,Very High,Fog,4817,Under Maintenance,No,None,No,32.07,41.96,2023,3,1,14,Wednesday,0,0
3750,2022-03-07 11:09:00,21.74526628,93.96822997,RD-139,187,118,Truck,Medium,Fog,1645,Dry,No,None,Yes,46.54,48.46,2022,3,7,11,Monday,0,1
3751,2022-11-29 07:46:00,11.89193601,76.62169765,RD-340,123,84,Car,High,Snow,1858,Under Maintenance,No,None,No,46.87,32.54,2022,11,29,7,Tuesday,0,0
3752,2019-04-22 03:30:00,29.68654068,71.0483933,RD-437,25,75,Bike,Low,Rain,7258,Slippery,No,None,No,47.28,68.01,2019,4,22,3,Monday,0,0
3753,2020-10-14 09:18:00,24.74259675,70.91712828,RD-468,101,22,Truck,Low,Snow,4491,Under Maintenance,No,None,No,29.42,44.91,2020,10,14,9,Wednesday,0,0
3754,2018-05-07 08:19:00,22.86369506,84.12131865,RD-338,469,112,Mixed,Low,Snow,1875,Wet,No,None,No,40.73,48.25,2018,5,7,8,Monday,0,0
3755,2019-12-11 10:22:00,33.29563899,76.86212278,RD-185,465,94,Car,High,Fog,3687,Under Maintenance,Yes,Major,No,28.15,76.25,2019,12,11,10,Wednesday,1,0
3756,2020-05-13 11:11:00,29.24429291,75.64212882,RD-443,167,97,Mixed,Medium,Clear,8162,Under Maintenance,No,None,No,25.72,49.63,2020,5,13,11,Wednesday,0,0
3757,2019-10-27 03:11:00,12.32882397,74.44975643,RD-56,325,20,Car,Very High,Storm,1820,Slippery,No,None,No,25.54,44.53,2019,10,27,3,Sunday,0,0
3758,2022-01-18 00:34:00,20.19252273,84.3008307,RD-10,370,50,Car,High,Snow,4236,Dry,No,None,No,30.26,40.14,2022,1,18,0,Tuesday,0,0
3759,2020-02-12 21:05:00,17.3168461,83.89476172,RD-150,198,107,Bike,Low,Rain,6682,Wet,No,None,No,32.9,76.49,2020,2,12,21,Wednesday,0,0
3760,2021-05-14 03:39:00,31.2600137,80.24706771,RD-445,251,98,Mixed,Very High,Snow,3259,Dry,No,None,No,44.93,37.78,2021,5,14,3,Friday,0,0
3761,2022-05-30 23:00:00,28.85206674,72.01476102,RD-453,239,29,Truck,High,Clear,3790,Slippery,No,None,No,23.6,57.23,2022,5,30,23,Monday,0,0
3762,2023-01-23 21:40:00,21.68829255,94.9350494,RD-333,247,12,Car,Medium,Snow,9749,Dry,No,None,No,42.05,60.42,2023,1,23,21,Monday,0,0
3763,2020-09-24 20:20:00,31.88574876,80.41014291,RD-198,271,68,Mixed,Medium,Clear,8080,Wet,No,None,No,35.94,71.24,2020,9,24,20,Thursday,0,0
3764,2023-08-22 14:56:00,19.891947,71.58562655,RD-119,304,18,Mixed,Very High,Clear,1260,Dry,No,None,No,28.64,68.0,2023,8,22,14,Tuesday,0,0
3765,2018-03-20 19:51:00,31.30300888,69.07528924,RD-195,14,26,Bike,Very High,Storm,1529,Dry,No,None,No,34.78,78.64,2018,3,20,19,Tuesday,0,0
3766,2019-07-04 06:54:00,8.930171953,72.42520565,RD-261,268,82,Mixed,High,Storm,1612,Wet,Yes,None,No,29.0,32.69,2019,7,4,6,Thursday,1,0
3767,2020-10-20 12:14:00,11.90395032,76.61666072,RD-364,83,95,Truck,Medium,Snow,4855,Slippery,No,None,No,37.88,47.79,2020,10,20,12,Tuesday,0,0
3768,2018-11-06 22:41:00,29.92325783,86.27271216,RD-51,39,39,Mixed,High,Storm,464,Under Maintenance,Yes,None,Yes,33.02,46.81,2018,11,6,22,Tuesday,1,1
3769,2019-06-11 14:38:00,11.31728804,96.15713444,RD-463,345,108,Bike,High,Rain,2939,Wet,No,None,No,24.93,38.76,2019,6,11,14,Tuesday,0,0
3770,2018-06-14 20:22:00,27.82907018,75.8899626,RD-162,276,55,Car,Very High,Fog,8626,Slippery,No,None,No,23.5,47.35,2018,6,14,20,Thursday,0,0
3771,2020-05-22 18:53:00,28.98364015,90.90432388,RD-249,140,80,Mixed,Medium,Snow,8725,Slippery,No,None,No,36.4,48.59,2020,5,22,18,Friday,0,0
3772,2021-07-11 21:22:00,27.20366536,94.4302038,RD-444,24,47,Mixed,Low,Storm,9674,Dry,No,None,No,47.07,61.31,2021,7,11,21,Sunday,0,0
3773,2021-02-12 15:53:00,31.72873163,79.35560468,RD-306,437,89,Bus,High,Rain,1042,Wet,No,None,No,30.32,69.82,2021,2,12,15,Friday,0,0
3774,2022-12-11 19:34:00,22.83689503,75.34493422,RD-273,63,79,Truck,Low,Fog,9624,Slippery,No,None,No,41.99,52.87,2022,12,11,19,Sunday,0,0
3775,2023-07-02 21:49:00,34.01407482,82.24094009,RD-46,138,7,Truck,Medium,Rain,3353,Slippery,No,None,Yes,39.76,73.17,2023,7,2,21,Sunday,0,1
3776,2020-10-16 07:13:00,24.5153906,94.00465085,RD-96,22,77,Truck,Low,Snow,9112,Slippery,No,None,Yes,47.95,50.17,2020,10,16,7,Friday,0,1
3777,2021-08-10 00:06:00,22.72831609,68.31847418,RD-102,72,111,Mixed,High,Fog,864,Dry,No,None,No,44.63,47.42,2021,8,10,0,Tuesday,0,0
3778,2019-08-19 04:59:00,22.77223199,82.11231283,RD-257,377,59,Truck,Medium,Storm,668,Wet,No,None,No,37.0,62.47,2019,8,19,4,Monday,0,0
3779,2019-11-14 15:40:00,34.45038431,89.9702626,RD-495,321,23,Truck,High,Clear,4562,Dry,No,None,No,39.71,31.42,2019,11,14,15,Thursday,0,0
3780,2019-10-13 13:07:00,15.06718504,85.43278245,RD-235,304,46,Bus,Medium,Storm,6006,Slippery,No,None,No,46.95,34.79,2019,10,13,13,Sunday,0,0
3781,2019-03-05 09:03:00,28.15602783,82.42284212,RD-288,432,65,Bike,High,Clear,3194,Slippery,No,None,No,31.99,55.08,2019,3,5,9,Tuesday,0,0
3782,2021-09-14 01:31:00,15.03585786,84.05478284,RD-475,367,27,Bike,Low,Rain,3695,Under Maintenance,No,None,No,29.8,86.57,2021,9,14,1,Tuesday,0,0
3783,2019-09-24 21:19:00,10.67307438,85.95771808,RD-365,76,84,Car,High,Clear,9689,Wet,No,None,No,20.32,73.29,2019,9,24,21,Tuesday,0,0
3784,2022-04-19 13:42:00,35.65857245,87.78017948,RD-12,423,8,Bus,Low,Clear,730,Wet,Yes,Major,No,44.8,35.29,2022,4,19,13,Tuesday,1,0
3785,2023-08-04 04:01:00,11.76203601,78.329382,RD-21,117,100,Mixed,High,Rain,7510,Wet,No,None,No,44.03,80.78,2023,8,4,4,Friday,0,0
3786,2023-11-23 09:16:00,27.89960429,83.00386186,RD-127,434,69,Car,High,Rain,5906,Slippery,No,None,No,23.13,73.94,2023,11,23,9,Thursday,0,0
3787,2022-06-14 19:34:00,20.31220305,75.93353619,RD-473,99,8,Truck,High,Clear,6483,Slippery,No,None,No,37.31,66.66,2022,6,14,19,Tuesday,0,0
3788,2018-09-11 17:57:00,32.27593963,96.53571152,RD-272,404,63,Car,High,Clear,7146,Slippery,No,None,No,33.92,79.22,2018,9,11,17,Tuesday,0,0
3789,2020-06-01 15:12:00,30.42286331,73.43135395,RD-157,463,94,Bike,Very High,Snow,8939,Wet,No,None,No,23.56,54.25,2020,6,1,15,Monday,0,0
3790,2023-10-18 09:22:00,12.16928431,72.36905956,RD-171,85,95,Car,High,Storm,956,Under Maintenance,No,None,No,49.42,43.29,2023,10,18,9,Wednesday,0,0
3791,2018-03-11 01:09:00,21.56668558,75.795846,RD-251,473,108,Car,Very High,Fog,5561,Dry,No,None,No,26.44,60.72,2018,3,11,1,Sunday,0,0
3792,2021-04-10 19:28:00,8.79843617,94.68157326,RD-202,127,84,Bus,Medium,Rain,6739,Dry,No,None,No,22.02,62.93,2021,4,10,19,Saturday,0,0
3793,2020-06-01 17:10:00,20.45618191,87.10682568,RD-382,95,34,Truck,Low,Rain,5463,Under Maintenance,No,None,No,37.85,62.3,2020,6,1,17,Monday,0,0
3794,2022-12-24 20:13:00,28.30625885,81.22189824,RD-81,287,106,Mixed,Low,Clear,3491,Slippery,No,None,No,42.17,63.9,2022,12,24,20,Saturday,0,0
3795,2022-08-15 03:15:00,14.73253021,94.83646682,RD-10,175,37,Mixed,Very High,Rain,1523,Slippery,No,None,No,20.97,86.92,2022,8,15,3,Monday,0,0
3796,2022-01-21 21:12:00,31.49096879,94.10426858,RD-178,21,84,Bus,Medium,Storm,9323,Under Maintenance,Yes,None,No,39.76,84.13,2022,1,21,21,Friday,1,0
3797,2023-04-27 20:40:00,9.54177996,79.64618267,RD-351,429,37,Bus,High,Snow,1666,Under Maintenance,No,None,No,35.97,82.54,2023,4,27,20,Thursday,0,0
3798,2022-05-13 10:44:00,9.002424503,84.34558793,RD-181,315,24,Mixed,Low,Snow,1637,Dry,No,None,No,23.1,78.09,2022,5,13,10,Friday,0,0
3799,2018-03-15 18:37:00,8.796123894,94.25584548,RD-182,282,99,Car,Very High,Clear,7383,Dry,No,None,No,25.18,86.61,2018,3,15,18,Thursday,0,0
3800,2019-12-09 22:55:00,16.12077928,77.26256121,RD-321,241,52,Truck,Medium,Clear,4119,Slippery,No,None,No,37.04,35.91,2019,12,9,22,Monday,0,0
3801,2022-03-30 17:43:00,21.54606845,79.81857971,RD-155,169,31,Mixed,Medium,Fog,6968,Under Maintenance,No,None,No,28.89,45.91,2022,3,30,17,Wednesday,0,0
3802,2020-12-19 09:04:00,11.11596336,90.99742325,RD-121,182,36,Car,Very High,Storm,795,Wet,No,None,No,48.15,59.7,2020,12,19,9,Saturday,0,0
3803,2023-08-08 09:37:00,36.90556425,88.26052652,RD-257,430,90,Car,Medium,Rain,324,Slippery,No,None,Yes,44.56,80.79,2023,8,8,9,Tuesday,0,1
3804,2021-01-27 20:14:00,36.98727136,69.41086137,RD-142,204,104,Bike,Low,Clear,6054,Wet,No,None,No,49.51,60.31,2021,1,27,20,Wednesday,0,0
3805,2022-01-02 01:03:00,23.07426862,71.40391666,RD-416,290,31,Bus,Very High,Fog,9629,Dry,Yes,Minor,No,27.79,74.88,2022,1,2,1,Sunday,1,0
3806,2020-12-17 01:48:00,24.47227651,92.54165247,RD-32,92,29,Mixed,Very High,Snow,6126,Under Maintenance,No,None,No,49.09,38.34,2020,12,17,1,Thursday,0,0
3807,2023-08-18 06:36:00,34.87744301,68.86242339,RD-321,366,70,Mixed,Medium,Rain,833,Dry,No,None,No,32.94,45.14,2023,8,18,6,Friday,0,0
3808,2021-06-11 22:58:00,30.3239906,94.67794696,RD-132,123,114,Truck,Very High,Snow,1721,Dry,No,None,No,30.43,73.91,2021,6,11,22,Friday,0,0
3809,2021-04-11 19:00:00,12.87048267,75.88082982,RD-450,111,106,Mixed,Very High,Snow,9857,Dry,Yes,None,No,21.51,39.88,2021,4,11,19,Sunday,1,0
3810,2022-02-01 07:38:00,30.98217854,85.35299629,RD-199,114,91,Car,Medium,Storm,3594,Slippery,Yes,None,No,21.58,51.08,2022,2,1,7,Tuesday,1,0
3811,2023-01-17 11:03:00,14.69726966,84.37284564,RD-456,314,16,Car,Very High,Clear,8310,Dry,No,None,No,40.76,45.89,2023,1,17,11,Tuesday,0,0
3812,2023-07-24 06:08:00,20.47718698,79.49135893,RD-418,52,105,Truck,Low,Clear,2083,Wet,No,None,No,33.74,50.99,2023,7,24,6,Monday,0,0
3813,2018-09-30 02:54:00,23.44273912,68.91167078,RD-16,248,50,Car,Very High,Clear,7186,Wet,No,None,No,26.8,72.5,2018,9,30,2,Sunday,0,0
3814,2020-10-04 04:16:00,28.79297967,73.58166656,RD-484,284,105,Car,Medium,Snow,785,Slippery,No,None,No,38.42,52.07,2020,10,4,4,Sunday,0,0
3815,2022-12-28 02:32:00,12.35435863,85.83423109,RD-285,345,118,Mixed,Very High,Fog,5403,Under Maintenance,No,None,No,27.59,63.32,2022,12,28,2,Wednesday,0,0
3816,2022-09-01 15:14:00,10.20892579,80.94481041,RD-486,291,52,Bus,Low,Storm,8998,Under Maintenance,No,None,No,37.33,36.0,2022,9,1,15,Thursday,0,0
3817,2018-03-06 01:29:00,33.11757657,80.00127433,RD-144,106,89,Mixed,High,Storm,5882,Dry,No,None,No,30.78,78.3,2018,3,6,1,Tuesday,0,0
3818,2022-05-30 04:51:00,31.97698225,70.83338412,RD-116,24,116,Bike,Low,Snow,628,Dry,No,None,No,44.71,52.19,2022,5,30,4,Monday,0,0
3819,2022-07-20 21:42:00,23.17469492,78.06669533,RD-78,318,110,Truck,Very High,Clear,2679,Wet,No,None,No,44.62,68.91,2022,7,20,21,Wednesday,0,0
3820,2018-08-01 16:34:00,27.20855031,83.26648601,RD-175,238,79,Car,Low,Fog,830,Dry,No,None,No,34.32,73.52,2018,8,1,16,Wednesday,0,0
3821,2018-11-30 10:47:00,28.85973827,70.25308931,RD-460,29,89,Mixed,High,Clear,5213,Wet,Yes,Minor,No,30.52,42.58,2018,11,30,10,Friday,1,0
3822,2023-04-06 13:29:00,21.81940935,69.93417683,RD-202,142,41,Mixed,Medium,Storm,1305,Wet,No,None,No,30.88,83.08,2023,4,6,13,Thursday,0,0
3823,2020-09-10 11:11:00,15.45968408,82.25504811,RD-337,329,8,Car,Medium,Fog,9427,Slippery,No,None,No,44.17,66.97,2020,9,10,11,Thursday,0,0
3824,2018-11-20 08:22:00,21.96037981,84.27631304,RD-71,441,94,Truck,Medium,Rain,244,Under Maintenance,No,None,No,29.85,55.72,2018,11,20,8,Tuesday,0,0
3825,2021-07-27 21:20:00,35.57314174,75.47160363,RD-45,433,88,Mixed,Low,Rain,2851,Slippery,No,None,No,26.27,40.94,2021,7,27,21,Tuesday,0,0
3826,2023-05-08 07:59:00,32.29714289,77.44722406,RD-374,289,65,Bus,High,Snow,9862,Slippery,No,None,Yes,22.54,86.54,2023,5,8,7,Monday,0,1
3827,2019-04-25 07:29:00,21.50087748,91.10924231,RD-196,335,75,Car,High,Rain,4487,Dry,No,None,No,34.0,75.3,2019,4,25,7,Thursday,0,0
3828,2018-11-06 16:04:00,14.54179197,93.2078447,RD-267,405,106,Truck,Medium,Storm,883,Dry,No,None,No,34.46,42.48,2018,11,6,16,Tuesday,0,0
3829,2018-07-29 12:10:00,33.79881841,77.43163191,RD-492,137,51,Bike,Medium,Storm,4054,Under Maintenance,No,None,No,45.23,50.26,2018,7,29,12,Sunday,0,0
3830,2018-02-09 09:08:00,26.50899163,78.31572236,RD-348,269,95,Car,Medium,Rain,9816,Dry,Yes,Major,No,26.64,78.58,2018,2,9,9,Friday,1,0
3831,2021-09-27 16:52:00,19.73745874,92.07947016,RD-314,121,51,Bike,Very High,Snow,7954,Under Maintenance,No,None,No,31.43,71.74,2021,9,27,16,Monday,0,0
3832,2018-07-29 04:06:00,11.23806869,96.24120054,RD-447,180,21,Car,Very High,Snow,3588,Under Maintenance,Yes,Fatal,Yes,44.25,75.95,2018,7,29,4,Sunday,1,1
3833,2019-06-07 05:58:00,29.80114548,77.29720266,RD-321,470,36,Mixed,High,Fog,3169,Under Maintenance,No,None,No,44.71,56.47,2019,6,7,5,Friday,0,0
3834,2022-07-13 17:56:00,17.1921988,90.87307057,RD-352,189,14,Truck,Medium,Rain,6756,Dry,No,None,No,31.54,72.99,2022,7,13,17,Wednesday,0,0
3835,2022-10-26 00:20:00,25.58287151,81.9110787,RD-117,414,54,Bus,High,Rain,9147,Slippery,No,None,No,33.77,53.19,2022,10,26,0,Wednesday,0,0
3836,2022-05-08 00:00:00,24.51889973,75.64811332,RD-214,206,79,Bike,Low,Storm,9504,Wet,No,None,No,29.1,42.68,2022,5,8,0,Sunday,0,0
3837,2018-07-24 05:25:00,28.28906924,87.7717707,RD-124,406,63,Bike,Very High,Rain,7371,Wet,No,None,No,47.98,67.96,2018,7,24,5,Tuesday,0,0
3838,2023-08-18 16:00:00,23.59101212,81.41396093,RD-294,267,22,Car,Medium,Clear,5873,Slippery,No,None,No,23.56,88.56,2023,8,18,16,Friday,0,0
3839,2022-11-19 20:50:00,26.28193505,75.77671075,RD-79,373,70,Bike,Low,Snow,351,Wet,No,None,No,48.01,48.64,2022,11,19,20,Saturday,0,0
3840,2023-03-27 20:27:00,10.36473014,71.10965967,RD-219,143,39,Car,High,Snow,8380,Slippery,No,None,No,40.52,57.66,2023,3,27,20,Monday,0,0
3841,2022-02-16 22:07:00,27.29308151,93.141678,RD-497,102,10,Car,Low,Fog,7970,Under Maintenance,Yes,Minor,No,35.95,70.44,2022,2,16,22,Wednesday,1,0
3842,2023-10-13 10:50:00,13.63153596,93.4813663,RD-160,160,7,Bike,Very High,Rain,1946,Dry,No,None,No,20.98,62.49,2023,10,13,10,Friday,0,0
3843,2023-03-22 21:33:00,19.36744101,70.17389092,RD-466,492,75,Bike,Low,Snow,4656,Slippery,No,None,No,34.27,80.61,2023,3,22,21,Wednesday,0,0
3844,2019-06-11 07:01:00,22.86350116,87.23846575,RD-310,339,39,Mixed,Medium,Rain,4262,Slippery,No,None,No,32.23,75.7,2019,6,11,7,Tuesday,0,0
3845,2022-09-02 19:35:00,27.91943812,72.71474549,RD-169,477,115,Mixed,Medium,Storm,2313,Dry,No,None,No,24.84,33.5,2022,9,2,19,Friday,0,0
3846,2018-03-10 10:21:00,29.53039295,86.74328232,RD-230,354,81,Mixed,Very High,Snow,2311,Under Maintenance,No,None,No,39.69,89.91,2018,3,10,10,Saturday,0,0
3847,2020-12-04 01:35:00,28.44275755,94.32089861,RD-278,173,106,Truck,High,Rain,6799,Dry,No,None,No,49.13,75.14,2020,12,4,1,Friday,0,0
3848,2020-05-20 11:44:00,10.75805831,75.54622602,RD-68,19,70,Bus,High,Rain,9828,Dry,No,None,Yes,36.87,81.83,2020,5,20,11,Wednesday,0,1
3849,2021-06-16 07:22:00,19.22021516,78.08994775,RD-106,420,70,Mixed,High,Fog,8605,Under Maintenance,No,None,No,41.44,69.07,2021,6,16,7,Wednesday,0,0
3850,2019-07-14 20:51:00,16.13928709,91.05876882,RD-335,400,55,Mixed,High,Snow,1509,Wet,No,None,No,22.05,81.38,2019,7,14,20,Sunday,0,0
3851,2022-09-21 19:40:00,19.55422421,89.32583999,RD-71,59,76,Car,Low,Clear,2956,Slippery,No,None,No,32.53,36.74,2022,9,21,19,Wednesday,0,0
3852,2019-05-19 19:03:00,26.75932235,79.85100325,RD-298,286,77,Bus,High,Snow,6213,Wet,No,None,No,23.49,50.86,2019,5,19,19,Sunday,0,0
3853,2023-09-20 13:01:00,13.59470106,92.6078943,RD-278,95,38,Bike,Very High,Storm,811,Wet,No,None,No,38.38,82.59,2023,9,20,13,Wednesday,0,0
3854,2021-05-22 05:27:00,22.56088169,94.69697886,RD-351,55,43,Truck,Low,Rain,9545,Slippery,No,None,No,48.15,42.1,2021,5,22,5,Saturday,0,0
3855,2021-01-31 05:17:00,33.66127556,81.12666552,RD-410,475,99,Bike,High,Snow,6888,Under Maintenance,No,None,Yes,39.85,34.69,2021,1,31,5,Sunday,0,1
3856,2022-04-10 22:18:00,29.20267887,69.14409648,RD-104,10,97,Car,Medium,Rain,8831,Wet,No,None,No,22.3,77.29,2022,4,10,22,Sunday,0,0
3857,2019-02-23 00:27:00,29.03558822,82.77375936,RD-442,354,53,Truck,High,Fog,6929,Under Maintenance,No,None,No,30.64,80.13,2019,2,23,0,Saturday,0,0
3858,2018-12-06 17:23:00,32.61277496,89.45079133,RD-71,448,51,Mixed,Low,Fog,9256,Wet,No,None,No,36.52,39.76,2018,12,6,17,Thursday,0,0
3859,2022-06-19 21:56:00,19.57810479,74.38103653,RD-159,257,40,Bus,Low,Snow,6022,Under Maintenance,No,None,No,32.1,81.26,2022,6,19,21,Sunday,0,0
3860,2019-11-16 14:09:00,30.02500217,70.8834793,RD-353,62,26,Bus,Low,Fog,3027,Dry,No,None,No,45.01,71.21,2019,11,16,14,Saturday,0,0
3861,2023-01-12 15:58:00,9.702428169,76.27122466,RD-362,414,91,Mixed,Very High,Rain,7594,Dry,No,None,No,44.44,61.2,2023,1,12,15,Thursday,0,0
3862,2020-07-17 01:59:00,9.636381967,68.33601977,RD-461,122,81,Bike,Low,Storm,2687,Dry,No,None,Yes,38.35,79.82,2020,7,17,1,Friday,0,1
3863,2018-08-19 06:13:00,17.62216105,88.74868016,RD-269,487,103,Bike,Very High,Snow,6474,Wet,No,None,No,31.2,55.15,2018,8,19,6,Sunday,0,0
3864,2023-11-04 14:00:00,13.70856202,72.23598261,RD-466,425,48,Mixed,Very High,Storm,5499,Under Maintenance,No,None,No,27.66,41.64,2023,11,4,14,Saturday,0,0
3865,2022-07-03 23:11:00,23.03761893,88.98582164,RD-70,492,71,Mixed,Very High,Fog,8919,Under Maintenance,No,None,No,23.18,47.09,2022,7,3,23,Sunday,0,0
3866,2020-08-09 18:05:00,13.31287137,74.80189179,RD-221,248,65,Bus,Low,Fog,5807,Wet,No,None,No,30.65,60.31,2020,8,9,18,Sunday,0,0
3867,2019-07-19 08:45:00,36.29164241,96.76980115,RD-466,23,119,Bike,Very High,Rain,9114,Under Maintenance,No,None,No,32.4,61.88,2019,7,19,8,Friday,0,0
3868,2023-10-20 20:06:00,32.6820488,83.42206608,RD-500,304,13,Truck,Low,Snow,9874,Dry,Yes,None,No,40.27,78.33,2023,10,20,20,Friday,1,0
3869,2022-09-03 18:35:00,36.49347727,69.19882682,RD-395,135,52,Truck,Low,Snow,9589,Slippery,No,None,No,39.74,77.48,2022,9,3,18,Saturday,0,0
3870,2023-02-05 00:01:00,31.42512774,90.40768745,RD-75,307,22,Car,High,Clear,8678,Dry,No,None,No,22.1,64.88,2023,2,5,0,Sunday,0,0
3871,2018-09-28 03:42:00,35.5821812,79.89261711,RD-336,290,94,Car,High,Rain,2248,Slippery,No,None,No,31.86,76.85,2018,9,28,3,Friday,0,0
3872,2019-06-21 10:22:00,18.67505161,85.61231736,RD-478,422,33,Car,Very High,Snow,5758,Slippery,No,None,No,25.45,41.51,2019,6,21,10,Friday,0,0
3873,2020-12-10 13:08:00,22.43924726,95.58518346,RD-290,262,52,Bike,High,Storm,741,Wet,No,None,Yes,24.7,33.0,2020,12,10,13,Thursday,0,1
3874,2023-05-01 05:53:00,14.9540214,83.00082338,RD-470,497,16,Truck,Medium,Fog,4252,Under Maintenance,No,None,Yes,44.82,82.42,2023,5,1,5,Monday,0,1
3875,2019-11-06 08:29:00,26.43837585,91.32691459,RD-81,297,43,Bike,Low,Storm,1751,Dry,No,None,Yes,21.26,34.53,2019,11,6,8,Wednesday,0,1
3876,2022-08-22 07:36:00,30.85867875,76.7809917,RD-163,20,27,Mixed,High,Fog,4463,Slippery,No,None,No,32.58,44.8,2022,8,22,7,Monday,0,0
3877,2019-06-21 20:45:00,22.46352293,88.72111026,RD-35,165,23,Bus,Medium,Rain,6719,Wet,No,None,No,25.05,71.72,2019,6,21,20,Friday,0,0
3878,2023-01-21 09:15:00,16.59481232,70.88036713,RD-286,462,28,Car,Medium,Snow,3041,Under Maintenance,No,None,No,46.38,54.57,2023,1,21,9,Saturday,0,0
3879,2021-11-14 15:12:00,22.72249362,93.90712259,RD-273,265,112,Mixed,Very High,Fog,662,Wet,No,None,No,36.71,82.58,2021,11,14,15,Sunday,0,0
3880,2022-06-14 13:56:00,9.823961376,73.79267481,RD-486,236,111,Mixed,Low,Rain,1551,Wet,No,None,No,26.94,47.88,2022,6,14,13,Tuesday,0,0
3881,2020-11-04 07:42:00,28.9124641,76.75595651,RD-369,290,48,Bus,Medium,Storm,2364,Dry,No,None,No,35.07,30.71,2020,11,4,7,Wednesday,0,0
3882,2020-07-14 04:30:00,21.09660217,95.78814456,RD-61,61,98,Truck,High,Fog,3727,Wet,Yes,Minor,Yes,41.94,48.04,2020,7,14,4,Tuesday,1,1
3883,2023-07-30 06:13:00,34.04879234,72.50119418,RD-95,178,99,Truck,Low,Snow,5579,Wet,No,None,Yes,48.74,64.68,2023,7,30,6,Sunday,0,1
3884,2020-03-16 08:06:00,34.77425897,75.37788302,RD-163,188,87,Mixed,High,Storm,9696,Under Maintenance,No,None,No,26.61,52.56,2020,3,16,8,Monday,0,0
3885,2020-09-27 08:53:00,11.6396395,84.82519965,RD-430,144,89,Bus,High,Rain,682,Slippery,No,None,Yes,46.59,62.09,2020,9,27,8,Sunday,0,1
3886,2022-10-03 01:59:00,36.88721863,96.44012598,RD-451,426,53,Truck,Medium,Storm,9283,Slippery,No,None,No,48.03,82.6,2022,10,3,1,Monday,0,0
3887,2023-01-05 17:13:00,36.12485292,88.05116476,RD-75,51,115,Car,Very High,Fog,3789,Slippery,No,None,No,47.49,84.75,2023,1,5,17,Thursday,0,0
3888,2019-02-07 22:05:00,26.18681098,71.31151218,RD-373,484,78,Bike,Low,Clear,2046,Slippery,No,None,No,39.06,45.96,2019,2,7,22,Thursday,0,0
3889,2021-11-25 19:16:00,31.9379825,89.69539742,RD-16,373,8,Bus,Very High,Clear,5008,Dry,No,None,No,38.89,57.73,2021,11,25,19,Thursday,0,0
3890,2021-06-25 04:25:00,8.534672407,80.36024847,RD-392,120,66,Mixed,Medium,Snow,7407,Wet,Yes,None,No,32.1,62.95,2021,6,25,4,Friday,1,0
3891,2021-06-11 19:05:00,36.14118065,96.77753928,RD-164,222,22,Bike,Very High,Rain,9489,Slippery,No,None,No,42.57,86.95,2021,6,11,19,Friday,0,0
3892,2020-05-27 17:23:00,21.23310387,86.23279474,RD-451,66,64,Truck,Medium,Snow,880,Under Maintenance,No,None,No,35.94,89.92,2020,5,27,17,Wednesday,0,0
3893,2023-10-27 22:20:00,34.38130645,83.42672096,RD-499,484,113,Truck,High,Fog,5153,Dry,No,None,No,40.32,44.12,2023,10,27,22,Friday,0,0
3894,2018-07-26 15:57:00,19.16862082,84.16068953,RD-212,482,68,Bus,High,Rain,4099,Slippery,No,None,No,32.85,73.62,2018,7,26,15,Thursday,0,0
3895,2021-11-25 05:21:00,30.85711756,86.60529251,RD-493,479,105,Bike,Medium,Clear,5715,Under Maintenance,No,None,Yes,41.94,52.68,2021,11,25,5,Thursday,0,1
3896,2022-03-13 15:49:00,20.12042987,89.22304905,RD-211,20,24,Truck,High,Storm,3541,Under Maintenance,No,None,No,44.73,30.49,2022,3,13,15,Sunday,0,0
3897,2021-03-31 23:40:00,18.51849182,70.27133322,RD-156,335,56,Bus,Medium,Storm,8800,Under Maintenance,No,None,No,24.39,30.56,2021,3,31,23,Wednesday,0,0
3898,2023-12-25 13:04:00,35.45649828,71.78941607,RD-227,332,40,Bike,Low,Fog,2981,Under Maintenance,No,None,No,44.99,57.63,2023,12,25,13,Monday,0,0
3899,2018-05-08 20:08:00,28.27423448,76.71385404,RD-382,39,66,Mixed,High,Fog,7804,Dry,No,None,No,36.21,59.3,2018,5,8,20,Tuesday,0,0
3900,2021-06-06 20:54:00,32.36235162,81.86067542,RD-479,485,52,Mixed,High,Rain,2405,Wet,No,None,No,45.34,31.35,2021,6,6,20,Sunday,0,0
3901,2022-06-23 00:38:00,23.75738599,77.02095453,RD-421,370,100,Truck,Medium,Clear,4226,Wet,No,None,No,32.94,71.22,2022,6,23,0,Thursday,0,0
3902,2023-10-05 14:36:00,34.63211361,74.20130574,RD-458,218,61,Bus,Medium,Storm,4230,Under Maintenance,No,None,No,31.37,47.64,2023,10,5,14,Thursday,0,0
3903,2022-06-21 14:08:00,29.45885325,94.82586154,RD-327,32,61,Car,High,Rain,422,Slippery,No,None,No,47.45,63.59,2022,6,21,14,Tuesday,0,0
3904,2019-12-27 20:34:00,10.09286187,68.9454155,RD-478,316,95,Truck,Low,Rain,7001,Wet,No,None,No,27.54,48.06,2019,12,27,20,Friday,0,0
3905,2021-08-24 22:27:00,30.23925216,95.22224695,RD-379,235,45,Car,High,Rain,6794,Wet,No,None,No,45.33,40.03,2021,8,24,22,Tuesday,0,0
3906,2018-09-01 18:49:00,8.542603548,94.31002712,RD-141,350,92,Bike,Medium,Snow,4055,Slippery,No,None,Yes,34.52,54.43,2018,9,1,18,Saturday,0,1
3907,2023-09-28 03:40:00,32.04299874,87.82967075,RD-78,14,97,Bus,Low,Rain,9622,Slippery,No,None,No,35.42,43.94,2023,9,28,3,Thursday,0,0
3908,2019-06-03 12:07:00,17.62411551,68.94350288,RD-399,315,57,Truck,Low,Rain,3099,Dry,No,None,No,29.25,62.09,2019,6,3,12,Monday,0,0
3909,2020-12-20 04:52:00,25.35025757,74.53531129,RD-97,265,92,Mixed,Low,Rain,1264,Dry,No,None,No,37.19,41.93,2020,12,20,4,Sunday,0,0
3910,2018-12-02 03:22:00,29.73193353,96.39391809,RD-55,181,66,Bike,Very High,Rain,4381,Dry,No,None,Yes,29.76,60.5,2018,12,2,3,Sunday,0,1
3911,2022-01-17 13:39:00,26.47198388,94.27256059,RD-68,385,33,Bike,Very High,Snow,5587,Under Maintenance,No,None,No,21.18,39.44,2022,1,17,13,Monday,0,0
3912,2023-01-23 01:38:00,27.49873671,95.97258687,RD-95,24,43,Bike,Medium,Fog,616,Under Maintenance,No,None,Yes,28.16,70.26,2023,1,23,1,Monday,0,1
3913,2022-02-07 21:30:00,33.88730656,96.88757163,RD-14,119,86,Car,High,Snow,2399,Wet,No,None,Yes,20.19,75.24,2022,2,7,21,Monday,0,1
3914,2020-07-23 14:04:00,18.84518751,69.85273652,RD-391,11,14,Car,High,Rain,6497,Dry,No,None,No,49.35,36.62,2020,7,23,14,Thursday,0,0
3915,2021-02-02 06:03:00,23.86720934,84.55501356,RD-314,417,115,Bike,Very High,Fog,8763,Under Maintenance,No,None,No,48.97,58.07,2021,2,2,6,Tuesday,0,0
3916,2021-01-19 10:56:00,13.07293242,92.18999073,RD-316,191,65,Truck,Low,Snow,6317,Wet,No,None,Yes,31.85,34.25,2021,1,19,10,Tuesday,0,1
3917,2022-10-26 12:22:00,21.55874938,77.27156001,RD-137,275,60,Car,Very High,Clear,9300,Dry,Yes,Fatal,Yes,41.85,65.89,2022,10,26,12,Wednesday,1,1
3918,2019-01-04 18:43:00,12.35105475,80.63120295,RD-311,221,13,Bus,High,Clear,5595,Wet,Yes,Fatal,No,30.37,45.86,2019,1,4,18,Friday,1,0
3919,2023-04-07 10:02:00,26.37398084,76.22842081,RD-291,300,54,Mixed,Medium,Rain,6039,Under Maintenance,No,None,No,40.13,61.66,2023,4,7,10,Friday,0,0
3920,2020-04-08 02:17:00,17.40329033,69.10409194,RD-314,391,79,Truck,High,Rain,9065,Dry,No,None,No,44.16,61.05,2020,4,8,2,Wednesday,0,0
3921,2020-12-06 15:19:00,32.91141994,70.10868693,RD-119,50,16,Bus,Very High,Storm,1463,Wet,No,None,No,48.4,85.46,2020,12,6,15,Sunday,0,0
3922,2020-03-29 07:37:00,17.96375127,68.62181132,RD-306,312,6,Car,Medium,Clear,6629,Slippery,No,None,No,32.01,62.94,2020,3,29,7,Sunday,0,0
3923,2023-08-19 07:50:00,16.31818287,83.29008902,RD-119,135,94,Mixed,Low,Fog,2730,Wet,No,None,No,43.5,64.98,2023,8,19,7,Saturday,0,0
3924,2018-06-08 02:48:00,22.2468531,85.93426941,RD-119,255,77,Bike,Low,Fog,855,Slippery,Yes,Minor,No,27.98,54.1,2018,6,8,2,Friday,1,0
3925,2018-06-15 06:15:00,13.0845325,76.92334879,RD-352,350,21,Mixed,Medium,Storm,4983,Slippery,Yes,Major,No,49.71,86.94,2018,6,15,6,Friday,1,0
3926,2020-02-26 20:46:00,13.91037771,91.95830758,RD-14,423,39,Bike,Low,Clear,7760,Wet,No,None,Yes,20.77,76.63,2020,2,26,20,Wednesday,0,1
3927,2020-08-18 16:17:00,30.71123619,93.75238719,RD-184,262,50,Bus,High,Snow,7037,Wet,No,None,Yes,38.11,47.12,2020,8,18,16,Tuesday,0,1
3928,2023-09-18 13:30:00,22.41953668,72.05270085,RD-41,486,71,Bus,High,Snow,2650,Slippery,No,None,No,39.79,80.65,2023,9,18,13,Monday,0,0
3929,2019-04-15 17:14:00,13.98391638,69.50580942,RD-353,131,74,Truck,High,Fog,7529,Dry,No,None,Yes,40.64,55.94,2019,4,15,17,Monday,0,1
3930,2018-11-23 16:41:00,8.91416141,77.26203778,RD-400,364,111,Bus,Medium,Snow,9989,Slippery,Yes,Fatal,No,23.61,79.72,2018,11,23,16,Friday,1,0
3931,2020-12-18 15:15:00,21.52784627,88.67663844,RD-245,431,91,Car,Very High,Rain,799,Dry,No,None,No,48.16,79.37,2020,12,18,15,Friday,0,0
3932,2021-10-18 09:02:00,29.53627378,82.71529285,RD-69,35,39,Car,High,Rain,6487,Slippery,No,None,No,25.44,41.33,2021,10,18,9,Monday,0,0
3933,2021-06-24 21:08:00,18.18451186,82.15460992,RD-258,29,83,Mixed,Low,Storm,8422,Slippery,No,None,Yes,38.68,72.07,2021,6,24,21,Thursday,0,1
3934,2020-03-12 17:35:00,15.19096382,72.41990156,RD-434,301,76,Bike,High,Snow,5119,Under Maintenance,No,None,No,26.68,47.44,2020,3,12,17,Thursday,0,0
3935,2022-12-31 05:43:00,19.49500725,78.19216943,RD-310,329,100,Mixed,High,Storm,1934,Slippery,No,None,No,29.22,47.85,2022,12,31,5,Saturday,0,0
3936,2018-08-15 23:15:00,35.8147568,95.80784649,RD-241,52,38,Truck,Medium,Clear,7155,Wet,No,None,Yes,36.39,47.78,2018,8,15,23,Wednesday,0,1
3937,2023-05-14 20:17:00,20.27170073,77.87625273,RD-365,177,15,Truck,Low,Snow,649,Wet,No,None,No,32.52,73.53,2023,5,14,20,Sunday,0,0
3938,2018-09-28 03:07:00,15.52950454,85.15153996,RD-333,27,114,Car,High,Fog,6971,Under Maintenance,No,None,No,24.81,43.79,2018,9,28,3,Friday,0,0
3939,2021-09-27 03:10:00,24.50803366,69.69211807,RD-192,415,7,Truck,Low,Fog,4063,Under Maintenance,No,None,Yes,25.13,30.05,2021,9,27,3,Monday,0,1
3940,2020-02-14 09:16:00,31.51156851,69.85177348,RD-95,214,97,Car,Medium,Clear,5573,Wet,No,None,No,32.54,72.91,2020,2,14,9,Friday,0,0
3941,2023-04-29 05:05:00,8.647636643,80.30336578,RD-437,88,14,Bike,Very High,Rain,4691,Under Maintenance,No,None,No,42.72,40.27,2023,4,29,5,Saturday,0,0
3942,2022-07-31 01:20:00,24.1849489,85.51925834,RD-199,25,86,Mixed,Medium,Rain,6459,Slippery,No,None,No,46.94,36.27,2022,7,31,1,Sunday,0,0
3943,2019-03-24 14:56:00,32.25305993,78.79789026,RD-252,482,86,Truck,High,Rain,3898,Slippery,No,None,No,22.52,44.25,2019,3,24,14,Sunday,0,0
3944,2020-07-01 15:46:00,14.25308893,73.1913937,RD-243,268,16,Bike,High,Snow,2485,Wet,No,None,No,31.79,52.79,2020,7,1,15,Wednesday,0,0
3945,2019-08-04 23:24:00,34.72880641,89.34276214,RD-71,334,95,Truck,Low,Storm,8667,Wet,No,None,No,23.01,58.55,2019,8,4,23,Sunday,0,0
3946,2020-02-14 21:16:00,24.75317301,72.06127069,RD-84,420,55,Bus,High,Clear,1030,Wet,No,None,No,20.5,32.67,2020,2,14,21,Friday,0,0
3947,2023-07-13 15:54:00,22.98506669,87.3724856,RD-99,112,87,Truck,Medium,Snow,8469,Wet,No,None,No,39.85,88.23,2023,7,13,15,Thursday,0,0
3948,2021-04-08 18:05:00,35.94618401,95.74530016,RD-116,106,109,Bike,Medium,Fog,4358,Slippery,No,None,No,38.07,72.96,2021,4,8,18,Thursday,0,0
3949,2021-09-21 13:33:00,11.75989974,81.64556889,RD-17,433,101,Truck,Medium,Storm,7540,Dry,No,None,No,24.89,49.39,2021,9,21,13,Tuesday,0,0
3950,2019-04-04 14:25:00,29.46409382,73.81257668,RD-210,111,93,Bus,Medium,Storm,926,Wet,No,None,No,27.01,49.12,2019,4,4,14,Thursday,0,0
3951,2022-01-11 11:53:00,31.73856743,92.41747215,RD-392,13,112,Truck,Medium,Snow,4216,Under Maintenance,No,None,No,20.71,56.91,2022,1,11,11,Tuesday,0,0
3952,2019-02-17 19:44:00,22.168139,82.65880971,RD-497,180,63,Bike,High,Fog,5600,Slippery,No,None,Yes,45.05,67.57,2019,2,17,19,Sunday,0,1
3953,2018-02-01 18:13:00,8.187794636,94.77343844,RD-8,111,6,Car,Low,Storm,2470,Under Maintenance,Yes,Minor,Yes,49.24,38.78,2018,2,1,18,Thursday,1,1
3954,2020-06-05 17:05:00,23.20575868,88.89699619,RD-474,317,6,Bike,High,Snow,9964,Dry,No,None,No,24.06,41.34,2020,6,5,17,Friday,0,0
3955,2019-06-18 20:41:00,12.45184594,80.48767857,RD-139,257,9,Car,High,Fog,5606,Wet,No,None,No,26.94,81.57,2019,6,18,20,Tuesday,0,0
3956,2018-07-03 18:29:00,24.31454513,85.90414415,RD-487,317,26,Car,Low,Snow,2305,Slippery,No,None,Yes,46.05,45.38,2018,7,3,18,Tuesday,0,1
3957,2021-09-02 18:53:00,29.41993994,72.92896818,RD-212,126,37,Mixed,Very High,Fog,5582,Under Maintenance,No,None,No,47.79,52.81,2021,9,2,18,Thursday,0,0
3958,2018-05-12 01:46:00,23.40107147,79.2296818,RD-114,331,112,Bike,High,Clear,5666,Under Maintenance,No,None,Yes,32.59,82.28,2018,5,12,1,Saturday,0,1
3959,2021-03-19 12:24:00,26.2932583,85.22226694,RD-381,455,73,Mixed,Low,Rain,1373,Under Maintenance,No,None,No,21.52,69.79,2021,3,19,12,Friday,0,0
3960,2020-01-09 20:58:00,11.01442067,85.11121366,RD-344,92,32,Car,Medium,Snow,4299,Under Maintenance,No,None,No,21.18,50.5,2020,1,9,20,Thursday,0,0
3961,2023-05-02 01:37:00,10.81432608,85.02924564,RD-104,72,62,Truck,Medium,Snow,6306,Wet,No,None,No,37.22,71.02,2023,5,2,1,Tuesday,0,0
3962,2020-04-13 14:11:00,32.67728196,89.56254622,RD-388,188,18,Car,Medium,Snow,7335,Slippery,No,None,No,31.79,31.18,2020,4,13,14,Monday,0,0
3963,2021-06-28 00:48:00,9.430565963,71.06394816,RD-105,201,108,Bike,Medium,Snow,5008,Under Maintenance,No,None,No,20.86,74.14,2021,6,28,0,Monday,0,0
3964,2021-05-03 02:07:00,16.24469895,70.13605555,RD-34,219,111,Bike,Medium,Clear,4387,Slippery,No,None,No,37.5,59.22,2021,5,3,2,Monday,0,0
3965,2023-02-04 23:36:00,35.19320079,72.29260088,RD-91,133,54,Bike,Low,Rain,9917,Slippery,No,None,No,20.34,78.79,2023,2,4,23,Saturday,0,0
3966,2019-12-16 01:32:00,21.30714629,90.979435,RD-475,449,78,Bike,High,Rain,3921,Dry,No,None,No,43.62,87.28,2019,12,16,1,Monday,0,0
3967,2020-11-11 19:26:00,27.56161882,69.88075866,RD-489,20,45,Truck,Low,Storm,1719,Dry,No,None,No,29.19,85.55,2020,11,11,19,Wednesday,0,0
3968,2023-07-12 17:21:00,14.42902068,74.53182887,RD-225,172,19,Mixed,Very High,Clear,375,Under Maintenance,No,None,Yes,21.21,84.56,2023,7,12,17,Wednesday,0,1
3969,2019-02-25 09:23:00,15.84487353,75.38850416,RD-444,404,78,Bus,Low,Rain,6127,Wet,No,None,Yes,37.65,60.73,2019,2,25,9,Monday,0,1
3970,2023-07-21 07:25:00,22.76101588,86.77029705,RD-316,426,72,Mixed,Low,Rain,2428,Wet,No,None,Yes,31.93,51.61,2023,7,21,7,Friday,0,1
3971,2022-12-26 18:58:00,26.5049014,79.64725626,RD-251,75,47,Car,Low,Fog,8653,Wet,No,None,No,49.21,57.9,2022,12,26,18,Monday,0,0
3972,2020-07-19 16:54:00,35.85337251,73.77080348,RD-353,394,59,Bike,Low,Fog,4030,Under Maintenance,Yes,Fatal,No,36.33,71.39,2020,7,19,16,Sunday,1,0
3973,2019-02-16 01:34:00,24.65817915,81.03661522,RD-167,42,53,Bike,Very High,Clear,6405,Wet,No,None,No,28.26,83.04,2019,2,16,1,Saturday,0,0
3974,2022-11-30 09:53:00,10.78310384,87.87808931,RD-444,86,22,Bus,Medium,Clear,9451,Slippery,No,None,Yes,41.28,42.42,2022,11,30,9,Wednesday,0,1
3975,2020-09-26 03:52:00,18.64066035,90.79550423,RD-235,164,85,Mixed,Very High,Rain,8156,Slippery,No,None,No,28.14,85.09,2020,9,26,3,Saturday,0,0
3976,2019-05-25 23:58:00,15.08086003,71.59261243,RD-455,458,99,Car,High,Fog,1679,Dry,No,None,No,47.13,78.91,2019,5,25,23,Saturday,0,0
3977,2021-12-30 20:11:00,15.3776354,88.72675235,RD-127,371,101,Bike,Medium,Fog,9019,Slippery,No,None,No,31.24,88.73,2021,12,30,20,Thursday,0,0
3978,2023-09-28 06:44:00,22.65623603,68.13115709,RD-219,230,29,Bus,Low,Rain,1762,Under Maintenance,No,None,No,36.5,82.82,2023,9,28,6,Thursday,0,0
3979,2018-05-20 23:42:00,17.18332627,89.00538637,RD-208,182,16,Bus,High,Rain,3349,Wet,No,None,No,21.52,46.8,2018,5,20,23,Sunday,0,0
3980,2020-02-17 23:42:00,16.38995761,87.16911209,RD-398,369,59,Car,Low,Storm,5963,Under Maintenance,No,None,Yes,32.78,36.36,2020,2,17,23,Monday,0,1
3981,2023-03-06 07:33:00,36.07254987,81.59133078,RD-22,95,51,Bus,Very High,Snow,309,Slippery,No,None,No,44.97,36.73,2023,3,6,7,Monday,0,0
3982,2020-01-29 23:57:00,24.93480016,71.96932511,RD-312,368,89,Bus,Medium,Clear,9378,Dry,No,None,No,44.17,47.47,2020,1,29,23,Wednesday,0,0
3983,2022-10-16 09:49:00,15.59158605,90.17192111,RD-377,93,85,Mixed,Very High,Clear,9634,Slippery,No,None,No,26.73,66.85,2022,10,16,9,Sunday,0,0
3984,2018-07-11 22:47:00,16.00021334,70.08083957,RD-423,309,88,Bike,Medium,Storm,4938,Dry,No,None,No,26.78,78.26,2018,7,11,22,Wednesday,0,0
3985,2018-02-10 07:37:00,31.51981529,93.9714898,RD-195,305,97,Mixed,Low,Fog,2936,Under Maintenance,No,None,No,44.52,83.96,2018,2,10,7,Saturday,0,0
3986,2021-07-09 21:23:00,33.70779893,90.43035064,RD-369,54,71,Bus,High,Snow,2019,Under Maintenance,No,None,No,47.91,67.43,2021,7,9,21,Friday,0,0
3987,2021-05-31 22:26:00,27.69190495,89.48794134,RD-161,139,75,Truck,Low,Fog,6957,Under Maintenance,No,None,No,22.86,30.34,2021,5,31,22,Monday,0,0
3988,2018-01-20 09:03:00,20.51195791,89.87743297,RD-202,178,68,Car,High,Storm,6973,Under Maintenance,No,None,No,33.5,41.18,2018,1,20,9,Saturday,0,0
3989,2023-05-01 09:28:00,30.17264631,69.95962394,RD-314,445,64,Bus,Very High,Storm,3098,Under Maintenance,No,None,No,30.12,35.98,2023,5,1,9,Monday,0,0
3990,2021-04-04 03:23:00,35.18407485,96.70852345,RD-481,26,101,Bus,Very High,Storm,4608,Dry,No,None,No,46.12,51.8,2021,4,4,3,Sunday,0,0
3991,2021-12-15 07:31:00,12.81981645,92.89938898,RD-381,59,94,Mixed,Very High,Clear,4436,Slippery,Yes,Fatal,No,22.51,60.08,2021,12,15,7,Wednesday,1,0
3992,2019-11-11 18:55:00,32.9894638,82.73006949,RD-293,377,88,Car,Low,Clear,5569,Dry,No,None,No,26.33,32.6,2019,11,11,18,Monday,0,0
3993,2019-03-31 07:56:00,32.61585593,88.86260902,RD-305,178,47,Bike,High,Fog,2213,Under Maintenance,No,None,No,42.57,50.91,2019,3,31,7,Sunday,0,0
3994,2021-08-03 03:08:00,18.62855691,89.43845769,RD-275,398,41,Car,Low,Rain,9231,Slippery,No,None,No,21.54,40.75,2021,8,3,3,Tuesday,0,0
3995,2023-04-08 19:23:00,16.46179717,92.06377325,RD-269,445,36,Bus,Very High,Clear,5476,Under Maintenance,No,None,No,34.78,68.82,2023,4,8,19,Saturday,0,0
3996,2023-02-08 10:28:00,24.39399424,75.40584842,RD-329,441,103,Mixed,Medium,Snow,4210,Dry,No,None,No,33.26,57.86,2023,2,8,10,Wednesday,0,0
3997,2018-06-23 00:53:00,15.89651959,78.78952902,RD-449,355,89,Truck,Low,Snow,9206,Under Maintenance,No,None,No,30.03,59.72,2018,6,23,0,Saturday,0,0
3998,2019-02-21 06:52:00,12.21594185,91.19087376,RD-361,278,56,Bus,High,Snow,9229,Slippery,No,None,Yes,31.84,55.66,2019,2,21,6,Thursday,0,1
3999,2021-11-25 23:38:00,35.63928826,90.30053267,RD-403,448,57,Car,High,Storm,2303,Dry,No,None,Yes,35.9,87.36,2021,11,25,23,Thursday,0,1
4000,2023-12-07 16:42:00,22.24960791,83.15584438,RD-20,171,109,Car,Very High,Fog,8536,Wet,Yes,Fatal,No,24.84,42.88,2023,12,7,16,Thursday,1,0
4001,2020-04-13 08:49:00,21.69542643,79.489955,RD-267,320,60,Truck,Very High,Storm,1455,Wet,No,None,Yes,37.16,61.0,2020,4,13,8,Monday,0,1
4002,2023-11-01 02:19:00,11.6569912,96.08483456,RD-56,359,76,Car,Medium,Snow,4157,Slippery,No,None,No,44.16,74.16,2023,11,1,2,Wednesday,0,0
4003,2021-05-23 14:32:00,22.62043309,80.03562033,RD-232,437,6,Car,High,Snow,3838,Dry,No,None,No,42.8,63.41,2021,5,23,14,Sunday,0,0
4004,2023-09-28 15:16:00,29.54215745,90.15558587,RD-234,434,119,Mixed,High,Storm,2234,Dry,No,None,No,24.62,85.74,2023,9,28,15,Thursday,0,0
4005,2020-03-14 12:33:00,15.1933428,79.96662858,RD-424,11,52,Car,Very High,Snow,3818,Wet,No,None,Yes,24.48,52.68,2020,3,14,12,Saturday,0,1
4006,2021-11-01 02:49:00,18.69777106,76.98524875,RD-450,213,20,Bike,High,Snow,1683,Wet,No,None,No,28.05,57.82,2021,11,1,2,Monday,0,0
4007,2018-10-16 03:11:00,13.18854337,86.58890585,RD-22,193,95,Truck,Medium,Fog,3430,Slippery,No,None,No,30.83,35.31,2018,10,16,3,Tuesday,0,0
4008,2021-12-21 08:53:00,18.29719568,91.42086038,RD-450,351,40,Bus,Low,Snow,947,Dry,No,None,No,32.25,66.54,2021,12,21,8,Tuesday,0,0
4009,2020-04-06 01:24:00,32.97716495,96.45994772,RD-126,367,14,Truck,Medium,Storm,1539,Dry,No,None,No,40.39,47.29,2020,4,6,1,Monday,0,0
4010,2020-03-18 23:41:00,14.87474205,72.31821866,RD-266,278,96,Bus,Medium,Storm,8632,Slippery,Yes,Minor,Yes,21.7,39.62,2020,3,18,23,Wednesday,1,1
4011,2018-01-18 22:42:00,8.856706342,93.40731965,RD-276,441,85,Mixed,Low,Rain,9209,Dry,No,None,No,21.04,62.67,2018,1,18,22,Thursday,0,0
4012,2021-12-11 10:22:00,23.55047249,83.20011607,RD-203,381,93,Car,High,Snow,8513,Wet,No,None,Yes,31.76,61.94,2021,12,11,10,Saturday,0,1
4013,2019-01-27 02:15:00,24.80527539,71.12453185,RD-377,354,83,Bus,Low,Rain,8067,Dry,No,None,Yes,40.91,34.55,2019,1,27,2,Sunday,0,1
4014,2018-04-25 11:46:00,17.538411,91.03697996,RD-21,433,22,Bus,Medium,Storm,2108,Dry,No,None,No,25.8,71.89,2018,4,25,11,Wednesday,0,0
4015,2021-11-30 10:34:00,26.60549353,77.61478827,RD-286,112,96,Mixed,Low,Rain,6006,Dry,No,None,No,39.25,67.43,2021,11,30,10,Tuesday,0,0
4016,2022-10-31 13:16:00,9.099158787,93.17924441,RD-199,453,6,Truck,Medium,Snow,9646,Under Maintenance,No,None,No,27.79,41.34,2022,10,31,13,Monday,0,0
4017,2022-06-29 09:49:00,17.87663898,72.5762543,RD-265,46,44,Truck,Low,Clear,5311,Dry,No,None,Yes,46.58,58.17,2022,6,29,9,Wednesday,0,1
4018,2020-09-12 01:48:00,12.19258424,88.62165884,RD-392,30,46,Truck,Medium,Fog,774,Wet,No,None,No,46.87,73.22,2020,9,12,1,Saturday,0,0
4019,2021-03-07 21:51:00,14.66437658,76.72309155,RD-323,283,99,Car,Very High,Snow,5684,Under Maintenance,No,None,No,28.92,61.77,2021,3,7,21,Sunday,0,0
4020,2023-07-23 21:27:00,19.09349687,75.46311332,RD-493,476,99,Mixed,High,Rain,1428,Dry,No,None,No,26.9,53.73,2023,7,23,21,Sunday,0,0
4021,2023-04-21 22:52:00,22.3089069,69.45754473,RD-26,342,29,Bus,Low,Rain,7332,Slippery,No,None,Yes,32.34,49.34,2023,4,21,22,Friday,0,1
4022,2023-06-20 14:52:00,10.70278476,81.97535164,RD-98,192,5,Truck,Low,Rain,2694,Dry,No,None,Yes,27.22,66.62,2023,6,20,14,Tuesday,0,1
4023,2021-01-08 13:38:00,10.93825628,79.35357019,RD-150,98,86,Truck,Low,Storm,506,Slippery,No,None,Yes,40.17,86.35,2021,1,8,13,Friday,0,1
4024,2018-05-11 08:17:00,27.54730088,69.78902035,RD-226,217,20,Truck,Very High,Snow,9969,Under Maintenance,No,None,No,44.78,70.3,2018,5,11,8,Friday,0,0
4025,2018-08-31 22:26:00,19.71983968,74.57262526,RD-204,118,46,Bike,High,Rain,5583,Slippery,No,None,No,40.19,34.48,2018,8,31,22,Friday,0,0
4026,2023-02-05 13:37:00,13.11913664,82.13088356,RD-453,259,41,Car,Low,Clear,5089,Slippery,No,None,No,44.73,57.64,2023,2,5,13,Sunday,0,0
4027,2023-01-01 05:16:00,14.81259532,91.43987072,RD-156,72,109,Truck,Low,Snow,5245,Dry,No,None,No,31.91,83.45,2023,1,1,5,Sunday,0,0
4028,2023-06-12 16:42:00,28.88163119,94.95398862,RD-397,230,110,Bike,Very High,Storm,3455,Wet,No,None,No,24.69,35.67,2023,6,12,16,Monday,0,0
4029,2023-05-01 02:11:00,9.501006738,82.94463302,RD-424,197,41,Mixed,Low,Snow,5317,Under Maintenance,No,None,Yes,42.14,89.33,2023,5,1,2,Monday,0,1
4030,2019-07-07 05:35:00,22.7535504,79.6958954,RD-147,183,75,Bus,Very High,Storm,8243,Slippery,No,None,Yes,30.81,86.94,2019,7,7,5,Sunday,0,1
4031,2020-08-26 12:12:00,18.44931598,95.68787836,RD-237,25,10,Truck,Medium,Storm,3336,Slippery,No,None,No,40.14,34.7,2020,8,26,12,Wednesday,0,0
4032,2023-11-13 07:44:00,31.52326721,95.92300944,RD-86,223,82,Car,Very High,Fog,7538,Dry,No,None,No,28.12,86.0,2023,11,13,7,Monday,0,0
4033,2020-09-16 11:03:00,30.91310356,73.52195784,RD-217,181,26,Truck,Medium,Fog,4743,Wet,No,None,No,22.44,51.79,2020,9,16,11,Wednesday,0,0
4034,2023-08-26 02:45:00,27.98684733,83.41220384,RD-151,149,118,Car,Very High,Clear,6078,Under Maintenance,No,None,No,49.78,80.68,2023,8,26,2,Saturday,0,0
4035,2020-07-03 10:32:00,19.15872841,91.80639235,RD-314,244,99,Bike,Low,Rain,6024,Wet,No,None,Yes,24.69,55.1,2020,7,3,10,Friday,0,1
4036,2018-02-17 14:30:00,26.30585182,91.84551091,RD-471,329,113,Car,High,Snow,3658,Slippery,No,None,No,49.65,56.45,2018,2,17,14,Saturday,0,0
4037,2023-11-29 13:20:00,26.55561365,87.86437988,RD-28,483,78,Mixed,Medium,Rain,8479,Dry,No,None,No,49.32,68.05,2023,11,29,13,Wednesday,0,0
4038,2021-01-16 21:35:00,17.63379628,81.67259859,RD-354,165,50,Car,High,Snow,7678,Dry,No,None,Yes,43.81,76.47,2021,1,16,21,Saturday,0,1
4039,2021-12-27 07:15:00,33.51927155,79.70603832,RD-265,448,44,Bus,High,Clear,9159,Under Maintenance,No,None,Yes,39.78,32.03,2021,12,27,7,Monday,0,1
4040,2022-04-28 23:54:00,36.56086841,91.38595292,RD-463,293,58,Bike,High,Clear,4632,Dry,No,None,No,37.33,65.59,2022,4,28,23,Thursday,0,0
4041,2019-08-26 06:02:00,17.11875917,74.5459721,RD-73,96,50,Car,Very High,Snow,3586,Slippery,No,None,No,45.98,41.2,2019,8,26,6,Monday,0,0
4042,2021-02-23 09:53:00,31.23559173,80.42446677,RD-238,112,40,Truck,Low,Storm,2715,Slippery,No,None,No,28.68,50.76,2021,2,23,9,Tuesday,0,0
4043,2021-01-16 02:14:00,22.52633973,84.43907624,RD-425,103,45,Mixed,High,Fog,6195,Dry,No,None,No,34.03,50.88,2021,1,16,2,Saturday,0,0
4044,2023-03-12 22:03:00,21.44591951,92.12173368,RD-331,365,106,Bus,High,Snow,5245,Slippery,No,None,No,38.58,58.14,2023,3,12,22,Sunday,0,0
4045,2020-02-01 04:53:00,19.21032424,78.84165366,RD-232,431,102,Car,High,Storm,2554,Under Maintenance,No,None,Yes,32.34,50.05,2020,2,1,4,Saturday,0,1
4046,2021-04-19 06:23:00,16.46873415,83.91101715,RD-47,448,71,Car,Low,Snow,1165,Wet,No,None,No,32.82,36.44,2021,4,19,6,Monday,0,0
4047,2019-12-30 16:26:00,34.665728,76.09575128,RD-370,407,27,Bus,Medium,Snow,7650,Dry,No,None,No,29.91,38.74,2019,12,30,16,Monday,0,0
4048,2018-09-11 17:00:00,29.48363622,92.27046759,RD-257,259,47,Bus,Medium,Snow,332,Dry,Yes,Major,No,36.93,32.01,2018,9,11,17,Tuesday,1,0
4049,2021-01-25 01:29:00,20.78038497,90.78069588,RD-58,168,65,Car,High,Snow,9057,Dry,No,None,No,45.52,58.21,2021,1,25,1,Monday,0,0
4050,2018-11-05 05:07:00,29.79537386,91.78284942,RD-93,72,21,Truck,Medium,Snow,2155,Wet,No,None,No,26.05,87.27,2018,11,5,5,Monday,0,0
4051,2021-10-19 22:24:00,28.83939099,69.66681225,RD-399,439,97,Truck,Very High,Storm,5169,Dry,No,None,Yes,48.03,36.94,2021,10,19,22,Tuesday,0,1
4052,2019-06-17 21:47:00,15.75278755,82.12004589,RD-300,85,69,Truck,Very High,Clear,9622,Wet,No,None,Yes,40.67,86.78,2019,6,17,21,Monday,0,1
4053,2018-12-07 18:45:00,13.10783673,71.93944176,RD-481,376,7,Car,Low,Fog,1779,Under Maintenance,No,None,No,44.7,74.0,2018,12,7,18,Friday,0,0
4054,2023-10-09 19:01:00,32.25267655,87.53905281,RD-458,468,82,Bike,Very High,Fog,2343,Under Maintenance,No,None,No,36.69,68.25,2023,10,9,19,Monday,0,0
4055,2019-05-02 22:04:00,31.53078018,77.03033694,RD-357,397,79,Car,Low,Storm,7393,Dry,Yes,Minor,No,43.39,68.72,2019,5,2,22,Thursday,1,0
4056,2021-06-15 15:12:00,36.90901749,90.46271076,RD-280,482,34,Bike,Low,Storm,7436,Dry,No,None,No,20.49,79.6,2021,6,15,15,Tuesday,0,0
4057,2018-04-28 18:46:00,8.561535601,69.88984024,RD-70,372,25,Truck,Medium,Snow,1745,Slippery,No,None,No,44.55,36.42,2018,4,28,18,Saturday,0,0
4058,2021-12-04 20:21:00,23.67103992,82.88455608,RD-202,354,20,Car,High,Clear,3346,Slippery,No,None,No,21.2,60.29,2021,12,4,20,Saturday,0,0
4059,2022-08-24 15:52:00,28.33835978,71.58628957,RD-212,373,114,Truck,High,Clear,7720,Slippery,No,None,No,46.7,71.83,2022,8,24,15,Wednesday,0,0
4060,2022-04-16 00:26:00,24.8936618,84.17907394,RD-166,285,66,Car,High,Rain,9379,Wet,No,None,No,49.76,65.21,2022,4,16,0,Saturday,0,0
4061,2019-06-01 21:06:00,28.60281878,85.61319279,RD-231,465,64,Truck,Medium,Clear,4864,Wet,No,None,Yes,28.82,79.97,2019,6,1,21,Saturday,0,1
4062,2018-08-24 12:37:00,11.98057523,81.40216218,RD-13,33,119,Bus,High,Snow,4631,Wet,No,None,Yes,26.31,34.34,2018,8,24,12,Friday,0,1
4063,2020-01-23 04:34:00,8.043964817,76.10975188,RD-92,347,13,Car,Medium,Rain,6771,Wet,Yes,Minor,No,42.96,71.44,2020,1,23,4,Thursday,1,0
4064,2021-04-30 03:08:00,10.69792957,68.9375079,RD-233,303,70,Bike,Medium,Storm,6345,Dry,No,None,No,27.59,62.04,2021,4,30,3,Friday,0,0
4065,2020-09-26 20:20:00,19.02173458,87.20130966,RD-303,338,30,Truck,Very High,Snow,1097,Wet,No,None,No,45.97,52.75,2020,9,26,20,Saturday,0,0
4066,2019-10-14 18:56:00,17.53906535,93.24281499,RD-460,417,110,Mixed,High,Rain,1063,Wet,No,None,Yes,23.09,50.42,2019,10,14,18,Monday,0,1
4067,2022-05-13 05:21:00,33.34609064,89.27578533,RD-365,334,71,Bike,Low,Snow,1159,Slippery,No,None,Yes,23.78,67.25,2022,5,13,5,Friday,0,1
4068,2020-06-27 23:41:00,10.42226196,93.89752233,RD-459,441,19,Mixed,High,Storm,9548,Slippery,No,None,No,49.37,83.46,2020,6,27,23,Saturday,0,0
4069,2022-03-02 08:57:00,20.83847826,94.95552619,RD-104,54,16,Truck,Very High,Rain,8354,Slippery,No,None,No,40.22,59.77,2022,3,2,8,Wednesday,0,0
4070,2018-10-14 05:07:00,35.77685071,81.03684749,RD-452,342,23,Car,Very High,Snow,7162,Slippery,No,None,No,45.41,79.48,2018,10,14,5,Sunday,0,0
4071,2018-01-22 01:24:00,22.58420869,88.24174962,RD-233,414,109,Car,Very High,Fog,3151,Wet,No,None,Yes,29.73,54.13,2018,1,22,1,Monday,0,1
4072,2019-01-31 04:49:00,11.83960254,79.52398373,RD-47,338,18,Car,Low,Storm,1447,Under Maintenance,No,None,No,40.29,36.14,2019,1,31,4,Thursday,0,0
4073,2022-06-11 06:41:00,16.446748,94.66673859,RD-129,203,19,Mixed,Very High,Rain,5085,Wet,No,None,No,37.83,33.69,2022,6,11,6,Saturday,0,0
4074,2020-02-07 19:22:00,26.17695304,84.32621289,RD-166,446,91,Truck,Very High,Fog,6662,Wet,Yes,Major,No,38.09,33.08,2020,2,7,19,Friday,1,0
4075,2018-11-20 08:15:00,8.347694878,89.82105025,RD-355,377,15,Bus,Low,Fog,5537,Slippery,No,None,No,40.48,52.81,2018,11,20,8,Tuesday,0,0
4076,2019-01-27 03:42:00,36.07490947,68.42102866,RD-333,458,67,Car,Low,Rain,6900,Under Maintenance,No,None,No,37.26,50.23,2019,1,27,3,Sunday,0,0
4077,2022-11-18 17:05:00,24.44232805,84.69092756,RD-465,273,47,Truck,Medium,Clear,7058,Dry,No,None,No,32.87,73.08,2022,11,18,17,Friday,0,0
4078,2020-11-28 10:05:00,28.42003624,89.5177419,RD-365,481,71,Bus,Medium,Clear,7394,Dry,No,None,No,28.28,74.57,2020,11,28,10,Saturday,0,0
4079,2018-08-08 04:26:00,22.46987214,75.4531791,RD-408,43,47,Bus,Low,Snow,1486,Slippery,No,None,Yes,43.06,33.05,2018,8,8,4,Wednesday,0,1
4080,2019-04-02 18:31:00,35.77980181,68.41684511,RD-84,147,5,Truck,Low,Rain,5682,Dry,No,None,Yes,26.79,43.27,2019,4,2,18,Tuesday,0,1
4081,2018-01-23 06:35:00,25.08741049,89.5653502,RD-368,374,8,Car,Very High,Rain,9719,Slippery,No,None,Yes,40.77,46.46,2018,1,23,6,Tuesday,0,1
4082,2022-02-13 01:49:00,27.19752708,77.80448878,RD-376,394,89,Car,Low,Fog,7490,Dry,No,None,No,27.0,62.86,2022,2,13,1,Sunday,0,0
4083,2018-06-10 12:12:00,32.96428934,80.43489862,RD-64,172,29,Bike,High,Fog,3650,Slippery,No,None,No,38.76,38.67,2018,6,10,12,Sunday,0,0
4084,2018-07-24 05:08:00,32.98514305,84.29952,RD-47,370,88,Truck,Low,Fog,2061,Slippery,No,None,Yes,42.41,38.04,2018,7,24,5,Tuesday,0,1
4085,2023-10-18 22:37:00,8.816969116,71.19728381,RD-59,64,78,Bus,Medium,Storm,5651,Dry,Yes,None,Yes,26.56,86.63,2023,10,18,22,Wednesday,1,1
4086,2022-10-08 06:03:00,16.21572544,71.00302731,RD-362,35,86,Mixed,Very High,Clear,4036,Dry,No,None,Yes,21.8,78.25,2022,10,8,6,Saturday,0,1
4087,2022-04-14 19:53:00,15.14322584,95.86553303,RD-231,77,101,Mixed,Low,Snow,6593,Dry,No,None,No,23.93,40.84,2022,4,14,19,Thursday,0,0
4088,2019-11-05 17:17:00,8.192701999,77.82799869,RD-325,360,57,Car,Very High,Snow,4204,Under Maintenance,No,None,Yes,38.18,54.39,2019,11,5,17,Tuesday,0,1
4089,2020-02-22 12:46:00,33.42669397,75.41022054,RD-186,142,39,Bike,Very High,Rain,4345,Wet,No,None,No,45.48,51.34,2020,2,22,12,Saturday,0,0
4090,2022-09-10 13:22:00,17.19706202,69.38440547,RD-44,96,29,Mixed,Very High,Fog,7667,Wet,No,None,No,21.35,77.46,2022,9,10,13,Saturday,0,0
4091,2023-07-31 17:17:00,18.06162935,73.04393281,RD-269,491,7,Car,Very High,Rain,943,Under Maintenance,No,None,No,42.02,60.61,2023,7,31,17,Monday,0,0
4092,2021-06-21 15:19:00,10.88904945,80.49595749,RD-363,88,55,Bike,High,Clear,5832,Under Maintenance,No,None,No,30.24,37.67,2021,6,21,15,Monday,0,0
4093,2020-02-05 19:30:00,36.70191739,77.92012638,RD-197,460,54,Mixed,High,Storm,8682,Under Maintenance,No,None,No,34.36,74.34,2020,2,5,19,Wednesday,0,0
4094,2020-06-17 05:58:00,31.96128292,80.31287067,RD-373,284,17,Bus,Low,Clear,1547,Slippery,No,None,No,47.87,53.81,2020,6,17,5,Wednesday,0,0
4095,2020-07-09 11:35:00,24.58400708,88.41338163,RD-406,308,39,Mixed,Low,Rain,3567,Wet,No,None,No,29.96,45.78,2020,7,9,11,Thursday,0,0
4096,2019-10-28 22:44:00,30.38598032,86.61189528,RD-500,48,93,Mixed,High,Fog,1935,Wet,No,None,Yes,33.96,52.53,2019,10,28,22,Monday,0,1
4097,2022-01-01 01:07:00,30.53627992,82.30143896,RD-262,240,59,Mixed,Very High,Rain,1801,Dry,No,None,No,20.41,59.87,2022,1,1,1,Saturday,0,0
4098,2020-09-14 09:28:00,27.04520777,91.62982336,RD-314,420,22,Mixed,Very High,Fog,5843,Dry,No,None,No,22.45,50.59,2020,9,14,9,Monday,0,0
4099,2023-07-31 04:48:00,13.04632438,92.86241198,RD-487,415,55,Car,Very High,Fog,1338,Wet,No,None,No,27.76,44.51,2023,7,31,4,Monday,0,0
4100,2022-09-09 18:29:00,28.88913089,85.13356755,RD-82,314,34,Truck,Low,Rain,6787,Slippery,No,None,No,20.84,53.91,2022,9,9,18,Friday,0,0
4101,2023-04-05 03:26:00,24.51890509,71.40955968,RD-194,323,44,Bus,High,Storm,4710,Wet,No,None,No,38.94,31.15,2023,4,5,3,Wednesday,0,0
4102,2019-11-11 09:33:00,28.99808532,79.77919713,RD-282,324,114,Truck,High,Rain,6054,Dry,No,None,Yes,32.79,76.35,2019,11,11,9,Monday,0,1
4103,2018-10-24 18:21:00,23.7601432,86.39944093,RD-195,216,34,Car,Medium,Clear,1511,Slippery,No,None,No,36.44,40.26,2018,10,24,18,Wednesday,0,0
4104,2021-07-21 01:24:00,35.7337748,69.82267932,RD-23,49,62,Mixed,Low,Clear,3419,Slippery,No,None,No,25.24,32.63,2021,7,21,1,Wednesday,0,0
4105,2020-01-14 03:36:00,26.18373748,68.57728943,RD-394,115,92,Bike,Very High,Snow,7542,Wet,Yes,None,No,28.88,69.22,2020,1,14,3,Tuesday,1,0
4106,2021-05-21 04:05:00,24.63673283,95.50169789,RD-88,280,94,Bike,Medium,Clear,272,Wet,Yes,Fatal,Yes,39.91,76.44,2021,5,21,4,Friday,1,1
4107,2018-10-01 06:29:00,32.44085823,89.17187518,RD-468,297,69,Truck,Medium,Clear,823,Under Maintenance,No,None,No,48.96,78.83,2018,10,1,6,Monday,0,0
4108,2019-07-06 22:51:00,18.9978601,72.44012707,RD-172,67,101,Bike,Very High,Rain,8579,Wet,No,None,No,21.51,59.61,2019,7,6,22,Saturday,0,0
4109,2019-04-12 10:21:00,17.15801629,80.90866764,RD-290,360,76,Truck,Low,Rain,2427,Dry,Yes,Fatal,No,46.71,42.32,2019,4,12,10,Friday,1,0
4110,2018-06-01 15:28:00,22.59189617,73.61316079,RD-447,65,16,Bus,Very High,Storm,3429,Slippery,No,None,No,37.31,74.23,2018,6,1,15,Friday,0,0
4111,2018-05-27 16:43:00,24.94955783,68.29827664,RD-338,112,12,Bike,Medium,Clear,6156,Slippery,No,None,No,36.92,71.98,2018,5,27,16,Sunday,0,0
4112,2021-05-17 20:51:00,14.39398163,79.35910077,RD-442,474,79,Mixed,Very High,Storm,2827,Slippery,Yes,Minor,No,35.01,44.78,2021,5,17,20,Monday,1,0
4113,2022-04-29 05:48:00,27.78616389,86.80315735,RD-77,384,82,Car,Medium,Storm,6009,Wet,No,None,Yes,22.08,84.2,2022,4,29,5,Friday,0,1
4114,2022-03-18 21:32:00,31.26886622,95.66973584,RD-84,61,22,Bus,Very High,Clear,1766,Dry,No,None,No,22.7,36.26,2022,3,18,21,Friday,0,0
4115,2022-12-01 19:35:00,24.74227508,90.32520685,RD-445,470,112,Bike,Medium,Rain,2920,Slippery,No,None,No,38.03,88.96,2022,12,1,19,Thursday,0,0
4116,2018-06-23 10:27:00,23.1659433,74.67400772,RD-75,495,108,Bike,Very High,Fog,8120,Wet,No,None,No,30.23,81.61,2018,6,23,10,Saturday,0,0
4117,2022-05-19 04:47:00,16.54462464,77.75014474,RD-92,238,69,Truck,High,Fog,9434,Slippery,No,None,Yes,47.52,71.27,2022,5,19,4,Thursday,0,1
4118,2019-10-27 23:18:00,34.37790769,83.09683485,RD-394,217,89,Bus,Medium,Fog,7766,Dry,No,None,No,32.2,86.32,2019,10,27,23,Sunday,0,0
4119,2022-01-24 10:46:00,29.88049224,73.54691454,RD-365,293,14,Car,High,Storm,6665,Wet,Yes,None,No,24.3,73.34,2022,1,24,10,Monday,1,0
4120,2022-03-31 10:12:00,21.92831917,92.15542889,RD-27,491,41,Car,Low,Fog,7114,Slippery,No,None,No,41.44,41.43,2022,3,31,10,Thursday,0,0
4121,2023-08-11 10:55:00,27.1141005,72.87098247,RD-215,105,33,Truck,High,Snow,5884,Slippery,No,None,No,28.8,56.53,2023,8,11,10,Friday,0,0
4122,2021-10-08 16:34:00,17.76950164,76.4092183,RD-158,257,50,Truck,Low,Snow,7878,Dry,Yes,Fatal,No,35.76,34.29,2021,10,8,16,Friday,1,0
4123,2019-07-15 17:31:00,9.734705329,84.75041931,RD-159,417,108,Truck,Very High,Storm,4190,Dry,No,None,No,40.93,53.38,2019,7,15,17,Monday,0,0
4124,2023-08-22 02:04:00,13.9139008,71.57349691,RD-374,391,92,Bike,Low,Rain,1456,Dry,No,None,No,47.01,74.5,2023,8,22,2,Tuesday,0,0
4125,2021-07-06 17:43:00,10.30515577,86.1138333,RD-394,174,48,Bus,Medium,Clear,3542,Wet,No,None,Yes,43.77,53.19,2021,7,6,17,Tuesday,0,1
4126,2022-07-20 22:57:00,22.73709477,95.38253086,RD-493,199,40,Car,Low,Storm,2166,Dry,No,None,No,40.29,49.82,2022,7,20,22,Wednesday,0,0
4127,2018-12-20 23:38:00,26.0398453,88.05454024,RD-229,14,22,Mixed,High,Fog,9424,Dry,No,None,No,40.39,65.72,2018,12,20,23,Thursday,0,0
4128,2018-10-13 09:26:00,19.03294248,91.57075316,RD-148,181,83,Car,High,Clear,7049,Under Maintenance,No,None,No,48.38,82.33,2018,10,13,9,Saturday,0,0
4129,2020-01-07 19:53:00,23.37447267,80.71633735,RD-321,480,36,Bus,Medium,Rain,5113,Slippery,No,None,Yes,28.87,32.85,2020,1,7,19,Tuesday,0,1
4130,2023-03-09 17:48:00,10.47761193,78.59420024,RD-93,315,106,Truck,Medium,Fog,8390,Dry,Yes,None,No,20.03,53.13,2023,3,9,17,Thursday,1,0
4131,2019-01-14 07:35:00,30.32879426,77.52947803,RD-61,478,111,Bike,Medium,Snow,5668,Under Maintenance,No,None,No,28.16,39.49,2019,1,14,7,Monday,0,0
4132,2018-11-10 21:34:00,8.950679376,87.15349008,RD-461,138,113,Car,Low,Snow,9333,Slippery,No,None,No,26.54,71.72,2018,11,10,21,Saturday,0,0
4133,2018-09-07 17:45:00,26.39834192,83.0375347,RD-68,457,24,Mixed,Low,Storm,3238,Under Maintenance,No,None,Yes,39.86,36.34,2018,9,7,17,Friday,0,1
4134,2019-06-22 12:15:00,20.56704971,81.69726313,RD-492,470,38,Bike,Low,Rain,959,Dry,No,None,Yes,39.01,69.89,2019,6,22,12,Saturday,0,1
4135,2022-12-30 10:38:00,13.33030865,70.92163668,RD-104,253,77,Car,Low,Storm,456,Wet,No,None,No,37.8,47.17,2022,12,30,10,Friday,0,0
4136,2019-01-02 14:29:00,23.16862025,87.52782147,RD-2,245,45,Bus,Medium,Rain,1829,Slippery,No,None,Yes,20.49,41.94,2019,1,2,14,Wednesday,0,1
4137,2020-05-05 13:50:00,30.64749864,89.03610464,RD-319,465,102,Car,Low,Storm,2083,Under Maintenance,No,None,Yes,41.86,86.18,2020,5,5,13,Tuesday,0,1
4138,2021-08-03 00:53:00,19.99215003,73.68975043,RD-392,266,39,Mixed,High,Clear,7585,Under Maintenance,No,None,Yes,29.71,31.11,2021,8,3,0,Tuesday,0,1
4139,2018-10-18 19:36:00,18.66356174,90.03145581,RD-130,152,61,Bike,High,Storm,281,Under Maintenance,No,None,No,39.95,56.27,2018,10,18,19,Thursday,0,0
4140,2021-09-18 22:26:00,12.1313512,93.50242717,RD-7,211,31,Car,Medium,Clear,1983,Dry,No,None,No,36.7,31.3,2021,9,18,22,Saturday,0,0
4141,2022-12-04 15:41:00,25.24270358,73.06408927,RD-235,10,110,Mixed,Medium,Rain,6715,Slippery,No,None,No,30.28,59.02,2022,12,4,15,Sunday,0,0
4142,2021-03-02 08:57:00,32.01239771,81.10920875,RD-255,471,22,Car,High,Clear,6810,Slippery,No,None,No,24.04,60.06,2021,3,2,8,Tuesday,0,0
4143,2020-10-01 04:39:00,24.27890496,93.4093703,RD-438,317,25,Car,Very High,Clear,6186,Under Maintenance,No,None,No,22.83,49.3,2020,10,1,4,Thursday,0,0
4144,2023-07-11 19:54:00,12.7875393,82.13164321,RD-256,243,22,Truck,Very High,Storm,5903,Wet,No,None,No,44.95,37.93,2023,7,11,19,Tuesday,0,0
4145,2019-02-05 12:08:00,27.17560708,91.64235746,RD-279,366,31,Mixed,Low,Clear,2235,Slippery,No,None,No,47.55,52.58,2019,2,5,12,Tuesday,0,0
4146,2022-07-21 05:33:00,8.874111177,74.25683409,RD-414,50,99,Car,Very High,Fog,5304,Slippery,No,None,No,39.49,70.34,2022,7,21,5,Thursday,0,0
4147,2023-10-18 20:59:00,32.3035645,69.854006,RD-3,328,32,Bike,Low,Fog,9250,Dry,No,None,Yes,23.1,76.94,2023,10,18,20,Wednesday,0,1
4148,2022-04-30 08:10:00,34.72336032,69.72453861,RD-312,439,101,Bus,Medium,Rain,8561,Under Maintenance,Yes,Minor,Yes,32.06,61.85,2022,4,30,8,Saturday,1,1
4149,2020-08-18 21:23:00,25.31405821,96.19833492,RD-452,286,19,Truck,Medium,Fog,7247,Dry,No,None,Yes,41.87,65.39,2020,8,18,21,Tuesday,0,1
4150,2019-04-24 02:08:00,33.57162002,72.77681657,RD-253,458,49,Truck,High,Storm,3969,Wet,No,None,No,43.39,42.04,2019,4,24,2,Wednesday,0,0
4151,2023-07-25 05:46:00,10.45066179,93.08184456,RD-122,248,51,Truck,High,Clear,5427,Under Maintenance,No,None,No,23.55,47.24,2023,7,25,5,Tuesday,0,0
4152,2021-10-22 02:24:00,14.62199033,77.1561293,RD-112,228,40,Bus,Medium,Clear,423,Wet,No,None,No,20.0,39.71,2021,10,22,2,Friday,0,0
4153,2018-04-28 01:46:00,17.20055847,69.16256798,RD-302,380,23,Mixed,Low,Rain,8875,Wet,No,None,No,41.36,44.96,2018,4,28,1,Saturday,0,0
4154,2018-01-15 03:47:00,30.42183451,74.98834121,RD-338,61,103,Bike,High,Clear,8299,Dry,Yes,Fatal,No,30.7,43.49,2018,1,15,3,Monday,1,0
4155,2018-11-15 15:43:00,22.04295551,82.6592826,RD-244,424,100,Bus,Very High,Clear,6871,Under Maintenance,No,None,No,27.63,61.17,2018,11,15,15,Thursday,0,0
4156,2021-08-14 10:24:00,18.1020764,71.09638299,RD-233,208,49,Bike,Very High,Clear,2506,Slippery,No,None,No,20.39,63.76,2021,8,14,10,Saturday,0,0
4157,2022-01-05 06:03:00,12.58402128,94.74273723,RD-210,475,107,Bike,Low,Rain,797,Under Maintenance,No,None,No,36.21,86.7,2022,1,5,6,Wednesday,0,0
4158,2018-04-17 20:20:00,31.50864684,94.09666621,RD-227,301,61,Truck,Low,Fog,284,Dry,No,None,Yes,45.53,41.73,2018,4,17,20,Tuesday,0,1
4159,2021-11-02 15:41:00,8.595179196,72.32527675,RD-41,289,80,Car,Medium,Fog,1189,Slippery,No,None,No,48.73,68.5,2021,11,2,15,Tuesday,0,0
4160,2023-10-15 12:37:00,17.7808435,89.3761428,RD-308,431,33,Bike,Very High,Snow,3215,Wet,No,None,Yes,36.97,79.04,2023,10,15,12,Sunday,0,1
4161,2023-10-09 10:37:00,15.04049255,81.36054116,RD-308,108,102,Bike,Low,Storm,7794,Slippery,No,None,No,35.43,63.61,2023,10,9,10,Monday,0,0
4162,2020-12-27 00:51:00,11.74130005,96.48168619,RD-4,77,20,Bike,Medium,Snow,9566,Under Maintenance,No,None,Yes,22.55,45.3,2020,12,27,0,Sunday,0,1
4163,2022-12-13 15:33:00,12.98920343,69.60672444,RD-126,258,26,Bike,Medium,Rain,7787,Dry,No,None,No,36.47,45.75,2022,12,13,15,Tuesday,0,0
4164,2021-12-02 01:45:00,22.32011463,81.66000323,RD-452,267,76,Truck,Very High,Rain,6272,Under Maintenance,No,None,No,31.4,32.36,2021,12,2,1,Thursday,0,0
4165,2019-10-19 21:20:00,20.35563835,76.27871883,RD-281,364,59,Bike,Very High,Fog,3446,Under Maintenance,No,None,No,38.21,48.33,2019,10,19,21,Saturday,0,0
4166,2021-03-29 01:35:00,23.03270689,89.06497304,RD-143,347,16,Car,Very High,Clear,7002,Wet,No,None,No,31.66,74.68,2021,3,29,1,Monday,0,0
4167,2021-01-24 16:59:00,29.10099074,71.22289345,RD-318,459,102,Mixed,Low,Snow,5605,Dry,No,None,No,27.21,32.85,2021,1,24,16,Sunday,0,0
4168,2019-03-11 23:08:00,33.87753415,86.21515191,RD-322,100,20,Mixed,High,Rain,5395,Under Maintenance,No,None,Yes,22.85,43.16,2019,3,11,23,Monday,0,1
4169,2020-02-02 04:30:00,11.43540009,95.49372111,RD-286,322,59,Bike,Low,Storm,927,Slippery,No,None,No,29.45,72.37,2020,2,2,4,Sunday,0,0
4170,2020-02-23 00:30:00,10.39765789,81.16253236,RD-420,328,51,Truck,Medium,Snow,9457,Slippery,No,None,No,22.9,76.96,2020,2,23,0,Sunday,0,0
4171,2021-04-24 03:36:00,17.290285,81.17268905,RD-423,113,77,Car,Low,Storm,4717,Wet,No,None,No,25.31,57.32,2021,4,24,3,Saturday,0,0
4172,2021-08-05 22:59:00,23.84273336,82.37536702,RD-107,336,31,Car,High,Storm,3495,Dry,No,None,No,49.62,71.88,2021,8,5,22,Thursday,0,0
4173,2020-08-09 07:06:00,10.89673316,80.05553833,RD-26,263,115,Bike,Low,Fog,7929,Dry,No,None,No,33.32,53.28,2020,8,9,7,Sunday,0,0
4174,2018-11-20 12:57:00,28.76318174,80.97680215,RD-95,306,103,Truck,Very High,Fog,623,Under Maintenance,No,None,No,35.96,39.59,2018,11,20,12,Tuesday,0,0
4175,2022-01-27 13:16:00,24.12673232,81.43392169,RD-76,360,15,Mixed,Low,Storm,5878,Under Maintenance,No,None,No,46.21,53.89,2022,1,27,13,Thursday,0,0
4176,2023-05-19 08:47:00,29.70537783,96.94391176,RD-29,257,87,Bus,Very High,Snow,8204,Wet,No,None,No,49.87,64.8,2023,5,19,8,Friday,0,0
4177,2022-09-20 15:13:00,18.37950027,71.37664453,RD-335,114,99,Bike,Very High,Fog,4532,Slippery,No,None,No,37.48,86.88,2022,9,20,15,Tuesday,0,0
4178,2023-12-05 07:17:00,19.63180048,76.27432097,RD-179,235,19,Bike,Medium,Snow,8053,Slippery,No,None,No,44.37,34.13,2023,12,5,7,Tuesday,0,0
4179,2023-01-24 10:51:00,31.4195754,74.1128326,RD-19,272,57,Bike,Low,Fog,518,Wet,No,None,No,29.81,60.44,2023,1,24,10,Tuesday,0,0
4180,2020-11-18 00:56:00,15.74327424,83.78145201,RD-75,66,95,Truck,Low,Clear,5366,Under Maintenance,No,None,No,29.17,49.74,2020,11,18,0,Wednesday,0,0
4181,2020-07-20 09:51:00,19.06109091,68.08145913,RD-438,182,37,Bus,Low,Rain,8777,Slippery,No,None,No,32.08,60.5,2020,7,20,9,Monday,0,0
4182,2023-07-27 07:22:00,8.391297035,94.7118605,RD-17,135,75,Truck,High,Clear,6522,Wet,No,None,No,40.18,31.44,2023,7,27,7,Thursday,0,0
4183,2021-04-01 02:03:00,24.10430242,83.40250612,RD-342,102,91,Bike,Low,Clear,5543,Under Maintenance,No,None,Yes,40.47,48.78,2021,4,1,2,Thursday,0,1
4184,2019-07-21 17:40:00,32.6924502,93.98623891,RD-296,130,104,Bus,Low,Rain,6983,Dry,No,None,No,29.46,79.19,2019,7,21,17,Sunday,0,0
4185,2021-06-08 05:33:00,8.80884732,78.00399122,RD-430,401,26,Car,Low,Fog,4002,Under Maintenance,No,None,No,24.0,63.24,2021,6,8,5,Tuesday,0,0
4186,2018-02-08 00:24:00,25.79990139,72.34796774,RD-309,234,69,Car,High,Fog,1225,Slippery,No,None,Yes,38.97,57.03,2018,2,8,0,Thursday,0,1
4187,2019-06-19 17:08:00,32.51800745,73.57648402,RD-153,12,62,Bus,Low,Clear,7148,Wet,No,None,No,23.85,47.13,2019,6,19,17,Wednesday,0,0
4188,2019-12-15 23:20:00,22.32402466,81.6512392,RD-170,113,31,Bike,Very High,Fog,2688,Wet,No,None,No,37.35,47.88,2019,12,15,23,Sunday,0,0
4189,2023-11-25 08:51:00,17.07762759,69.16779822,RD-472,169,79,Truck,Very High,Storm,1287,Slippery,No,None,No,40.8,52.99,2023,11,25,8,Saturday,0,0
4190,2020-02-29 18:20:00,36.90093058,90.67231912,RD-45,220,119,Bike,Low,Storm,7960,Wet,Yes,Major,Yes,41.02,80.13,2020,2,29,18,Saturday,1,1
4191,2022-05-02 06:57:00,9.880105542,90.92846097,RD-26,333,16,Bus,Very High,Fog,798,Wet,No,None,No,42.6,88.03,2022,5,2,6,Monday,0,0
4192,2022-10-28 16:31:00,14.10228091,88.35669583,RD-56,403,64,Bike,Low,Storm,9309,Wet,No,None,No,46.19,56.32,2022,10,28,16,Friday,0,0
4193,2019-01-11 04:15:00,33.67209382,93.99385465,RD-214,283,89,Bike,High,Rain,7812,Dry,No,None,No,35.0,53.6,2019,1,11,4,Friday,0,0
4194,2018-12-26 06:59:00,16.62189924,83.93484054,RD-92,348,76,Car,Medium,Clear,7812,Wet,No,None,No,41.91,80.79,2018,12,26,6,Wednesday,0,0
4195,2022-03-07 11:35:00,31.77555318,81.90026489,RD-83,190,81,Mixed,Very High,Fog,6727,Under Maintenance,Yes,Fatal,No,38.58,55.61,2022,3,7,11,Monday,1,0
4196,2019-05-05 08:51:00,17.66283752,83.34609712,RD-345,85,105,Truck,Medium,Clear,8043,Wet,No,None,No,25.6,63.12,2019,5,5,8,Sunday,0,0
4197,2020-01-18 23:03:00,31.54744771,73.27665646,RD-146,404,37,Bike,Medium,Rain,3634,Under Maintenance,No,None,No,20.77,43.86,2020,1,18,23,Saturday,0,0
4198,2021-01-11 11:37:00,27.88613417,82.85644658,RD-313,169,118,Car,Low,Clear,7895,Under Maintenance,No,None,No,28.54,74.61,2021,1,11,11,Monday,0,0
4199,2023-03-30 10:13:00,21.58715067,83.71095357,RD-339,15,70,Mixed,High,Fog,3583,Dry,No,None,Yes,33.29,61.92,2023,3,30,10,Thursday,0,1
4200,2018-03-29 21:52:00,23.16541449,90.17310575,RD-355,175,13,Car,Medium,Rain,8510,Slippery,No,None,No,38.51,78.54,2018,3,29,21,Thursday,0,0
4201,2021-09-14 12:13:00,13.1521269,78.08966423,RD-359,320,81,Bike,Very High,Rain,9194,Wet,No,None,Yes,45.5,76.84,2021,9,14,12,Tuesday,0,1
4202,2020-09-27 19:12:00,11.36063451,70.6745855,RD-305,421,30,Truck,High,Storm,1127,Wet,No,None,No,25.89,42.9,2020,9,27,19,Sunday,0,0
4203,2023-09-25 18:22:00,28.79134092,85.32641265,RD-294,291,49,Mixed,Very High,Fog,4347,Under Maintenance,No,None,No,23.77,72.94,2023,9,25,18,Monday,0,0
4204,2023-01-23 14:16:00,32.60862226,90.85079033,RD-404,209,59,Bike,Very High,Rain,2038,Dry,No,None,No,48.9,78.0,2023,1,23,14,Monday,0,0
4205,2022-10-24 17:53:00,28.93715334,96.11723172,RD-288,83,115,Bus,High,Rain,646,Wet,No,None,No,23.24,50.77,2022,10,24,17,Monday,0,0
4206,2023-10-24 01:28:00,34.47307647,70.61738242,RD-91,223,56,Bike,Very High,Clear,6236,Dry,No,None,No,34.35,40.36,2023,10,24,1,Tuesday,0,0
4207,2022-11-30 06:58:00,33.81227401,89.64418321,RD-495,235,13,Car,Low,Storm,7088,Under Maintenance,No,None,Yes,37.57,30.16,2022,11,30,6,Wednesday,0,1
4208,2021-03-18 20:17:00,30.56743108,85.27936183,RD-234,118,83,Bike,Low,Clear,6170,Dry,No,None,No,36.24,57.05,2021,3,18,20,Thursday,0,0
4209,2020-07-10 08:33:00,34.04568068,68.44477827,RD-384,124,11,Bus,High,Rain,359,Dry,No,None,No,22.58,51.15,2020,7,10,8,Friday,0,0
4210,2019-03-21 03:52:00,12.84948451,88.82900654,RD-297,265,111,Bus,Very High,Rain,2997,Slippery,No,None,No,21.71,63.29,2019,3,21,3,Thursday,0,0
4211,2020-10-20 07:24:00,29.20947095,68.75983636,RD-185,95,61,Bike,Medium,Clear,2025,Slippery,No,None,Yes,23.16,41.28,2020,10,20,7,Tuesday,0,1
4212,2021-05-22 08:20:00,29.8566215,90.77242863,RD-477,415,61,Bus,High,Clear,4633,Under Maintenance,No,None,No,37.57,81.58,2021,5,22,8,Saturday,0,0
4213,2020-07-26 07:23:00,12.46532068,88.91834358,RD-19,15,41,Car,Medium,Rain,8658,Under Maintenance,No,None,Yes,36.33,45.47,2020,7,26,7,Sunday,0,1
4214,2018-12-01 19:25:00,34.37791489,87.9496826,RD-48,488,77,Bus,High,Rain,4626,Under Maintenance,Yes,Major,No,27.01,43.59,2018,12,1,19,Saturday,1,0
4215,2020-12-24 17:44:00,8.254771809,71.47988891,RD-394,301,82,Bus,Medium,Storm,3097,Under Maintenance,Yes,Fatal,No,39.13,58.84,2020,12,24,17,Thursday,1,0
4216,2021-11-24 10:32:00,20.60354489,94.65195576,RD-154,136,34,Truck,Medium,Rain,3183,Dry,No,None,Yes,44.6,59.93,2021,11,24,10,Wednesday,0,1
4217,2021-06-01 18:23:00,8.62289244,94.06847955,RD-166,276,55,Car,High,Rain,4040,Under Maintenance,No,None,No,21.25,42.91,2021,6,1,18,Tuesday,0,0
4218,2020-04-30 15:34:00,23.17737753,94.10756871,RD-189,347,51,Bus,High,Fog,1264,Dry,No,None,No,34.94,46.31,2020,4,30,15,Thursday,0,0
4219,2019-09-20 05:16:00,19.95252846,78.45050929,RD-460,385,116,Bike,High,Snow,669,Slippery,No,None,No,40.68,40.18,2019,9,20,5,Friday,0,0
4220,2021-04-16 05:01:00,26.06879618,82.27301603,RD-195,43,88,Bus,High,Snow,4669,Under Maintenance,No,None,No,27.57,73.11,2021,4,16,5,Friday,0,0
4221,2022-04-11 02:37:00,30.22687942,71.33196475,RD-420,268,115,Mixed,Very High,Rain,4248,Slippery,No,None,No,29.23,76.21,2022,4,11,2,Monday,0,0
4222,2018-10-23 03:06:00,30.28868164,69.48176537,RD-35,250,58,Mixed,High,Storm,1528,Wet,No,None,No,38.41,57.74,2018,10,23,3,Tuesday,0,0
4223,2023-11-02 16:12:00,28.94442641,69.70454661,RD-389,114,27,Car,Medium,Fog,7048,Wet,No,None,No,46.94,72.85,2023,11,2,16,Thursday,0,0
4224,2023-01-03 21:13:00,10.95444581,84.49431868,RD-219,124,83,Mixed,Medium,Rain,7938,Dry,No,None,Yes,44.3,74.16,2023,1,3,21,Tuesday,0,1
4225,2020-03-24 15:17:00,20.10571726,77.32069147,RD-432,443,62,Mixed,Very High,Fog,1357,Slippery,No,None,No,37.49,38.3,2020,3,24,15,Tuesday,0,0
4226,2018-07-12 01:45:00,31.66256444,84.8071129,RD-282,367,60,Bus,High,Clear,2819,Slippery,No,None,Yes,41.91,87.97,2018,7,12,1,Thursday,0,1
4227,2023-06-23 07:41:00,26.97470526,85.18726622,RD-34,257,35,Car,Very High,Storm,1535,Wet,No,None,No,30.94,79.26,2023,6,23,7,Friday,0,0
4228,2022-06-04 19:41:00,27.74980924,94.30480876,RD-150,301,72,Truck,Very High,Snow,393,Under Maintenance,No,None,No,39.23,42.27,2022,6,4,19,Saturday,0,0
4229,2023-10-16 07:46:00,14.58085493,93.58621419,RD-242,218,93,Bus,Very High,Fog,4166,Dry,No,None,No,33.99,41.17,2023,10,16,7,Monday,0,0
4230,2022-06-10 22:37:00,17.42673597,88.83892089,RD-69,103,66,Truck,Very High,Rain,5595,Under Maintenance,No,None,Yes,25.7,37.54,2022,6,10,22,Friday,0,1
4231,2018-03-03 20:22:00,35.71852512,91.73659736,RD-63,448,119,Bike,Very High,Clear,6661,Slippery,No,None,No,41.05,38.3,2018,3,3,20,Saturday,0,0
4232,2021-07-24 22:16:00,32.56083246,68.09162955,RD-356,39,87,Mixed,Very High,Storm,7903,Slippery,No,None,No,36.69,74.89,2021,7,24,22,Saturday,0,0
4233,2019-12-16 05:16:00,12.78273036,68.45051896,RD-441,71,64,Bus,Very High,Fog,6301,Slippery,No,None,No,30.76,58.18,2019,12,16,5,Monday,0,0
4234,2018-11-24 06:18:00,23.79609906,81.29903205,RD-141,252,41,Car,Medium,Clear,5505,Dry,No,None,Yes,47.34,76.98,2018,11,24,6,Saturday,0,1
4235,2019-01-30 05:22:00,22.22471075,86.95711763,RD-169,190,38,Mixed,Medium,Fog,2296,Dry,No,None,No,20.63,74.78,2019,1,30,5,Wednesday,0,0
4236,2018-02-25 17:03:00,20.86613592,91.028442,RD-270,116,5,Bike,Medium,Fog,4050,Slippery,No,None,Yes,29.47,66.28,2018,2,25,17,Sunday,0,1
4237,2023-10-04 07:06:00,21.64779357,80.97074243,RD-212,59,45,Mixed,Medium,Fog,1613,Dry,No,None,Yes,21.71,71.18,2023,10,4,7,Wednesday,0,1
4238,2018-06-10 04:44:00,26.64376679,95.26485225,RD-269,232,99,Mixed,Medium,Storm,5250,Under Maintenance,No,None,No,43.0,31.1,2018,6,10,4,Sunday,0,0
4239,2023-08-06 07:24:00,36.04733309,91.63457258,RD-108,169,108,Truck,Very High,Storm,6266,Wet,No,None,No,41.06,48.71,2023,8,6,7,Sunday,0,0
4240,2021-09-30 00:25:00,33.38443484,70.97991325,RD-357,129,48,Bike,Very High,Snow,1822,Wet,No,None,No,29.94,68.27,2021,9,30,0,Thursday,0,0
4241,2023-09-23 19:21:00,33.3786657,80.76517159,RD-108,377,39,Car,Medium,Fog,695,Wet,No,None,No,40.27,30.56,2023,9,23,19,Saturday,0,0
4242,2022-01-17 02:52:00,28.39792526,96.85146853,RD-314,348,31,Mixed,High,Clear,8512,Dry,No,None,No,31.88,31.98,2022,1,17,2,Monday,0,0
4243,2019-01-25 12:05:00,8.510041393,79.88831349,RD-30,274,25,Mixed,Medium,Rain,4084,Wet,No,None,No,42.69,81.11,2019,1,25,12,Friday,0,0
4244,2022-04-15 13:36:00,20.77335546,79.20182403,RD-56,378,76,Car,Very High,Fog,7416,Slippery,No,None,No,33.63,71.04,2022,4,15,13,Friday,0,0
4245,2022-11-22 06:56:00,22.82266082,76.52833036,RD-293,281,86,Car,High,Snow,4513,Slippery,No,None,Yes,32.37,45.92,2022,11,22,6,Tuesday,0,1
4246,2020-08-07 19:25:00,32.43224785,82.10818107,RD-374,431,27,Bus,Low,Storm,976,Dry,No,None,No,48.04,71.28,2020,8,7,19,Friday,0,0
4247,2019-05-21 00:39:00,34.76241977,89.16585632,RD-323,412,45,Bus,Medium,Snow,3023,Wet,No,None,No,27.53,77.55,2019,5,21,0,Tuesday,0,0
4248,2018-03-12 22:07:00,21.09483066,69.37668553,RD-271,359,104,Mixed,High,Snow,8571,Dry,No,None,No,23.61,48.41,2018,3,12,22,Monday,0,0
4249,2021-02-23 09:34:00,16.71332937,92.23581097,RD-45,301,97,Bus,Medium,Fog,955,Under Maintenance,No,None,No,37.54,32.16,2021,2,23,9,Tuesday,0,0
4250,2021-05-20 20:25:00,17.78328637,94.60980868,RD-248,276,84,Mixed,Low,Fog,1619,Under Maintenance,No,None,Yes,49.08,85.97,2021,5,20,20,Thursday,0,1
4251,2021-09-01 17:04:00,24.78120542,90.65168415,RD-371,88,54,Car,High,Clear,9000,Under Maintenance,No,None,Yes,31.34,50.71,2021,9,1,17,Wednesday,0,1
4252,2018-05-06 22:13:00,15.97418675,94.55341148,RD-353,481,78,Bus,Low,Clear,9908,Dry,No,None,No,21.86,36.39,2018,5,6,22,Sunday,0,0
4253,2019-03-27 01:19:00,34.41142304,70.75222986,RD-310,242,85,Bike,Low,Snow,1598,Under Maintenance,No,None,No,30.18,59.51,2019,3,27,1,Wednesday,0,0
4254,2022-05-31 00:17:00,20.14090745,81.05312087,RD-479,200,26,Bike,Low,Clear,9057,Under Maintenance,No,None,No,35.18,76.11,2022,5,31,0,Tuesday,0,0
4255,2019-09-29 01:52:00,36.71186089,70.06023124,RD-404,94,44,Car,Medium,Clear,5866,Dry,No,None,No,24.86,43.3,2019,9,29,1,Sunday,0,0
4256,2020-02-25 08:56:00,11.17594217,92.26824282,RD-362,133,6,Mixed,High,Rain,8625,Slippery,No,None,No,39.74,46.17,2020,2,25,8,Tuesday,0,0
4257,2019-03-25 14:01:00,13.44849779,95.62385607,RD-148,436,46,Bike,Very High,Clear,3107,Dry,No,None,Yes,49.93,44.56,2019,3,25,14,Monday,0,1
4258,2021-10-19 14:55:00,22.83612988,76.63478511,RD-219,83,34,Bus,Very High,Snow,3415,Slippery,No,None,Yes,33.55,89.5,2021,10,19,14,Tuesday,0,1
4259,2022-09-17 23:44:00,33.18085582,83.52644473,RD-312,499,48,Truck,Medium,Fog,5914,Under Maintenance,No,None,No,30.64,41.84,2022,9,17,23,Saturday,0,0
4260,2018-12-31 22:54:00,18.26464019,76.63258919,RD-435,226,107,Mixed,Medium,Storm,879,Dry,No,None,No,32.02,64.53,2018,12,31,22,Monday,0,0
4261,2022-03-17 20:16:00,32.28656835,78.98730295,RD-163,361,107,Bus,Low,Fog,6093,Wet,No,None,No,23.45,85.52,2022,3,17,20,Thursday,0,0
4262,2022-06-21 02:22:00,20.33812501,81.8201711,RD-133,298,113,Mixed,Medium,Snow,7970,Slippery,No,None,No,46.5,38.81,2022,6,21,2,Tuesday,0,0
4263,2020-06-22 04:37:00,32.73676902,90.93327227,RD-270,58,87,Bus,High,Storm,8361,Dry,No,None,No,32.44,88.25,2020,6,22,4,Monday,0,0
4264,2021-06-25 18:15:00,16.04551148,72.26292705,RD-295,188,14,Car,Very High,Rain,5095,Wet,No,None,Yes,31.62,86.85,2021,6,25,18,Friday,0,1
4265,2018-04-17 19:21:00,21.68486068,72.55457479,RD-320,187,88,Car,High,Snow,8799,Dry,Yes,None,Yes,39.79,83.07,2018,4,17,19,Tuesday,1,1
4266,2019-10-06 08:31:00,16.08320816,73.85399991,RD-182,33,67,Car,Low,Snow,2922,Wet,No,None,Yes,33.26,42.87,2019,10,6,8,Sunday,0,1
4267,2022-01-29 18:15:00,14.24148224,69.54141271,RD-475,286,28,Car,Medium,Snow,295,Slippery,No,None,No,39.45,68.04,2022,1,29,18,Saturday,0,0
4268,2021-10-13 18:00:00,20.21322589,86.66048274,RD-67,419,10,Bus,Medium,Fog,3836,Slippery,No,None,No,21.84,75.65,2021,10,13,18,Wednesday,0,0
4269,2022-01-31 23:11:00,17.70649581,73.50606432,RD-315,90,49,Bike,Low,Storm,2115,Dry,No,None,No,44.41,89.16,2022,1,31,23,Monday,0,0
4270,2022-06-07 19:09:00,30.82726173,80.6886017,RD-289,156,22,Bus,Very High,Rain,8278,Under Maintenance,No,None,Yes,48.22,40.83,2022,6,7,19,Tuesday,0,1
4271,2020-03-24 19:11:00,29.68151815,87.88211965,RD-255,204,20,Bus,Medium,Clear,4204,Dry,Yes,Minor,No,39.46,75.96,2020,3,24,19,Tuesday,1,0
4272,2023-06-30 02:43:00,18.39804869,81.01945295,RD-267,470,107,Truck,Low,Storm,7776,Dry,No,None,No,48.64,50.33,2023,6,30,2,Friday,0,0
4273,2019-02-03 13:45:00,36.77594487,94.27449575,RD-374,75,108,Truck,Very High,Snow,1820,Wet,No,None,No,24.54,40.54,2019,2,3,13,Sunday,0,0
4274,2020-12-03 20:31:00,36.24129663,90.30587638,RD-324,434,44,Bus,Very High,Snow,4245,Under Maintenance,Yes,Minor,No,34.32,55.28,2020,12,3,20,Thursday,1,0
4275,2022-10-16 08:05:00,34.61717085,75.91764337,RD-255,73,20,Car,Medium,Snow,8798,Slippery,No,None,No,38.05,77.63,2022,10,16,8,Sunday,0,0
4276,2022-08-22 12:39:00,25.0087318,71.78188583,RD-253,374,108,Truck,High,Snow,2302,Dry,No,None,No,37.45,57.89,2022,8,22,12,Monday,0,0
4277,2020-08-21 12:51:00,19.95701151,93.93869614,RD-414,489,83,Truck,Very High,Rain,9422,Wet,Yes,Fatal,Yes,32.04,62.25,2020,8,21,12,Friday,1,1
4278,2018-02-10 06:00:00,17.07766552,79.51032233,RD-93,426,108,Bus,Very High,Fog,9676,Wet,No,None,No,30.14,89.71,2018,2,10,6,Saturday,0,0
4279,2022-04-06 07:28:00,8.435929999,79.09284298,RD-453,41,74,Mixed,Very High,Storm,2197,Slippery,No,None,No,23.8,53.95,2022,4,6,7,Wednesday,0,0
4280,2023-01-21 23:13:00,26.32239522,91.4901182,RD-313,115,101,Truck,Low,Rain,2866,Under Maintenance,No,None,No,31.75,66.92,2023,1,21,23,Saturday,0,0
4281,2019-07-18 00:58:00,24.04169539,68.27128889,RD-120,162,116,Car,Very High,Rain,5006,Slippery,Yes,Fatal,No,24.88,51.91,2019,7,18,0,Thursday,1,0
4282,2019-06-21 00:33:00,26.26627395,81.08225628,RD-363,453,17,Bus,Low,Rain,9359,Under Maintenance,No,None,No,42.03,53.57,2019,6,21,0,Friday,0,0
4283,2020-11-26 02:34:00,24.70269246,88.71528192,RD-149,396,72,Mixed,Very High,Rain,7373,Dry,No,None,No,26.26,71.74,2020,11,26,2,Thursday,0,0
4284,2018-10-14 22:15:00,11.9937623,92.61190745,RD-100,371,100,Bike,Medium,Rain,9923,Slippery,No,None,Yes,21.76,86.27,2018,10,14,22,Sunday,0,1
4285,2018-10-31 12:42:00,28.16600231,93.67105676,RD-1,316,54,Car,High,Rain,5176,Dry,No,None,No,36.57,62.54,2018,10,31,12,Wednesday,0,0
4286,2020-04-24 05:34:00,18.45263747,81.5047249,RD-61,16,33,Car,High,Rain,9667,Slippery,No,None,No,37.86,76.1,2020,4,24,5,Friday,0,0
4287,2020-09-11 16:40:00,22.97255016,92.58351915,RD-13,122,62,Bus,Very High,Fog,1748,Under Maintenance,No,None,No,46.16,35.35,2020,9,11,16,Friday,0,0
4288,2019-08-29 04:05:00,18.60395944,69.03709106,RD-239,198,11,Bike,Low,Fog,2221,Under Maintenance,No,None,No,37.31,42.67,2019,8,29,4,Thursday,0,0
4289,2022-11-04 07:36:00,8.637996236,76.85734111,RD-321,290,101,Car,Low,Rain,3895,Wet,No,None,No,30.36,60.13,2022,11,4,7,Friday,0,0
4290,2020-03-05 16:46:00,33.42006082,68.30445077,RD-408,352,9,Car,High,Snow,3527,Slippery,No,None,No,44.09,31.2,2020,3,5,16,Thursday,0,0
4291,2019-10-10 13:45:00,12.31326986,72.80023583,RD-61,263,44,Bus,Medium,Clear,1085,Wet,No,None,Yes,36.21,45.17,2019,10,10,13,Thursday,0,1
4292,2021-12-14 20:15:00,24.88301882,89.01720687,RD-378,101,8,Car,Low,Rain,7438,Wet,No,None,No,22.38,61.04,2021,12,14,20,Tuesday,0,0
4293,2023-06-20 11:27:00,33.61079939,68.12830063,RD-435,213,11,Mixed,Medium,Storm,4700,Wet,No,None,No,36.98,30.9,2023,6,20,11,Tuesday,0,0
4294,2022-03-16 03:48:00,14.41854824,83.16860936,RD-107,17,84,Bike,Very High,Storm,8104,Dry,No,None,No,47.24,45.87,2022,3,16,3,Wednesday,0,0
4295,2022-03-05 10:44:00,19.94842725,80.00559838,RD-410,251,41,Truck,Medium,Rain,3666,Wet,Yes,Fatal,No,31.89,60.84,2022,3,5,10,Saturday,1,0
4296,2019-03-21 10:42:00,18.95422748,71.56325293,RD-316,236,117,Truck,Medium,Fog,619,Under Maintenance,No,None,No,28.89,64.39,2019,3,21,10,Thursday,0,0
4297,2020-09-11 10:53:00,10.58739393,87.88339423,RD-213,290,79,Bike,High,Storm,766,Dry,No,None,Yes,24.3,85.55,2020,9,11,10,Friday,0,1
4298,2019-10-31 08:09:00,20.28200085,88.10059208,RD-212,231,63,Mixed,Medium,Fog,3086,Wet,No,None,No,24.54,68.72,2019,10,31,8,Thursday,0,0
4299,2021-05-29 12:05:00,21.9048761,89.0641077,RD-24,456,54,Bus,Very High,Clear,4213,Wet,No,None,No,32.98,54.88,2021,5,29,12,Saturday,0,0
4300,2022-03-24 18:33:00,8.771322631,90.19391896,RD-171,425,73,Bus,Medium,Snow,2137,Dry,No,None,Yes,37.87,85.82,2022,3,24,18,Thursday,0,1
4301,2020-02-16 01:47:00,22.15616896,77.13476559,RD-180,237,33,Truck,Low,Fog,9508,Slippery,No,None,No,22.42,77.09,2020,2,16,1,Sunday,0,0
4302,2018-07-13 11:45:00,10.7210737,96.82974938,RD-287,425,59,Car,Low,Storm,6684,Under Maintenance,No,None,No,48.19,42.0,2018,7,13,11,Friday,0,0
4303,2022-01-11 00:06:00,33.88141712,70.11565845,RD-413,62,93,Bike,High,Clear,5473,Dry,No,None,Yes,42.65,37.85,2022,1,11,0,Tuesday,0,1
4304,2021-02-09 19:37:00,26.85457469,86.78316566,RD-327,290,71,Mixed,Very High,Snow,9410,Wet,No,None,No,37.6,70.55,2021,2,9,19,Tuesday,0,0
4305,2020-11-26 14:21:00,9.636381045,96.15247782,RD-109,35,100,Bus,Low,Fog,9920,Under Maintenance,Yes,Major,No,44.85,63.59,2020,11,26,14,Thursday,1,0
4306,2019-03-30 11:29:00,31.98424752,74.50500338,RD-6,17,34,Bike,Low,Snow,4882,Under Maintenance,No,None,Yes,22.41,77.38,2019,3,30,11,Saturday,0,1
4307,2022-06-17 21:59:00,18.48638403,76.06562292,RD-328,206,24,Car,Medium,Clear,4647,Dry,No,None,No,34.31,74.33,2022,6,17,21,Friday,0,0
4308,2019-09-15 14:20:00,14.54289704,84.70334571,RD-104,395,98,Truck,High,Clear,7686,Dry,No,None,No,38.9,67.51,2019,9,15,14,Sunday,0,0
4309,2023-02-14 01:21:00,15.36371527,90.65647031,RD-354,156,71,Car,High,Rain,8044,Under Maintenance,No,None,No,44.86,89.18,2023,2,14,1,Tuesday,0,0
4310,2021-10-06 19:21:00,25.33383903,77.5394625,RD-145,460,65,Mixed,Low,Rain,7250,Slippery,No,None,No,43.5,62.02,2021,10,6,19,Wednesday,0,0
4311,2019-07-30 05:03:00,10.3650351,92.26647975,RD-131,213,48,Truck,High,Fog,9051,Dry,No,None,No,28.31,36.79,2019,7,30,5,Tuesday,0,0
4312,2020-07-01 14:04:00,9.703608951,74.9902698,RD-405,496,60,Car,High,Storm,6036,Slippery,No,None,No,48.23,79.7,2020,7,1,14,Wednesday,0,0
4313,2020-02-11 05:13:00,26.19787835,93.35663387,RD-35,233,83,Mixed,Low,Rain,1641,Dry,No,None,Yes,23.73,45.11,2020,2,11,5,Tuesday,0,1
4314,2020-01-04 22:22:00,36.47537461,75.3356406,RD-158,207,64,Mixed,High,Fog,6184,Dry,No,None,No,46.25,76.64,2020,1,4,22,Saturday,0,0
4315,2020-03-20 21:33:00,22.01942401,85.90561951,RD-154,256,45,Mixed,Very High,Snow,4609,Slippery,No,None,No,49.13,87.43,2020,3,20,21,Friday,0,0
4316,2020-04-24 06:22:00,19.98521648,78.37594518,RD-260,273,82,Bike,High,Clear,5885,Slippery,No,None,No,25.31,71.81,2020,4,24,6,Friday,0,0
4317,2022-06-25 23:01:00,35.46873338,77.33295726,RD-282,196,44,Mixed,High,Rain,6799,Dry,No,None,No,41.66,65.76,2022,6,25,23,Saturday,0,0
4318,2021-10-13 05:05:00,14.98872685,78.26587151,RD-166,142,54,Bus,Low,Fog,1217,Slippery,Yes,Minor,No,21.21,57.62,2021,10,13,5,Wednesday,1,0
4319,2023-10-17 01:10:00,14.97568996,82.47684102,RD-393,342,14,Mixed,Very High,Clear,643,Dry,Yes,Major,No,32.16,51.86,2023,10,17,1,Tuesday,1,0
4320,2021-10-16 18:12:00,34.24836728,92.50640901,RD-4,168,21,Car,Very High,Snow,2002,Under Maintenance,No,None,Yes,35.49,51.18,2021,10,16,18,Saturday,0,1
4321,2020-11-23 22:42:00,26.76100421,90.02022884,RD-59,406,19,Bus,High,Rain,2441,Under Maintenance,No,None,No,37.42,68.18,2020,11,23,22,Monday,0,0
4322,2019-07-06 16:14:00,9.559729863,81.0308857,RD-352,127,97,Truck,Medium,Rain,5341,Under Maintenance,No,None,No,48.08,75.08,2019,7,6,16,Saturday,0,0
4323,2021-03-28 23:33:00,27.54534483,76.18264839,RD-171,394,57,Bus,Medium,Snow,1227,Dry,No,None,No,40.17,70.71,2021,3,28,23,Sunday,0,0
4324,2021-08-20 08:20:00,31.7809147,92.77472845,RD-175,55,102,Car,Low,Storm,672,Slippery,Yes,Minor,No,34.44,41.9,2021,8,20,8,Friday,1,0
4325,2020-08-14 11:16:00,15.94464621,93.23536534,RD-203,141,103,Truck,Very High,Fog,2811,Wet,No,None,No,44.29,59.64,2020,8,14,11,Friday,0,0
4326,2019-02-28 23:00:00,19.10389335,81.15661272,RD-371,383,77,Car,Low,Snow,4851,Wet,No,None,No,48.52,77.5,2019,2,28,23,Thursday,0,0
4327,2022-12-12 00:04:00,13.73262192,88.17952989,RD-292,413,55,Car,Medium,Clear,1081,Wet,No,None,No,20.66,58.54,2022,12,12,0,Monday,0,0
4328,2020-07-19 20:48:00,26.36704181,78.70864335,RD-316,358,85,Bike,High,Clear,8278,Wet,No,None,No,49.48,62.2,2020,7,19,20,Sunday,0,0
4329,2018-08-18 08:36:00,27.26165121,72.32383274,RD-492,41,70,Bike,Low,Storm,1064,Under Maintenance,No,None,No,22.58,76.27,2018,8,18,8,Saturday,0,0
4330,2022-06-20 13:41:00,9.987539111,77.32300418,RD-15,106,30,Car,Low,Snow,3687,Slippery,No,None,No,44.43,69.68,2022,6,20,13,Monday,0,0
4331,2018-01-12 17:35:00,27.65343488,87.78044524,RD-427,393,42,Mixed,High,Fog,1293,Dry,No,None,Yes,28.41,54.56,2018,1,12,17,Friday,0,1
4332,2022-06-09 03:51:00,27.09518294,90.31288024,RD-90,87,111,Bike,Low,Snow,6600,Under Maintenance,No,None,Yes,23.97,83.72,2022,6,9,3,Thursday,0,1
4333,2022-05-13 23:04:00,9.018899294,92.6980064,RD-100,348,96,Car,High,Storm,6829,Under Maintenance,No,None,No,33.2,39.75,2022,5,13,23,Friday,0,0
4334,2018-01-20 09:29:00,24.10573221,68.5136683,RD-170,380,34,Bus,Low,Rain,5549,Wet,No,None,No,39.32,89.73,2018,1,20,9,Saturday,0,0
4335,2021-09-23 02:37:00,25.80421457,82.10577775,RD-427,396,111,Car,Very High,Snow,3803,Dry,No,None,No,31.43,37.13,2021,9,23,2,Thursday,0,0
4336,2022-01-26 23:54:00,20.47451406,75.9437412,RD-174,317,59,Car,Medium,Storm,7916,Under Maintenance,No,None,No,21.64,30.9,2022,1,26,23,Wednesday,0,0
4337,2019-07-26 18:05:00,34.13819809,87.83482591,RD-473,276,13,Truck,Medium,Storm,559,Slippery,No,None,No,37.98,83.4,2019,7,26,18,Friday,0,0
4338,2021-04-18 03:37:00,17.52271026,75.11460873,RD-345,274,96,Bike,Low,Rain,6522,Slippery,No,None,No,47.07,44.7,2021,4,18,3,Sunday,0,0
4339,2022-08-14 12:44:00,9.948172788,84.42212599,RD-246,194,20,Truck,Very High,Storm,6345,Wet,No,None,Yes,31.5,73.78,2022,8,14,12,Sunday,0,1
4340,2021-07-29 20:13:00,27.48373685,88.64691692,RD-470,455,28,Mixed,Very High,Fog,7929,Under Maintenance,No,None,No,26.49,78.66,2021,7,29,20,Thursday,0,0
4341,2019-11-07 16:13:00,25.55138732,90.33188267,RD-243,193,90,Car,High,Storm,8089,Dry,No,None,No,33.28,81.54,2019,11,7,16,Thursday,0,0
4342,2021-10-14 21:52:00,36.68269681,75.81458042,RD-409,391,24,Bike,Medium,Rain,7512,Slippery,No,None,No,21.45,89.5,2021,10,14,21,Thursday,0,0
4343,2020-02-05 00:00:00,14.70794015,70.54713225,RD-19,60,66,Bike,Medium,Snow,2863,Wet,No,None,Yes,44.61,47.64,2020,2,5,0,Wednesday,0,1
4344,2019-10-01 14:43:00,19.46933721,74.34268766,RD-331,229,56,Bike,Low,Storm,9830,Dry,No,None,No,44.79,72.61,2019,10,1,14,Tuesday,0,0
4345,2020-07-06 11:13:00,21.37421411,85.374811,RD-70,11,82,Car,Medium,Storm,998,Under Maintenance,No,None,Yes,37.64,36.92,2020,7,6,11,Monday,0,1
4346,2019-11-07 02:03:00,32.98372873,69.17302638,RD-247,86,56,Car,Very High,Fog,8171,Wet,No,None,No,30.59,54.41,2019,11,7,2,Thursday,0,0
4347,2021-01-31 18:34:00,20.02247176,72.60699611,RD-80,492,47,Bus,High,Rain,5656,Under Maintenance,No,None,No,43.99,80.88,2021,1,31,18,Sunday,0,0
4348,2022-11-06 20:35:00,30.39230141,96.8687671,RD-322,488,100,Truck,Very High,Rain,2484,Dry,No,None,No,36.64,52.06,2022,11,6,20,Sunday,0,0
4349,2018-12-15 06:59:00,12.55133907,79.08761166,RD-236,372,14,Truck,High,Rain,1711,Under Maintenance,No,None,No,44.78,65.47,2018,12,15,6,Saturday,0,0
4350,2021-07-13 23:07:00,19.88374742,82.39926196,RD-457,471,70,Car,Medium,Rain,6987,Dry,No,None,No,38.94,60.23,2021,7,13,23,Tuesday,0,0
4351,2018-07-17 20:58:00,12.494346,68.31920772,RD-443,408,75,Mixed,Low,Rain,4620,Under Maintenance,No,None,Yes,43.53,68.76,2018,7,17,20,Tuesday,0,1
4352,2021-11-21 18:47:00,35.54068708,85.16532596,RD-275,334,69,Bike,High,Clear,699,Under Maintenance,No,None,Yes,37.96,88.37,2021,11,21,18,Sunday,0,1
4353,2023-10-22 16:31:00,13.15496183,77.43366185,RD-459,48,105,Car,High,Snow,7228,Dry,No,None,No,32.42,33.34,2023,10,22,16,Sunday,0,0
4354,2021-09-09 01:59:00,20.15310927,83.37560365,RD-172,43,19,Car,High,Storm,2758,Slippery,Yes,None,No,48.74,64.44,2021,9,9,1,Thursday,1,0
4355,2018-06-25 04:31:00,10.38556097,83.25743196,RD-237,239,79,Car,Medium,Storm,5954,Wet,No,None,No,36.23,81.78,2018,6,25,4,Monday,0,0
4356,2019-12-06 16:51:00,34.72012214,96.05626603,RD-402,180,88,Bike,Very High,Storm,4680,Dry,No,None,No,38.15,58.88,2019,12,6,16,Friday,0,0
4357,2022-06-02 02:04:00,26.09074426,75.77945296,RD-417,260,54,Bike,High,Fog,2849,Dry,No,None,No,26.61,34.71,2022,6,2,2,Thursday,0,0
4358,2023-01-26 12:38:00,35.91123161,84.54255469,RD-212,75,45,Car,High,Rain,5745,Wet,No,None,Yes,38.77,63.63,2023,1,26,12,Thursday,0,1
4359,2023-12-16 14:36:00,9.225877421,79.0650253,RD-476,438,64,Bus,Very High,Snow,7453,Under Maintenance,No,None,No,37.15,49.92,2023,12,16,14,Saturday,0,0
4360,2023-01-17 14:55:00,13.07437676,80.23799449,RD-381,362,37,Truck,Very High,Storm,7666,Slippery,No,None,Yes,25.55,39.3,2023,1,17,14,Tuesday,0,1
4361,2023-10-25 11:51:00,19.02141597,69.61121281,RD-29,392,56,Bus,Medium,Rain,4310,Wet,No,None,No,21.79,80.94,2023,10,25,11,Wednesday,0,0
4362,2023-01-23 23:26:00,26.01943715,87.96513737,RD-428,36,42,Bus,Medium,Rain,3813,Dry,Yes,None,No,38.13,61.3,2023,1,23,23,Monday,1,0
4363,2019-05-12 02:07:00,17.55601252,73.66327683,RD-267,76,88,Car,Medium,Rain,8504,Dry,No,None,No,42.91,86.0,2019,5,12,2,Sunday,0,0
4364,2022-10-01 23:03:00,28.64434659,81.5861784,RD-154,199,68,Bike,Very High,Fog,1248,Wet,No,None,Yes,35.7,78.36,2022,10,1,23,Saturday,0,1
4365,2019-09-27 04:02:00,12.78875686,80.5938194,RD-290,329,14,Truck,Low,Snow,5116,Under Maintenance,No,None,No,26.8,71.58,2019,9,27,4,Friday,0,0
4366,2018-04-26 14:51:00,25.4184602,81.57609238,RD-372,395,100,Bus,Very High,Storm,8321,Wet,No,None,No,40.0,30.3,2018,4,26,14,Thursday,0,0
4367,2021-05-18 19:28:00,19.54101915,78.89083388,RD-348,252,104,Mixed,Very High,Clear,1737,Slippery,Yes,None,No,22.4,55.67,2021,5,18,19,Tuesday,1,0
4368,2019-10-19 21:33:00,22.73898838,75.02917703,RD-162,421,54,Bike,Low,Fog,1288,Dry,No,None,No,33.26,41.85,2019,10,19,21,Saturday,0,0
4369,2023-09-01 21:39:00,24.51935877,81.01270754,RD-285,127,67,Bike,Medium,Fog,2164,Dry,No,None,Yes,24.9,84.65,2023,9,1,21,Friday,0,1
4370,2018-01-31 20:04:00,9.736980528,69.34036622,RD-275,487,63,Truck,Low,Clear,8563,Wet,No,None,Yes,25.53,40.48,2018,1,31,20,Wednesday,0,1
4371,2021-01-14 17:13:00,34.79670358,75.02735402,RD-10,178,16,Truck,High,Fog,4449,Wet,No,None,No,26.07,47.16,2021,1,14,17,Thursday,0,0
4372,2022-03-09 08:21:00,30.79666322,90.76060278,RD-107,379,62,Truck,Very High,Storm,4378,Dry,No,None,No,31.6,61.01,2022,3,9,8,Wednesday,0,0
4373,2019-07-28 07:25:00,20.83121787,92.44179126,RD-296,96,93,Car,Very High,Snow,9574,Dry,No,None,Yes,21.53,45.8,2019,7,28,7,Sunday,0,1
4374,2023-12-20 05:06:00,23.87661545,88.74397081,RD-351,106,13,Bike,Low,Snow,7702,Slippery,No,None,No,31.93,42.59,2023,12,20,5,Wednesday,0,0
4375,2018-12-12 01:11:00,8.943532488,86.3443569,RD-170,445,53,Car,Low,Storm,6139,Under Maintenance,No,None,No,35.35,65.95,2018,12,12,1,Wednesday,0,0
4376,2023-11-02 09:11:00,22.44047267,91.52670702,RD-410,279,65,Car,High,Storm,6721,Dry,No,None,No,34.5,35.34,2023,11,2,9,Thursday,0,0
4377,2022-08-26 18:48:00,20.3631623,71.70709681,RD-470,70,85,Car,Medium,Snow,6056,Under Maintenance,No,None,Yes,31.48,33.49,2022,8,26,18,Friday,0,1
4378,2023-07-24 08:08:00,18.86007274,83.23237,RD-455,471,82,Bike,High,Storm,2641,Dry,Yes,Major,No,45.17,52.33,2023,7,24,8,Monday,1,0
4379,2022-11-12 04:03:00,31.64521188,71.37315384,RD-408,59,92,Mixed,High,Fog,9655,Under Maintenance,No,None,No,24.36,73.24,2022,11,12,4,Saturday,0,0
4380,2019-07-16 03:03:00,13.27580686,90.55811618,RD-182,22,109,Bus,Very High,Snow,245,Wet,No,None,No,35.17,63.29,2019,7,16,3,Tuesday,0,0
4381,2021-07-15 13:52:00,13.11299724,83.09613518,RD-34,205,55,Bike,Very High,Clear,6428,Slippery,No,None,No,21.86,55.37,2021,7,15,13,Thursday,0,0
4382,2018-08-21 10:37:00,23.12865696,91.49072167,RD-497,379,49,Bike,Very High,Clear,1436,Dry,Yes,Fatal,Yes,22.13,63.95,2018,8,21,10,Tuesday,1,1
4383,2022-04-02 11:37:00,27.92717104,91.17283933,RD-77,284,71,Truck,Very High,Storm,4530,Under Maintenance,No,None,No,37.22,51.93,2022,4,2,11,Saturday,0,0
4384,2020-12-07 16:46:00,8.650775356,81.52015893,RD-144,225,118,Bus,High,Clear,2516,Wet,No,None,No,36.98,86.17,2020,12,7,16,Monday,0,0
4385,2020-01-23 23:59:00,23.82937422,82.40935455,RD-431,301,109,Truck,Very High,Clear,1658,Dry,No,None,No,46.34,33.29,2020,1,23,23,Thursday,0,0
4386,2019-04-10 06:22:00,16.66227473,68.81975736,RD-16,335,84,Mixed,Medium,Snow,1183,Dry,No,None,No,36.74,70.4,2019,4,10,6,Wednesday,0,0
4387,2019-04-19 19:50:00,29.94956402,83.18188542,RD-174,277,22,Car,Very High,Fog,8139,Slippery,No,None,No,48.79,83.48,2019,4,19,19,Friday,0,0
4388,2021-11-16 00:37:00,21.5972853,87.64647851,RD-193,338,107,Truck,Low,Rain,7365,Under Maintenance,No,None,No,21.46,78.23,2021,11,16,0,Tuesday,0,0
4389,2018-01-24 09:42:00,32.18818269,74.77601523,RD-321,22,65,Mixed,Very High,Clear,4966,Dry,No,None,No,22.94,41.04,2018,1,24,9,Wednesday,0,0
4390,2023-03-16 09:58:00,19.51230329,96.60928794,RD-274,33,54,Bus,Very High,Storm,6065,Wet,No,None,No,21.32,47.76,2023,3,16,9,Thursday,0,0
4391,2021-09-07 22:43:00,31.98559691,96.27003734,RD-432,183,18,Car,High,Rain,4192,Dry,No,None,No,25.56,73.02,2021,9,7,22,Tuesday,0,0
4392,2018-06-07 23:56:00,28.77870544,76.20208725,RD-85,280,14,Mixed,High,Clear,2462,Under Maintenance,Yes,Fatal,Yes,36.24,35.06,2018,6,7,23,Thursday,1,1
4393,2022-12-08 01:42:00,32.01946422,88.67622444,RD-293,439,78,Truck,Low,Fog,9810,Wet,No,None,No,39.37,78.71,2022,12,8,1,Thursday,0,0
4394,2019-10-30 11:04:00,31.56019343,68.87004838,RD-311,379,10,Mixed,Low,Clear,5027,Under Maintenance,No,None,Yes,21.37,73.13,2019,10,30,11,Wednesday,0,1
4395,2021-05-07 14:06:00,22.10456814,87.30682861,RD-200,103,7,Mixed,High,Storm,5444,Dry,No,None,Yes,48.38,73.78,2021,5,7,14,Friday,0,1
4396,2022-05-22 01:26:00,18.67465084,86.09647814,RD-96,105,117,Car,High,Fog,4227,Wet,No,None,No,45.26,36.01,2022,5,22,1,Sunday,0,0
4397,2022-07-04 01:25:00,30.18920039,91.84263013,RD-305,489,90,Bike,Very High,Storm,2372,Wet,No,None,Yes,28.9,73.07,2022,7,4,1,Monday,0,1
4398,2020-06-17 14:54:00,18.48419823,76.82658735,RD-60,491,6,Mixed,High,Storm,7047,Under Maintenance,No,None,No,22.32,70.79,2020,6,17,14,Wednesday,0,0
4399,2019-08-12 04:00:00,10.59250054,93.46229443,RD-443,44,107,Car,Low,Storm,2678,Dry,No,None,No,25.1,79.86,2019,8,12,4,Monday,0,0
4400,2022-10-17 03:09:00,32.90649477,92.88127579,RD-401,411,80,Car,High,Storm,375,Wet,No,None,No,23.81,32.5,2022,10,17,3,Monday,0,0
4401,2023-01-21 01:09:00,19.51874887,87.41848585,RD-385,476,5,Bus,Medium,Storm,8466,Wet,No,None,No,23.7,31.39,2023,1,21,1,Saturday,0,0
4402,2022-12-11 05:04:00,11.84551457,81.6977112,RD-158,251,56,Bus,Low,Fog,3000,Dry,No,None,No,35.56,52.38,2022,12,11,5,Sunday,0,0
4403,2019-05-03 08:07:00,26.74782757,85.933636,RD-362,216,105,Bike,Medium,Snow,2767,Under Maintenance,Yes,Major,No,27.38,38.93,2019,5,3,8,Friday,1,0
4404,2020-09-13 03:57:00,33.80342419,89.1688043,RD-440,159,17,Truck,Low,Fog,2299,Under Maintenance,No,None,No,30.74,63.5,2020,9,13,3,Sunday,0,0
4405,2022-02-04 10:50:00,32.96800011,96.2822903,RD-162,290,36,Mixed,High,Snow,6661,Dry,No,None,No,49.69,85.04,2022,2,4,10,Friday,0,0
4406,2018-11-02 19:51:00,24.0789578,71.53011755,RD-364,289,29,Mixed,Low,Fog,6997,Under Maintenance,Yes,None,Yes,40.53,53.49,2018,11,2,19,Friday,1,1
4407,2022-03-05 00:09:00,10.55406239,77.07911065,RD-17,399,119,Car,Low,Storm,7436,Dry,No,None,No,48.47,80.7,2022,3,5,0,Saturday,0,0
4408,2019-09-11 17:04:00,28.20148937,90.64077308,RD-140,173,42,Car,High,Fog,4642,Slippery,No,None,No,24.28,30.01,2019,9,11,17,Wednesday,0,0
4409,2021-01-15 20:38:00,25.6560323,79.86622065,RD-212,403,9,Car,Low,Fog,9335,Wet,No,None,Yes,31.46,40.11,2021,1,15,20,Friday,0,1
4410,2022-03-11 16:17:00,14.09430183,87.50191917,RD-45,277,105,Bus,High,Snow,5971,Under Maintenance,No,None,No,36.64,31.83,2022,3,11,16,Friday,0,0
4411,2023-09-28 14:20:00,34.11566743,71.86042126,RD-255,334,22,Car,Very High,Fog,5127,Wet,Yes,Fatal,No,22.3,49.69,2023,9,28,14,Thursday,1,0
4412,2023-12-02 11:48:00,10.51336438,88.56568651,RD-450,413,14,Bike,High,Fog,8379,Slippery,No,None,No,20.13,84.49,2023,12,2,11,Saturday,0,0
4413,2020-09-21 23:46:00,18.8181095,87.54785074,RD-122,46,57,Car,Low,Clear,3407,Slippery,No,None,No,40.11,35.82,2020,9,21,23,Monday,0,0
4414,2018-08-10 22:16:00,10.74145854,84.98878194,RD-191,27,87,Truck,Medium,Storm,1711,Wet,No,None,No,39.25,66.38,2018,8,10,22,Friday,0,0
4415,2019-10-04 17:30:00,34.44640084,90.19190099,RD-232,120,38,Car,High,Storm,1545,Dry,No,None,Yes,32.32,57.09,2019,10,4,17,Friday,0,1
4416,2023-04-09 01:44:00,9.026139744,93.52325474,RD-425,497,34,Mixed,High,Clear,3988,Under Maintenance,No,None,No,34.69,86.31,2023,4,9,1,Sunday,0,0
4417,2019-12-31 12:55:00,20.34717853,92.0497756,RD-487,234,36,Mixed,High,Fog,1944,Under Maintenance,No,None,No,32.46,37.35,2019,12,31,12,Tuesday,0,0
4418,2023-09-11 11:13:00,32.99158191,71.69964877,RD-155,306,15,Car,High,Rain,7446,Slippery,No,None,Yes,20.72,42.72,2023,9,11,11,Monday,0,1
4419,2019-05-30 11:04:00,15.29008783,89.58740775,RD-111,277,90,Mixed,Medium,Fog,9299,Slippery,No,None,No,30.06,31.77,2019,5,30,11,Thursday,0,0
4420,2018-03-10 21:36:00,11.04535585,81.04316879,RD-269,362,34,Car,High,Storm,6970,Dry,No,None,No,25.31,56.04,2018,3,10,21,Saturday,0,0
4421,2023-07-09 05:51:00,11.68312562,77.68257274,RD-155,206,5,Car,Medium,Fog,1609,Dry,No,None,No,22.95,46.67,2023,7,9,5,Sunday,0,0
4422,2019-03-11 09:24:00,19.74311773,93.50983799,RD-90,338,10,Bus,Medium,Rain,7742,Wet,No,None,No,48.7,82.19,2019,3,11,9,Monday,0,0
4423,2022-11-04 02:23:00,20.42887392,84.22878381,RD-58,106,82,Bus,High,Clear,6478,Under Maintenance,Yes,Fatal,No,37.98,66.3,2022,11,4,2,Friday,1,0
4424,2022-03-26 03:41:00,28.82423118,82.53580723,RD-192,457,60,Mixed,Low,Storm,4571,Dry,No,None,Yes,41.86,66.85,2022,3,26,3,Saturday,0,1
4425,2018-05-02 12:47:00,14.89993126,90.75338122,RD-402,167,71,Mixed,Very High,Rain,4559,Under Maintenance,No,None,No,29.46,61.91,2018,5,2,12,Wednesday,0,0
4426,2018-12-03 18:09:00,28.35335071,84.04594783,RD-20,26,62,Bike,Medium,Rain,6433,Slippery,No,None,No,31.79,35.51,2018,12,3,18,Monday,0,0
4427,2021-07-25 20:42:00,36.97030339,92.88221997,RD-399,44,107,Bike,Low,Rain,4943,Wet,No,None,Yes,27.11,56.7,2021,7,25,20,Sunday,0,1
4428,2018-08-28 06:55:00,33.06327532,70.98412765,RD-104,345,83,Car,Very High,Snow,5093,Wet,No,None,No,22.91,89.97,2018,8,28,6,Tuesday,0,0
4429,2019-02-23 08:08:00,26.43165588,90.50785887,RD-468,433,99,Bike,High,Clear,9085,Wet,No,None,Yes,25.37,80.11,2019,2,23,8,Saturday,0,1
4430,2018-08-28 14:26:00,35.25746253,72.75120311,RD-48,412,23,Truck,Low,Storm,933,Dry,No,None,No,43.93,83.61,2018,8,28,14,Tuesday,0,0
4431,2020-08-18 10:31:00,36.742166,74.53170902,RD-228,325,65,Bus,Very High,Clear,6374,Dry,No,None,No,40.33,79.39,2020,8,18,10,Tuesday,0,0
4432,2022-10-25 19:29:00,24.53794285,73.2040941,RD-260,440,66,Mixed,Low,Snow,4299,Dry,Yes,Minor,No,36.41,36.18,2022,10,25,19,Tuesday,1,0
4433,2021-06-15 05:50:00,15.93527365,74.91421921,RD-13,391,90,Bike,High,Storm,5413,Dry,Yes,Major,No,34.25,43.65,2021,6,15,5,Tuesday,1,0
4434,2021-03-28 13:31:00,34.53451453,89.2230902,RD-410,395,75,Truck,Very High,Fog,960,Slippery,No,None,No,47.67,30.19,2021,3,28,13,Sunday,0,0
4435,2020-03-03 07:45:00,32.48164849,87.00461966,RD-248,207,95,Bike,Low,Clear,1757,Slippery,No,None,No,22.18,48.21,2020,3,3,7,Tuesday,0,0
4436,2021-07-24 20:58:00,10.45372658,74.66365754,RD-464,435,39,Mixed,Very High,Snow,5203,Under Maintenance,No,None,Yes,28.42,36.52,2021,7,24,20,Saturday,0,1
4437,2022-05-21 05:09:00,35.15486635,75.83507317,RD-257,126,47,Bike,High,Fog,7909,Wet,No,None,No,30.5,58.37,2022,5,21,5,Saturday,0,0
4438,2022-04-05 16:21:00,18.62037528,70.87952927,RD-79,453,9,Bus,Low,Snow,9420,Slippery,Yes,Fatal,No,43.47,70.63,2022,4,5,16,Tuesday,1,0
4439,2021-08-08 21:21:00,17.34049136,80.01863014,RD-98,248,50,Bike,Medium,Storm,1090,Under Maintenance,No,None,No,49.78,82.47,2021,8,8,21,Sunday,0,0
4440,2021-11-24 00:19:00,17.95481136,78.97896973,RD-175,20,39,Truck,Very High,Clear,6541,Under Maintenance,No,None,No,27.22,74.95,2021,11,24,0,Wednesday,0,0
4441,2020-10-26 09:59:00,17.28053113,72.22865795,RD-473,338,104,Bike,Very High,Snow,2866,Dry,No,None,No,46.23,86.32,2020,10,26,9,Monday,0,0
4442,2021-09-10 22:40:00,22.96473021,92.20412619,RD-248,36,105,Mixed,Very High,Storm,7986,Under Maintenance,No,None,Yes,44.92,33.23,2021,9,10,22,Friday,0,1
4443,2023-09-28 14:25:00,24.81343793,92.72525641,RD-376,279,91,Bike,Very High,Snow,2666,Under Maintenance,No,None,No,26.74,30.73,2023,9,28,14,Thursday,0,0
4444,2021-02-24 12:24:00,20.34342769,71.16235724,RD-448,108,40,Truck,Very High,Rain,5789,Dry,No,None,Yes,31.98,69.68,2021,2,24,12,Wednesday,0,1
4445,2019-03-12 17:54:00,19.96478976,75.72461264,RD-269,135,8,Bike,Very High,Clear,5242,Slippery,No,None,No,32.29,47.36,2019,3,12,17,Tuesday,0,0
4446,2021-06-25 15:44:00,29.38210004,89.34658103,RD-159,221,65,Car,High,Rain,789,Slippery,No,None,No,49.35,45.21,2021,6,25,15,Friday,0,0
4447,2022-12-30 20:38:00,8.08779861,93.22903405,RD-398,452,6,Mixed,Low,Snow,8879,Slippery,No,None,Yes,25.43,49.85,2022,12,30,20,Friday,0,1
4448,2021-02-26 20:54:00,35.45970739,70.07851667,RD-168,131,105,Car,Medium,Fog,6871,Dry,No,None,No,43.97,46.19,2021,2,26,20,Friday,0,0
4449,2018-02-03 12:07:00,28.71857603,94.16873934,RD-74,361,39,Car,Very High,Storm,1755,Under Maintenance,No,None,No,30.03,60.69,2018,2,3,12,Saturday,0,0
4450,2022-09-20 13:04:00,28.51032333,69.78747749,RD-394,377,50,Mixed,Medium,Fog,2633,Dry,No,None,Yes,41.93,56.41,2022,9,20,13,Tuesday,0,1
4451,2020-11-21 02:58:00,20.23693762,86.37973482,RD-447,401,8,Mixed,Low,Fog,7106,Under Maintenance,No,None,No,32.6,60.75,2020,11,21,2,Saturday,0,0
4452,2022-04-05 03:46:00,36.00781783,68.64017892,RD-51,84,64,Truck,Low,Rain,6786,Wet,No,None,No,37.35,70.36,2022,4,5,3,Tuesday,0,0
4453,2021-02-11 06:42:00,8.009373719,94.91968563,RD-421,459,52,Truck,Low,Storm,9885,Wet,No,None,No,44.98,53.23,2021,2,11,6,Thursday,0,0
4454,2020-11-22 02:04:00,10.21796089,78.25702883,RD-481,14,8,Truck,Medium,Snow,2508,Wet,No,None,No,44.12,45.08,2020,11,22,2,Sunday,0,0
4455,2021-09-01 17:51:00,31.31786479,86.81528919,RD-265,167,74,Car,High,Snow,3465,Slippery,No,None,No,45.99,39.97,2021,9,1,17,Wednesday,0,0
4456,2022-08-24 21:39:00,29.42232555,73.35404377,RD-347,245,55,Bike,Very High,Snow,3438,Slippery,No,None,No,21.79,50.97,2022,8,24,21,Wednesday,0,0
4457,2021-09-02 05:08:00,15.86930939,77.31640706,RD-68,498,21,Bus,Low,Snow,2291,Dry,No,None,No,40.76,74.51,2021,9,2,5,Thursday,0,0
4458,2018-07-29 14:33:00,25.24803652,89.67165598,RD-106,212,8,Bike,Medium,Rain,8560,Slippery,Yes,Minor,No,24.2,75.4,2018,7,29,14,Sunday,1,0
4459,2022-12-18 18:55:00,23.42953268,96.21688072,RD-371,217,90,Bus,Very High,Storm,9255,Dry,No,None,No,32.47,70.01,2022,12,18,18,Sunday,0,0
4460,2021-11-29 18:15:00,23.28632758,96.76954543,RD-19,290,61,Bus,Very High,Snow,1797,Dry,No,None,No,36.46,44.04,2021,11,29,18,Monday,0,0
4461,2018-09-13 00:35:00,25.27127783,91.48070597,RD-236,371,89,Bus,Low,Clear,6418,Slippery,No,None,Yes,32.08,65.29,2018,9,13,0,Thursday,0,1
4462,2020-04-15 16:20:00,36.81832361,92.56859815,RD-199,290,80,Bus,Medium,Snow,993,Slippery,No,None,Yes,35.59,64.24,2020,4,15,16,Wednesday,0,1
4463,2020-07-21 22:21:00,36.63300335,96.11271194,RD-366,340,11,Mixed,Low,Rain,3322,Dry,No,None,Yes,49.9,59.06,2020,7,21,22,Tuesday,0,1
4464,2023-12-13 02:17:00,36.46876913,69.169184,RD-443,71,52,Truck,Low,Clear,8854,Dry,No,None,No,24.06,63.0,2023,12,13,2,Wednesday,0,0
4465,2022-06-26 10:17:00,23.91184734,72.93436296,RD-268,330,96,Mixed,Low,Fog,8310,Dry,No,None,No,40.26,59.51,2022,6,26,10,Sunday,0,0
4466,2019-06-16 23:33:00,17.22472289,69.52765558,RD-60,234,114,Car,Low,Rain,3602,Under Maintenance,No,None,No,31.88,63.93,2019,6,16,23,Sunday,0,0
4467,2021-11-22 18:29:00,24.24319111,82.53367345,RD-3,266,81,Mixed,Very High,Snow,4664,Slippery,No,None,No,23.99,72.93,2021,11,22,18,Monday,0,0
4468,2019-11-27 05:01:00,26.05796631,95.79618811,RD-160,385,111,Truck,Very High,Storm,1052,Dry,No,None,Yes,24.76,36.58,2019,11,27,5,Wednesday,0,1
4469,2020-05-17 06:38:00,17.03170399,84.89064942,RD-478,125,111,Bike,Very High,Storm,8243,Wet,No,None,No,48.48,74.98,2020,5,17,6,Sunday,0,0
4470,2022-03-20 15:55:00,26.35050153,84.10671936,RD-23,184,37,Truck,Low,Clear,7293,Dry,No,None,No,46.39,38.15,2022,3,20,15,Sunday,0,0
4471,2018-05-22 19:50:00,26.03783393,91.9739042,RD-352,338,108,Bike,Very High,Rain,5116,Under Maintenance,No,None,No,47.21,34.0,2018,5,22,19,Tuesday,0,0
4472,2019-08-05 06:23:00,34.20067096,94.93951757,RD-435,292,81,Car,High,Clear,7661,Slippery,No,None,Yes,49.75,88.56,2019,8,5,6,Monday,0,1
4473,2021-11-18 11:01:00,14.8905055,88.25810171,RD-305,303,72,Bus,Medium,Clear,4832,Dry,No,None,No,26.25,87.42,2021,11,18,11,Thursday,0,0
4474,2023-12-05 09:27:00,28.23068495,93.96594375,RD-447,412,60,Mixed,Low,Storm,4398,Wet,No,None,No,30.66,33.63,2023,12,5,9,Tuesday,0,0
4475,2019-08-16 20:24:00,21.07207982,73.08127209,RD-45,305,29,Bus,Low,Rain,746,Slippery,No,None,Yes,40.08,56.6,2019,8,16,20,Friday,0,1
4476,2021-03-02 13:14:00,11.76755457,82.59880392,RD-171,218,119,Car,Very High,Storm,5904,Under Maintenance,No,None,No,34.51,41.17,2021,3,2,13,Tuesday,0,0
4477,2023-01-01 23:05:00,17.16929753,78.57354609,RD-240,149,88,Car,Low,Rain,9581,Dry,No,None,No,32.55,59.12,2023,1,1,23,Sunday,0,0
4478,2018-05-15 16:35:00,9.661033999,77.64311779,RD-456,75,106,Bike,Medium,Storm,2693,Dry,Yes,Major,No,30.73,79.81,2018,5,15,16,Tuesday,1,0
4479,2022-11-08 04:07:00,17.26065212,74.21325869,RD-24,209,39,Bike,Very High,Rain,3884,Slippery,No,None,No,37.81,87.04,2022,11,8,4,Tuesday,0,0
4480,2019-09-11 12:58:00,10.00139577,93.9259009,RD-53,42,77,Car,Medium,Fog,3787,Slippery,No,None,No,37.27,68.06,2019,9,11,12,Wednesday,0,0
4481,2021-03-08 09:29:00,34.83790662,81.06070736,RD-267,150,119,Truck,High,Storm,612,Dry,No,None,Yes,24.84,51.23,2021,3,8,9,Monday,0,1
4482,2023-12-19 17:53:00,10.95063274,83.3773667,RD-393,52,98,Bus,Medium,Fog,2961,Dry,No,None,No,34.15,66.2,2023,12,19,17,Tuesday,0,0
4483,2019-03-04 19:38:00,31.70289945,76.0130102,RD-338,158,43,Mixed,Very High,Clear,7960,Under Maintenance,No,None,No,36.6,48.72,2019,3,4,19,Monday,0,0
4484,2019-08-15 08:19:00,34.2776659,95.9226759,RD-382,220,27,Car,Low,Storm,3729,Slippery,No,None,No,37.11,84.59,2019,8,15,8,Thursday,0,0
4485,2018-12-28 11:36:00,21.56244618,85.7250901,RD-160,427,15,Mixed,Medium,Clear,6705,Slippery,Yes,Minor,No,26.3,82.22,2018,12,28,11,Friday,1,0
4486,2021-11-17 08:24:00,9.563860264,68.02013119,RD-12,295,83,Car,Low,Storm,8731,Under Maintenance,No,None,No,42.27,63.49,2021,11,17,8,Wednesday,0,0
4487,2020-12-05 21:07:00,25.27778482,75.76888148,RD-296,285,115,Bike,High,Clear,4750,Dry,No,None,No,20.76,49.49,2020,12,5,21,Saturday,0,0
4488,2020-03-07 20:33:00,14.80828313,96.98108016,RD-389,91,26,Bike,High,Snow,7911,Slippery,No,None,Yes,30.64,47.6,2020,3,7,20,Saturday,0,1
4489,2019-02-16 02:57:00,13.12309371,96.26846989,RD-160,222,85,Car,High,Rain,2531,Slippery,No,None,No,43.41,32.01,2019,2,16,2,Saturday,0,0
4490,2020-02-03 19:03:00,24.43615281,83.79387782,RD-328,129,51,Mixed,High,Clear,3333,Under Maintenance,No,None,No,36.92,78.95,2020,2,3,19,Monday,0,0
4491,2023-06-29 23:10:00,18.33508945,84.35940083,RD-457,429,16,Bus,Low,Rain,3273,Under Maintenance,No,None,No,27.83,57.02,2023,6,29,23,Thursday,0,0
4492,2022-02-14 17:18:00,29.18097873,94.1460664,RD-108,272,119,Car,Medium,Clear,2573,Dry,No,None,Yes,40.85,49.51,2022,2,14,17,Monday,0,1
4493,2019-02-21 08:16:00,25.1462806,88.54841227,RD-165,206,39,Car,Very High,Storm,6863,Dry,No,None,No,37.02,58.27,2019,2,21,8,Thursday,0,0
4494,2023-05-07 06:15:00,32.05089694,95.0342752,RD-103,274,38,Truck,Low,Rain,3411,Slippery,No,None,Yes,43.89,79.12,2023,5,7,6,Sunday,0,1
4495,2020-11-17 10:14:00,9.693190046,81.89485626,RD-99,54,5,Car,High,Rain,9306,Under Maintenance,Yes,Fatal,No,42.05,37.48,2020,11,17,10,Tuesday,1,0
4496,2021-06-11 16:00:00,14.8126523,96.30112079,RD-147,27,36,Bike,Low,Fog,3138,Wet,No,None,No,38.3,81.46,2021,6,11,16,Friday,0,0
4497,2023-08-25 13:00:00,24.44270084,83.64694376,RD-142,312,8,Truck,High,Rain,4007,Under Maintenance,No,None,No,34.65,83.85,2023,8,25,13,Friday,0,0
4498,2022-06-12 12:17:00,33.53241874,86.70033011,RD-273,123,28,Truck,Medium,Rain,355,Slippery,No,None,No,24.0,86.8,2022,6,12,12,Sunday,0,0
4499,2021-08-11 20:56:00,31.58951851,70.39443897,RD-164,10,75,Bike,Medium,Rain,8012,Slippery,No,None,No,27.84,53.85,2021,8,11,20,Wednesday,0,0
4500,2019-05-31 16:12:00,27.70640883,85.73727276,RD-396,493,80,Bike,Very High,Clear,7538,Wet,No,None,No,32.57,43.03,2019,5,31,16,Friday,0,0
4501,2023-07-20 19:59:00,24.64808903,90.26550245,RD-226,246,26,Bike,High,Snow,4664,Under Maintenance,No,None,No,37.98,52.42,2023,7,20,19,Thursday,0,0
4502,2022-04-30 10:25:00,26.31231787,80.73982604,RD-344,343,117,Mixed,Medium,Rain,8403,Wet,No,None,No,35.41,49.97,2022,4,30,10,Saturday,0,0
4503,2019-06-06 21:33:00,14.19462481,82.57070809,RD-61,337,39,Truck,Medium,Snow,5132,Wet,No,None,No,28.65,40.57,2019,6,6,21,Thursday,0,0
4504,2022-07-14 11:56:00,25.26060244,79.40649521,RD-140,318,89,Bus,Medium,Rain,9692,Wet,No,None,No,20.19,66.44,2022,7,14,11,Thursday,0,0
4505,2023-05-29 07:20:00,22.31908609,96.10220371,RD-77,46,33,Bus,Medium,Storm,1279,Slippery,No,None,No,34.89,58.6,2023,5,29,7,Monday,0,0
4506,2022-06-01 03:12:00,19.14859995,81.82210285,RD-81,29,117,Mixed,Very High,Snow,5854,Wet,No,None,No,28.57,81.94,2022,6,1,3,Wednesday,0,0
4507,2018-12-09 18:38:00,33.744185,71.66012898,RD-141,360,21,Bus,Low,Fog,6093,Dry,No,None,No,42.04,31.93,2018,12,9,18,Sunday,0,0
4508,2018-05-26 18:59:00,32.05305602,68.8372933,RD-59,464,32,Truck,Very High,Rain,2154,Slippery,No,None,Yes,20.72,68.63,2018,5,26,18,Saturday,0,1
4509,2021-01-25 09:31:00,10.22533413,90.40160672,RD-8,195,110,Bike,Medium,Storm,8386,Dry,Yes,Major,No,37.54,75.78,2021,1,25,9,Monday,1,0
4510,2020-07-18 09:35:00,36.58615381,83.8825126,RD-491,129,51,Truck,Low,Snow,3660,Dry,No,None,No,48.24,75.57,2020,7,18,9,Saturday,0,0
4511,2018-04-26 16:21:00,14.66954189,68.08034466,RD-319,50,45,Mixed,High,Storm,2841,Slippery,No,None,No,25.23,83.16,2018,4,26,16,Thursday,0,0
4512,2020-03-07 09:59:00,14.24484223,79.09315648,RD-287,431,21,Mixed,Very High,Fog,3100,Slippery,No,None,No,34.15,73.74,2020,3,7,9,Saturday,0,0
4513,2019-06-03 12:16:00,35.37067114,94.50742883,RD-264,309,8,Car,Low,Fog,7919,Under Maintenance,No,None,Yes,22.74,85.67,2019,6,3,12,Monday,0,1
4514,2021-01-10 19:47:00,20.89927041,95.48489286,RD-53,386,45,Mixed,Very High,Fog,5572,Slippery,No,None,No,38.77,49.96,2021,1,10,19,Sunday,0,0
4515,2018-08-17 05:01:00,31.3555764,69.5532182,RD-106,244,10,Mixed,Very High,Fog,2446,Wet,No,None,No,36.52,60.19,2018,8,17,5,Friday,0,0
4516,2020-06-23 21:06:00,16.35786609,71.57925,RD-278,408,83,Truck,Medium,Storm,6819,Under Maintenance,No,None,No,32.22,30.84,2020,6,23,21,Tuesday,0,0
4517,2018-04-16 09:41:00,33.32196237,68.14124001,RD-180,378,48,Truck,Low,Snow,6314,Wet,No,None,No,35.64,30.42,2018,4,16,9,Monday,0,0
4518,2018-09-25 05:26:00,32.1368382,93.19153766,RD-282,392,28,Mixed,High,Fog,1625,Dry,No,None,No,46.9,44.41,2018,9,25,5,Tuesday,0,0
4519,2023-12-24 19:39:00,23.06488148,70.05570055,RD-164,428,58,Truck,Low,Storm,8091,Slippery,No,None,No,25.89,36.05,2023,12,24,19,Sunday,0,0
4520,2021-07-15 00:24:00,28.44662284,71.12910441,RD-139,90,76,Truck,Low,Storm,5793,Dry,No,None,No,20.68,45.61,2021,7,15,0,Thursday,0,0
4521,2020-02-08 14:46:00,35.95681667,74.60105684,RD-73,36,109,Mixed,Medium,Snow,6441,Under Maintenance,No,None,No,45.85,40.62,2020,2,8,14,Saturday,0,0
4522,2022-06-24 08:34:00,21.10931776,94.600237,RD-483,30,95,Bike,Low,Storm,2478,Dry,No,None,No,37.31,31.71,2022,6,24,8,Friday,0,0
4523,2022-03-07 15:17:00,22.33194137,87.95878621,RD-361,305,35,Mixed,High,Clear,428,Under Maintenance,No,None,No,46.72,84.56,2022,3,7,15,Monday,0,0
4524,2020-07-17 08:52:00,28.96130881,85.88955943,RD-412,255,13,Bus,Very High,Snow,4800,Wet,No,None,No,37.91,30.49,2020,7,17,8,Friday,0,0
4525,2020-07-21 02:01:00,19.20637026,90.75505026,RD-146,53,86,Truck,Medium,Storm,4137,Slippery,No,None,No,44.3,74.16,2020,7,21,2,Tuesday,0,0
4526,2020-12-21 23:24:00,35.87566202,88.10525043,RD-294,374,57,Car,Medium,Rain,8859,Wet,No,None,No,32.89,39.13,2020,12,21,23,Monday,0,0
4527,2021-03-11 12:12:00,9.172637327,89.6318778,RD-126,355,6,Mixed,Low,Rain,6106,Under Maintenance,No,None,No,42.5,84.73,2021,3,11,12,Thursday,0,0
4528,2019-01-02 14:52:00,19.69795898,70.13603672,RD-88,181,90,Bike,Low,Fog,4433,Under Maintenance,No,None,No,47.39,83.57,2019,1,2,14,Wednesday,0,0
4529,2022-05-13 00:43:00,28.70168094,85.1031936,RD-37,270,24,Bike,Very High,Snow,6521,Wet,Yes,None,No,37.16,69.23,2022,5,13,0,Friday,1,0
4530,2018-04-17 06:44:00,20.45203815,89.84301133,RD-160,362,110,Truck,Low,Storm,2025,Wet,No,None,No,25.42,70.33,2018,4,17,6,Tuesday,0,0
4531,2018-07-06 15:50:00,15.51820967,84.40409999,RD-314,389,8,Mixed,Medium,Storm,2682,Wet,No,None,Yes,28.06,30.32,2018,7,6,15,Friday,0,1
4532,2020-11-23 02:52:00,19.99017057,68.34205133,RD-457,442,106,Mixed,Low,Clear,3087,Slippery,No,None,No,25.96,89.09,2020,11,23,2,Monday,0,0
4533,2022-11-03 18:18:00,33.56398713,74.1224768,RD-174,206,48,Bus,Medium,Clear,9722,Wet,No,None,No,27.41,82.67,2022,11,3,18,Thursday,0,0
4534,2019-07-24 19:57:00,23.86321032,95.92409991,RD-277,229,66,Mixed,High,Fog,2929,Dry,No,None,Yes,29.19,83.71,2019,7,24,19,Wednesday,0,1
4535,2023-02-07 11:35:00,17.71819559,88.43614459,RD-228,158,17,Bus,Medium,Snow,6681,Wet,No,None,No,36.65,69.55,2023,2,7,11,Tuesday,0,0
4536,2023-09-16 16:18:00,27.47416654,87.96664213,RD-26,17,117,Bike,Medium,Fog,8194,Under Maintenance,No,None,No,37.64,50.69,2023,9,16,16,Saturday,0,0
4537,2023-11-30 19:59:00,25.74350677,87.14732081,RD-67,331,24,Mixed,Medium,Clear,2808,Under Maintenance,No,None,No,32.79,83.62,2023,11,30,19,Thursday,0,0
4538,2019-01-04 07:11:00,24.25295765,71.70643201,RD-15,384,56,Truck,Very High,Clear,2550,Under Maintenance,Yes,Major,Yes,38.46,47.49,2019,1,4,7,Friday,1,1
4539,2019-06-08 03:06:00,19.34356085,68.11840065,RD-242,174,10,Bus,High,Snow,4192,Wet,No,None,No,22.45,63.76,2019,6,8,3,Saturday,0,0
4540,2022-08-07 04:49:00,10.09380892,80.77891722,RD-463,407,19,Bus,Medium,Fog,2101,Wet,No,None,No,22.63,35.98,2022,8,7,4,Sunday,0,0
4541,2020-03-06 20:32:00,26.00121336,80.88540774,RD-346,427,76,Truck,Low,Clear,7862,Slippery,No,None,No,25.15,85.32,2020,3,6,20,Friday,0,0
4542,2023-05-30 07:58:00,20.17387414,91.54235808,RD-26,382,68,Car,Low,Storm,4437,Wet,No,None,No,35.54,38.45,2023,5,30,7,Tuesday,0,0
4543,2023-05-27 03:00:00,20.43415856,73.26545797,RD-55,117,98,Truck,Medium,Rain,5299,Under Maintenance,No,None,Yes,26.42,43.49,2023,5,27,3,Saturday,0,1
4544,2020-08-23 09:36:00,14.7883326,75.97822373,RD-197,325,40,Bus,Low,Clear,6369,Wet,No,None,No,28.5,63.49,2020,8,23,9,Sunday,0,0
4545,2019-04-06 08:51:00,15.23318001,70.26902762,RD-28,454,40,Truck,Low,Fog,6655,Dry,No,None,No,32.01,75.85,2019,4,6,8,Saturday,0,0
4546,2022-07-28 13:38:00,30.83637785,79.59637602,RD-45,439,7,Bus,Very High,Clear,1177,Wet,No,None,Yes,44.36,67.16,2022,7,28,13,Thursday,0,1
4547,2022-03-11 14:07:00,21.90157907,75.42370271,RD-219,494,95,Car,High,Storm,2457,Wet,No,None,No,20.42,43.93,2022,3,11,14,Friday,0,0
4548,2020-07-21 16:08:00,11.16963937,75.62397948,RD-201,158,98,Mixed,Low,Rain,6549,Under Maintenance,No,None,No,39.48,30.06,2020,7,21,16,Tuesday,0,0
4549,2019-07-28 05:22:00,9.329677982,75.36753953,RD-92,228,97,Bike,High,Rain,6158,Slippery,No,None,No,40.07,75.43,2019,7,28,5,Sunday,0,0
4550,2021-10-28 08:26:00,14.51674855,74.71403677,RD-361,258,84,Car,Low,Storm,4556,Under Maintenance,No,None,Yes,43.96,89.11,2021,10,28,8,Thursday,0,1
4551,2023-11-10 06:56:00,22.13581179,77.27399788,RD-306,283,44,Mixed,Medium,Fog,1327,Under Maintenance,No,None,No,47.98,78.59,2023,11,10,6,Friday,0,0
4552,2022-07-06 01:30:00,25.90025272,83.56401478,RD-457,377,42,Truck,Medium,Storm,4868,Wet,No,None,No,20.6,57.61,2022,7,6,1,Wednesday,0,0
4553,2021-03-05 05:03:00,12.16668435,80.69359804,RD-304,326,88,Bus,High,Storm,7367,Under Maintenance,No,None,No,24.61,84.23,2021,3,5,5,Friday,0,0
4554,2023-01-07 19:21:00,20.58191235,69.83996188,RD-323,206,49,Car,High,Snow,504,Wet,No,None,Yes,46.59,54.59,2023,1,7,19,Saturday,0,1
4555,2021-02-03 17:45:00,10.1040133,80.34993605,RD-429,171,66,Truck,High,Snow,8489,Wet,No,None,Yes,33.76,61.5,2021,2,3,17,Wednesday,0,1
4556,2021-01-10 09:07:00,9.094050753,92.54206938,RD-354,347,84,Mixed,High,Snow,6411,Dry,No,None,No,36.94,58.63,2021,1,10,9,Sunday,0,0
4557,2020-04-22 07:14:00,33.03709024,70.92041941,RD-359,447,89,Bike,Medium,Rain,8452,Under Maintenance,No,None,Yes,39.89,56.86,2020,4,22,7,Wednesday,0,1
4558,2018-01-23 13:41:00,27.09169237,95.38648638,RD-229,108,86,Car,Low,Rain,6609,Wet,No,None,No,40.37,76.51,2018,1,23,13,Tuesday,0,0
4559,2023-12-16 21:15:00,30.65171978,76.94912075,RD-316,99,109,Bike,Medium,Clear,2884,Slippery,No,None,No,47.95,61.61,2023,12,16,21,Saturday,0,0
4560,2021-06-09 12:26:00,13.27444537,68.42153325,RD-183,166,99,Truck,High,Snow,900,Slippery,Yes,Major,Yes,49.91,49.0,2021,6,9,12,Wednesday,1,1
4561,2023-06-07 19:45:00,17.34257281,75.34151179,RD-160,434,70,Mixed,Very High,Fog,1439,Dry,No,None,No,41.6,45.49,2023,6,7,19,Wednesday,0,0
4562,2020-09-25 14:58:00,20.86994779,70.020129,RD-171,357,28,Car,Low,Fog,8890,Wet,No,None,No,28.62,32.26,2020,9,25,14,Friday,0,0
4563,2022-07-05 09:15:00,27.082996,84.42505904,RD-419,207,10,Mixed,Medium,Snow,7730,Under Maintenance,No,None,No,46.39,64.99,2022,7,5,9,Tuesday,0,0
4564,2022-06-20 16:55:00,23.51046927,77.1734287,RD-102,99,114,Bus,Very High,Rain,291,Under Maintenance,No,None,No,21.48,43.8,2022,6,20,16,Monday,0,0
4565,2018-04-10 09:11:00,23.99226019,91.3994218,RD-366,323,85,Mixed,Low,Storm,2441,Under Maintenance,No,None,Yes,26.93,38.89,2018,4,10,9,Tuesday,0,1
4566,2022-10-04 21:25:00,12.55134261,89.24612756,RD-389,219,94,Mixed,Medium,Rain,5762,Dry,No,None,No,46.92,69.23,2022,10,4,21,Tuesday,0,0
4567,2023-02-18 17:27:00,21.76882346,81.58929733,RD-344,423,115,Mixed,Low,Clear,1396,Wet,No,None,Yes,27.69,70.87,2023,2,18,17,Saturday,0,1
4568,2021-03-10 22:54:00,31.89015035,84.25744671,RD-415,170,105,Car,Very High,Snow,3040,Slippery,No,None,No,26.62,75.13,2021,3,10,22,Wednesday,0,0
4569,2022-09-23 19:45:00,22.77436472,85.65431843,RD-274,456,6,Car,High,Rain,8650,Wet,No,None,No,24.14,60.21,2022,9,23,19,Friday,0,0
4570,2018-04-18 22:13:00,13.79251246,75.85043593,RD-41,105,30,Car,Low,Storm,5408,Dry,No,None,Yes,45.77,83.64,2018,4,18,22,Wednesday,0,1
4571,2022-02-12 16:42:00,19.9885185,72.04191482,RD-499,227,48,Bike,High,Clear,7995,Under Maintenance,No,None,No,35.0,86.18,2022,2,12,16,Saturday,0,0
4572,2020-04-30 06:42:00,29.88945041,78.91904567,RD-473,223,105,Truck,Medium,Rain,4864,Dry,No,None,No,40.25,78.44,2020,4,30,6,Thursday,0,0
4573,2018-03-17 13:08:00,11.91478017,70.75086884,RD-387,299,5,Truck,Medium,Snow,2827,Slippery,Yes,Minor,Yes,27.17,68.14,2018,3,17,13,Saturday,1,1
4574,2022-04-01 01:26:00,24.83343817,77.13103789,RD-392,128,6,Mixed,Low,Storm,1353,Dry,No,None,No,42.74,48.22,2022,4,1,1,Friday,0,0
4575,2021-05-27 21:15:00,35.99412683,84.02546266,RD-239,128,101,Bike,Low,Rain,3277,Slippery,No,None,No,42.8,88.98,2021,5,27,21,Thursday,0,0
4576,2020-10-02 23:32:00,19.02875538,83.6632632,RD-291,58,15,Truck,Very High,Snow,4416,Slippery,No,None,No,29.38,46.45,2020,10,2,23,Friday,0,0
4577,2023-03-09 16:39:00,9.265596052,71.49778786,RD-68,21,34,Car,High,Snow,8106,Under Maintenance,No,None,No,32.32,42.16,2023,3,9,16,Thursday,0,0
4578,2018-07-10 02:25:00,26.36001612,68.2418339,RD-48,263,38,Bus,Low,Rain,574,Under Maintenance,No,None,No,26.29,56.53,2018,7,10,2,Tuesday,0,0
4579,2020-10-28 17:09:00,9.366001945,70.5793633,RD-417,159,65,Bus,Low,Rain,5890,Dry,No,None,No,49.3,33.41,2020,10,28,17,Wednesday,0,0
4580,2021-10-27 07:41:00,13.55656427,69.04835122,RD-411,478,95,Truck,Low,Rain,3293,Slippery,No,None,Yes,39.37,88.71,2021,10,27,7,Wednesday,0,1
4581,2020-03-10 04:19:00,9.403521008,79.61359779,RD-471,161,111,Bike,Low,Storm,5560,Dry,No,None,No,48.04,65.31,2020,3,10,4,Tuesday,0,0
4582,2023-07-16 03:34:00,12.94886777,79.3027554,RD-358,321,38,Truck,Low,Rain,6869,Wet,No,None,No,29.1,63.42,2023,7,16,3,Sunday,0,0
4583,2019-09-10 09:06:00,32.7930343,75.00684559,RD-240,162,75,Car,Low,Fog,5301,Under Maintenance,No,None,No,43.46,69.35,2019,9,10,9,Tuesday,0,0
4584,2021-09-09 23:44:00,29.31068821,74.24788933,RD-50,459,107,Bike,Very High,Rain,6257,Slippery,No,None,No,42.98,59.82,2021,9,9,23,Thursday,0,0
4585,2019-05-23 04:40:00,17.91372653,79.49617758,RD-234,138,107,Bus,Low,Clear,6158,Under Maintenance,No,None,No,40.75,31.92,2019,5,23,4,Thursday,0,0
4586,2022-03-19 18:21:00,34.01699682,70.51063377,RD-159,211,6,Mixed,Very High,Fog,9100,Under Maintenance,No,None,Yes,48.97,66.74,2022,3,19,18,Saturday,0,1
4587,2020-12-04 10:43:00,27.29028426,74.21496462,RD-351,383,68,Car,High,Clear,2026,Wet,Yes,Major,No,31.81,72.97,2020,12,4,10,Friday,1,0
4588,2023-09-09 23:44:00,20.98465127,79.76506524,RD-330,171,98,Bike,High,Clear,9272,Under Maintenance,No,None,No,23.92,55.0,2023,9,9,23,Saturday,0,0
4589,2020-09-07 18:52:00,9.981653556,70.75006751,RD-364,398,116,Mixed,Very High,Snow,1600,Wet,No,None,Yes,40.15,75.44,2020,9,7,18,Monday,0,1
4590,2019-09-20 07:49:00,29.19091969,92.38359651,RD-393,282,7,Car,Low,Storm,8739,Slippery,No,None,Yes,41.88,43.62,2019,9,20,7,Friday,0,1
4591,2021-02-04 20:04:00,18.89025764,87.60453644,RD-239,138,70,Bus,Medium,Fog,9516,Under Maintenance,No,None,No,37.25,43.28,2021,2,4,20,Thursday,0,0
4592,2023-06-14 04:59:00,16.78204112,79.11045822,RD-241,471,34,Bike,Medium,Fog,399,Under Maintenance,No,None,Yes,26.2,39.69,2023,6,14,4,Wednesday,0,1
4593,2018-10-22 20:32:00,16.35991739,72.36155097,RD-119,414,105,Truck,Low,Snow,6289,Dry,No,None,No,35.13,52.32,2018,10,22,20,Monday,0,0
4594,2020-12-12 22:07:00,8.223567552,73.63143204,RD-486,15,97,Bike,Low,Clear,3573,Dry,No,None,No,29.37,80.82,2020,12,12,22,Saturday,0,0
4595,2023-03-11 16:31:00,29.53671088,71.48259796,RD-115,340,39,Bike,Low,Storm,6033,Wet,No,None,Yes,32.82,79.67,2023,3,11,16,Saturday,0,1
4596,2019-06-23 19:16:00,12.21399977,72.64243099,RD-74,48,106,Car,High,Storm,9498,Dry,No,None,No,39.36,52.97,2019,6,23,19,Sunday,0,0
4597,2019-09-14 11:03:00,23.09870033,80.25291003,RD-441,452,26,Truck,Low,Snow,4583,Slippery,No,None,Yes,42.36,65.35,2019,9,14,11,Saturday,0,1
4598,2021-12-01 00:05:00,8.466360658,75.12427529,RD-459,157,105,Bus,High,Rain,6741,Wet,No,None,No,26.97,73.25,2021,12,1,0,Wednesday,0,0
4599,2018-07-22 18:17:00,26.20861535,93.65277583,RD-316,349,86,Mixed,Very High,Storm,1247,Dry,No,None,No,32.16,44.47,2018,7,22,18,Sunday,0,0
4600,2022-11-17 12:05:00,18.71527811,95.86693317,RD-133,222,66,Bus,Medium,Rain,1497,Under Maintenance,No,None,No,28.07,40.09,2022,11,17,12,Thursday,0,0
4601,2019-06-29 19:14:00,26.29167609,88.04958626,RD-468,457,108,Truck,High,Snow,702,Dry,No,None,No,25.96,88.33,2019,6,29,19,Saturday,0,0
4602,2023-09-07 04:25:00,10.60695346,91.45407217,RD-187,127,113,Mixed,High,Clear,2109,Wet,No,None,Yes,43.5,67.05,2023,9,7,4,Thursday,0,1
4603,2023-05-31 14:41:00,15.72368153,75.39846653,RD-201,161,58,Bike,Medium,Rain,9186,Dry,No,None,No,47.28,88.88,2023,5,31,14,Wednesday,0,0
4604,2019-10-26 14:02:00,11.198897,87.28569525,RD-94,50,102,Mixed,High,Fog,8153,Dry,No,None,No,31.11,50.27,2019,10,26,14,Saturday,0,0
4605,2020-11-08 16:39:00,26.73605256,69.68196094,RD-359,128,64,Bike,High,Rain,7749,Wet,No,None,Yes,42.54,72.18,2020,11,8,16,Sunday,0,1
4606,2023-08-29 19:32:00,11.14805138,95.84626647,RD-470,99,113,Truck,Low,Clear,1547,Wet,No,None,No,46.91,43.36,2023,8,29,19,Tuesday,0,0
4607,2021-05-05 02:46:00,25.89596413,87.43600199,RD-341,332,117,Bus,Medium,Rain,3684,Slippery,No,None,No,45.38,45.67,2021,5,5,2,Wednesday,0,0
4608,2018-03-14 12:43:00,11.90602366,77.18868397,RD-170,303,42,Car,High,Snow,5450,Wet,No,None,No,25.48,60.71,2018,3,14,12,Wednesday,0,0
4609,2020-09-17 17:07:00,35.35728356,90.4182052,RD-404,242,34,Mixed,Very High,Rain,3352,Wet,No,None,No,48.69,49.18,2020,9,17,17,Thursday,0,0
4610,2018-08-16 07:13:00,20.07503964,68.45818403,RD-441,47,6,Car,Low,Fog,1038,Wet,No,None,No,31.3,40.06,2018,8,16,7,Thursday,0,0
4611,2021-04-04 15:08:00,11.67111231,78.91085083,RD-452,293,24,Car,Medium,Rain,3780,Slippery,No,None,No,30.18,45.77,2021,4,4,15,Sunday,0,0
4612,2019-01-26 17:40:00,9.212503062,93.97407513,RD-167,260,48,Mixed,Very High,Snow,9290,Under Maintenance,No,None,No,21.87,32.14,2019,1,26,17,Saturday,0,0
4613,2023-03-19 08:03:00,17.55325406,75.63278733,RD-233,275,84,Car,Medium,Rain,4756,Wet,No,None,No,34.59,72.27,2023,3,19,8,Sunday,0,0
4614,2018-04-13 23:37:00,33.8502063,87.36951505,RD-250,161,72,Car,Medium,Storm,7129,Wet,No,None,No,23.27,59.53,2018,4,13,23,Friday,0,0
4615,2021-01-22 08:00:00,12.1706397,78.44300679,RD-16,327,116,Car,Medium,Clear,2373,Wet,No,None,No,27.46,35.65,2021,1,22,8,Friday,0,0
4616,2018-07-05 11:03:00,30.93412996,79.37856573,RD-34,113,81,Bus,High,Fog,7453,Under Maintenance,Yes,Fatal,No,29.51,40.3,2018,7,5,11,Thursday,1,0
4617,2018-10-28 15:19:00,20.10378303,89.63217445,RD-244,189,82,Bike,Medium,Clear,9588,Wet,Yes,Fatal,Yes,44.26,36.15,2018,10,28,15,Sunday,1,1
4618,2020-02-14 05:09:00,31.28490767,94.39597395,RD-58,377,13,Bus,Medium,Fog,1875,Slippery,No,None,No,46.26,66.76,2020,2,14,5,Friday,0,0
4619,2023-10-14 05:56:00,33.35444912,72.83483717,RD-180,80,112,Bus,Medium,Clear,3310,Dry,No,None,Yes,29.07,35.65,2023,10,14,5,Saturday,0,1
4620,2020-09-27 01:55:00,36.93670917,76.02987115,RD-246,224,18,Bike,High,Fog,3193,Slippery,No,None,No,45.76,75.26,2020,9,27,1,Sunday,0,0
4621,2022-09-15 04:40:00,9.977726822,82.1457703,RD-237,224,15,Bike,Low,Rain,4997,Under Maintenance,Yes,None,No,45.72,31.23,2022,9,15,4,Thursday,1,0
4622,2023-08-18 15:20:00,31.09273656,85.80066591,RD-434,417,14,Car,High,Clear,3966,Under Maintenance,No,None,Yes,42.94,44.96,2023,8,18,15,Friday,0,1
4623,2021-08-09 22:01:00,10.02097763,81.56582627,RD-88,360,98,Bus,High,Fog,9178,Under Maintenance,No,None,No,24.4,83.44,2021,8,9,22,Monday,0,0
4624,2018-12-26 00:50:00,17.12898864,91.36033215,RD-145,379,75,Mixed,High,Rain,5749,Dry,No,None,No,40.71,73.11,2018,12,26,0,Wednesday,0,0
4625,2019-07-27 02:33:00,26.74073538,90.27475165,RD-394,261,61,Mixed,Medium,Fog,2341,Dry,No,None,No,48.35,34.38,2019,7,27,2,Saturday,0,0
4626,2022-06-05 09:52:00,20.97136462,79.75204474,RD-179,59,10,Car,Low,Fog,9021,Slippery,No,None,No,40.48,79.27,2022,6,5,9,Sunday,0,0
4627,2019-11-29 15:22:00,24.39244938,69.17774431,RD-310,248,21,Bus,Very High,Snow,6908,Dry,No,None,Yes,29.95,59.58,2019,11,29,15,Friday,0,1
4628,2021-09-18 21:30:00,36.01957151,73.64039499,RD-295,479,17,Car,Medium,Snow,1587,Under Maintenance,No,None,No,35.02,80.81,2021,9,18,21,Saturday,0,0
4629,2018-05-05 23:40:00,31.74104599,82.12162683,RD-66,228,63,Bus,Very High,Clear,6211,Under Maintenance,No,None,No,39.37,66.04,2018,5,5,23,Saturday,0,0
4630,2023-12-28 09:52:00,18.54641716,94.89789894,RD-261,431,51,Car,Very High,Rain,4695,Wet,No,None,No,35.32,70.91,2023,12,28,9,Thursday,0,0
4631,2022-01-18 03:22:00,25.39839441,84.45951512,RD-53,334,8,Bike,Low,Storm,1313,Under Maintenance,No,None,No,23.6,89.61,2022,1,18,3,Tuesday,0,0
4632,2022-10-27 07:14:00,9.406007813,83.38145229,RD-208,411,30,Mixed,Low,Fog,1371,Wet,Yes,Minor,No,29.36,43.94,2022,10,27,7,Thursday,1,0
4633,2022-12-24 10:53:00,21.13404888,88.99513126,RD-419,465,36,Car,High,Clear,4427,Slippery,No,None,No,44.07,67.44,2022,12,24,10,Saturday,0,0
4634,2018-01-22 06:04:00,25.64349953,72.4165535,RD-366,364,60,Bus,Very High,Snow,1098,Dry,No,None,No,45.84,57.62,2018,1,22,6,Monday,0,0
4635,2021-10-06 00:06:00,28.72679675,72.26063558,RD-408,186,71,Mixed,High,Rain,2618,Wet,No,None,Yes,24.12,32.37,2021,10,6,0,Wednesday,0,1
4636,2022-01-25 00:27:00,34.14400137,78.01646006,RD-55,26,15,Car,Very High,Snow,8500,Slippery,No,None,No,48.57,30.87,2022,1,25,0,Tuesday,0,0
4637,2019-10-14 10:41:00,16.20868877,96.85072631,RD-167,469,88,Truck,High,Fog,4089,Slippery,No,None,No,29.86,37.15,2019,10,14,10,Monday,0,0
4638,2021-06-16 02:34:00,34.16294257,93.40231314,RD-285,384,62,Mixed,Low,Snow,7933,Under Maintenance,No,None,No,39.87,68.95,2021,6,16,2,Wednesday,0,0
4639,2019-09-11 05:36:00,27.18403697,87.72330311,RD-333,240,56,Truck,Very High,Snow,3711,Dry,No,None,No,42.55,64.03,2019,9,11,5,Wednesday,0,0
4640,2018-08-06 02:16:00,10.25172595,79.34349276,RD-37,95,33,Bus,Very High,Rain,572,Under Maintenance,No,None,No,44.36,63.21,2018,8,6,2,Monday,0,0
4641,2019-09-13 22:44:00,19.02965363,84.0855447,RD-406,383,6,Bike,Low,Clear,9033,Dry,No,None,No,48.37,31.91,2019,9,13,22,Friday,0,0
4642,2023-11-18 15:09:00,21.82125844,76.80306942,RD-155,318,111,Bike,Very High,Fog,1420,Under Maintenance,No,None,No,29.39,58.16,2023,11,18,15,Saturday,0,0
4643,2020-10-25 23:54:00,18.22213071,87.55490335,RD-273,399,72,Bus,High,Fog,1749,Slippery,No,None,No,45.76,85.48,2020,10,25,23,Sunday,0,0
4644,2021-08-30 23:08:00,11.36225043,80.14652419,RD-237,359,100,Truck,High,Rain,3059,Under Maintenance,No,None,Yes,23.95,53.86,2021,8,30,23,Monday,0,1
4645,2018-10-14 15:52:00,23.99595232,71.48626093,RD-206,203,53,Bike,Very High,Clear,6829,Dry,No,None,No,41.15,67.5,2018,10,14,15,Sunday,0,0
4646,2019-10-13 22:41:00,11.82084946,74.23755067,RD-303,142,117,Bike,Very High,Rain,7030,Under Maintenance,No,None,No,42.26,76.79,2019,10,13,22,Sunday,0,0
4647,2019-09-07 04:40:00,34.53578899,85.65209095,RD-212,395,25,Truck,High,Rain,7203,Wet,Yes,Major,No,40.33,77.04,2019,9,7,4,Saturday,1,0
4648,2019-02-09 23:30:00,33.09233876,88.14237638,RD-123,199,21,Car,Low,Snow,5576,Under Maintenance,No,None,No,27.57,61.16,2019,2,9,23,Saturday,0,0
4649,2019-02-22 20:54:00,21.7812541,70.78462827,RD-318,108,113,Bike,Low,Clear,5678,Slippery,No,None,No,46.19,81.48,2019,2,22,20,Friday,0,0
4650,2023-08-30 23:34:00,9.964710737,91.44188834,RD-125,398,81,Bike,High,Fog,4576,Under Maintenance,Yes,Major,No,25.07,53.48,2023,8,30,23,Wednesday,1,0
4651,2021-12-24 03:37:00,24.01395688,91.90607419,RD-281,424,100,Car,Low,Storm,4671,Slippery,Yes,Major,Yes,21.61,83.32,2021,12,24,3,Friday,1,1
4652,2020-04-13 21:39:00,25.17486462,88.96937551,RD-82,90,119,Truck,Low,Fog,4865,Slippery,No,None,No,41.52,44.41,2020,4,13,21,Monday,0,0
4653,2020-03-19 16:11:00,33.76426119,87.8240675,RD-499,200,7,Truck,Very High,Rain,3030,Slippery,No,None,No,34.26,46.81,2020,3,19,16,Thursday,0,0
4654,2023-08-23 04:15:00,9.958007994,74.72418899,RD-247,484,46,Car,Medium,Storm,2470,Wet,No,None,No,45.47,33.19,2023,8,23,4,Wednesday,0,0
4655,2018-06-23 03:42:00,28.07103841,94.66903691,RD-197,232,52,Bike,High,Rain,7026,Dry,No,None,Yes,31.5,77.73,2018,6,23,3,Saturday,0,1
4656,2023-01-31 20:30:00,24.32134185,75.7886331,RD-34,252,99,Car,Medium,Storm,5792,Dry,No,None,No,25.05,55.02,2023,1,31,20,Tuesday,0,0
4657,2022-04-04 19:34:00,13.06846148,73.29263454,RD-175,339,35,Bus,High,Snow,6980,Dry,No,None,Yes,45.09,43.75,2022,4,4,19,Monday,0,1
4658,2022-09-07 22:03:00,11.53026998,86.51748706,RD-107,341,5,Car,Low,Rain,437,Dry,No,None,No,36.47,43.91,2022,9,7,22,Wednesday,0,0
4659,2018-12-25 17:12:00,28.12457409,78.55902455,RD-417,127,96,Mixed,Low,Storm,4513,Dry,No,None,No,25.68,84.08,2018,12,25,17,Tuesday,0,0
4660,2019-01-08 19:15:00,17.85480547,95.05781446,RD-356,27,91,Truck,Very High,Fog,5463,Slippery,No,None,No,41.61,80.03,2019,1,8,19,Tuesday,0,0
4661,2019-04-08 01:14:00,36.99825119,81.34723865,RD-303,124,73,Bike,Very High,Snow,447,Under Maintenance,Yes,Minor,No,35.33,63.21,2019,4,8,1,Monday,1,0
4662,2023-08-08 00:22:00,33.92609163,72.74783775,RD-221,214,5,Bike,Low,Rain,3938,Under Maintenance,No,None,No,38.13,66.97,2023,8,8,0,Tuesday,0,0
4663,2022-10-29 16:46:00,24.40580673,95.76833077,RD-402,450,84,Bus,Very High,Clear,7960,Dry,No,None,Yes,33.83,58.46,2022,10,29,16,Saturday,0,1
4664,2019-06-04 05:16:00,26.61021599,82.9475835,RD-223,209,79,Bike,Very High,Snow,3550,Slippery,No,None,No,44.86,53.5,2019,6,4,5,Tuesday,0,0
4665,2019-08-23 20:22:00,12.60771032,83.03820882,RD-291,364,40,Bus,High,Storm,8739,Dry,No,None,Yes,44.89,84.93,2019,8,23,20,Friday,0,1
4666,2020-03-12 23:18:00,33.92613632,79.18827798,RD-404,384,105,Bus,Very High,Clear,3745,Under Maintenance,Yes,None,Yes,41.28,37.54,2020,3,12,23,Thursday,1,1
4667,2020-10-10 14:20:00,21.30907946,92.24381948,RD-176,327,84,Truck,Low,Clear,4281,Wet,No,None,Yes,23.16,55.11,2020,10,10,14,Saturday,0,1
4668,2020-09-28 20:45:00,23.11926599,76.341665,RD-279,264,63,Bus,Low,Clear,2810,Wet,No,None,No,45.17,50.67,2020,9,28,20,Monday,0,0
4669,2018-02-18 13:08:00,33.3207435,68.39758153,RD-356,397,65,Truck,Low,Storm,2579,Under Maintenance,No,None,No,40.13,59.89,2018,2,18,13,Sunday,0,0
4670,2021-11-03 21:02:00,8.181259555,82.42105988,RD-121,455,80,Bus,Very High,Snow,2160,Under Maintenance,No,None,No,40.91,57.46,2021,11,3,21,Wednesday,0,0
4671,2019-10-26 13:35:00,22.33605142,94.85072044,RD-89,311,98,Car,Very High,Clear,6819,Wet,Yes,Minor,No,30.89,61.13,2019,10,26,13,Saturday,1,0
4672,2022-12-23 13:14:00,26.17623293,75.92473391,RD-340,336,112,Truck,Medium,Clear,1618,Dry,No,None,No,46.38,38.4,2022,12,23,13,Friday,0,0
4673,2019-07-04 13:31:00,12.61999013,75.72285766,RD-343,414,8,Mixed,Low,Storm,7341,Under Maintenance,No,None,No,41.76,60.79,2019,7,4,13,Thursday,0,0
4674,2022-01-09 11:56:00,9.980711702,89.4048965,RD-40,325,53,Car,Very High,Rain,6836,Dry,No,None,No,23.38,44.55,2022,1,9,11,Sunday,0,0
4675,2019-10-28 03:03:00,23.51308996,90.49046669,RD-379,182,45,Bus,Medium,Rain,1106,Under Maintenance,No,None,Yes,32.23,41.06,2019,10,28,3,Monday,0,1
4676,2023-03-18 15:52:00,23.87834267,80.63113959,RD-477,373,106,Mixed,Low,Snow,2198,Dry,No,None,Yes,46.59,33.89,2023,3,18,15,Saturday,0,1
4677,2023-07-27 09:18:00,17.57726467,92.17565486,RD-365,88,64,Truck,Low,Clear,5729,Dry,Yes,Minor,No,21.42,75.76,2023,7,27,9,Thursday,1,0
4678,2018-10-02 22:10:00,33.58470703,72.98605944,RD-294,491,76,Mixed,Low,Fog,4705,Dry,No,None,No,48.84,55.65,2018,10,2,22,Tuesday,0,0
4679,2021-02-12 14:04:00,16.73145301,78.64373583,RD-429,159,76,Mixed,High,Rain,3550,Wet,No,None,No,40.37,67.6,2021,2,12,14,Friday,0,0
4680,2018-05-26 17:36:00,22.97790477,79.72405954,RD-250,202,25,Bus,Low,Clear,8338,Dry,No,None,No,38.94,73.66,2018,5,26,17,Saturday,0,0
4681,2019-10-01 08:29:00,13.41473613,77.0710809,RD-59,271,44,Car,Low,Snow,6219,Slippery,No,None,Yes,28.12,70.76,2019,10,1,8,Tuesday,0,1
4682,2020-04-18 00:15:00,8.323648859,74.31438892,RD-304,330,76,Mixed,Medium,Fog,4667,Dry,No,None,No,27.46,58.23,2020,4,18,0,Saturday,0,0
4683,2022-09-18 11:42:00,20.35480776,77.80633634,RD-306,92,97,Car,Low,Rain,9105,Wet,No,None,No,48.26,53.27,2022,9,18,11,Sunday,0,0
4684,2023-06-15 02:08:00,23.28150282,68.52209232,RD-238,393,83,Mixed,High,Rain,1732,Wet,No,None,No,28.95,52.56,2023,6,15,2,Thursday,0,0
4685,2023-04-08 15:59:00,30.17571583,88.39715101,RD-167,420,82,Truck,Very High,Clear,8625,Under Maintenance,No,None,No,43.27,68.4,2023,4,8,15,Saturday,0,0
4686,2019-08-30 17:23:00,21.0143887,87.8348178,RD-285,403,106,Bus,Low,Clear,4328,Dry,No,None,Yes,31.79,59.69,2019,8,30,17,Friday,0,1
4687,2023-06-18 22:57:00,16.08323321,81.05632525,RD-50,136,78,Mixed,Very High,Fog,4930,Under Maintenance,No,None,No,24.18,80.95,2023,6,18,22,Sunday,0,0
4688,2020-05-08 23:51:00,25.52286348,77.36455193,RD-421,192,95,Bus,High,Storm,5758,Dry,No,None,No,20.32,82.48,2020,5,8,23,Friday,0,0
4689,2021-02-17 14:56:00,19.05407996,80.58871254,RD-228,471,44,Car,Medium,Snow,3979,Dry,No,None,No,36.33,40.23,2021,2,17,14,Wednesday,0,0
4690,2021-08-01 23:37:00,14.76931699,95.15910366,RD-91,171,31,Mixed,Medium,Clear,6059,Under Maintenance,No,None,Yes,49.27,38.17,2021,8,1,23,Sunday,0,1
4691,2019-02-20 09:30:00,34.40009161,85.50338062,RD-158,50,46,Truck,Very High,Clear,7375,Wet,No,None,No,31.07,67.82,2019,2,20,9,Wednesday,0,0
4692,2021-10-08 11:37:00,23.564033,89.20936216,RD-490,169,108,Bike,Very High,Rain,8861,Wet,Yes,Fatal,No,30.72,48.07,2021,10,8,11,Friday,1,0
4693,2018-12-18 04:09:00,13.81384086,74.65598561,RD-208,460,103,Car,Very High,Fog,1573,Under Maintenance,No,None,Yes,30.32,31.11,2018,12,18,4,Tuesday,0,1
4694,2023-10-10 22:21:00,27.45642869,70.7479812,RD-36,60,40,Bus,High,Storm,8512,Dry,No,None,No,35.62,83.32,2023,10,10,22,Tuesday,0,0
4695,2023-03-20 09:37:00,31.2892508,70.41236311,RD-307,119,15,Car,Very High,Storm,6999,Under Maintenance,No,None,Yes,33.22,43.61,2023,3,20,9,Monday,0,1
4696,2018-04-16 05:43:00,29.99747891,81.68854675,RD-56,89,81,Truck,Very High,Snow,9381,Under Maintenance,No,None,No,46.4,85.76,2018,4,16,5,Monday,0,0
4697,2023-11-17 02:56:00,25.38658492,88.7839038,RD-351,432,39,Bus,Very High,Snow,9827,Wet,No,None,No,35.17,73.05,2023,11,17,2,Friday,0,0
4698,2023-03-28 08:53:00,23.0690274,90.4494911,RD-417,234,89,Bus,High,Clear,2666,Wet,No,None,No,35.23,75.76,2023,3,28,8,Tuesday,0,0
4699,2022-01-19 02:15:00,30.54238681,88.8918844,RD-306,14,41,Bus,High,Fog,8528,Dry,No,None,No,24.15,42.09,2022,1,19,2,Wednesday,0,0
4700,2023-09-05 05:15:00,28.53554392,94.47011214,RD-395,323,112,Bike,High,Rain,8941,Dry,No,None,No,49.48,44.05,2023,9,5,5,Tuesday,0,0
4701,2021-12-06 15:33:00,24.57283643,69.50807093,RD-420,236,16,Bike,High,Snow,6421,Under Maintenance,No,None,No,27.5,61.28,2021,12,6,15,Monday,0,0
4702,2023-11-27 16:54:00,27.07389638,92.80484517,RD-195,410,54,Bus,High,Storm,4775,Wet,No,None,No,22.2,40.33,2023,11,27,16,Monday,0,0
4703,2020-02-13 02:33:00,12.89014949,87.15962127,RD-168,416,29,Bike,Low,Clear,4078,Dry,No,None,No,39.89,48.33,2020,2,13,2,Thursday,0,0
4704,2020-03-02 12:17:00,8.578072608,73.09008325,RD-254,483,96,Bus,Very High,Clear,6501,Dry,No,None,No,37.86,49.29,2020,3,2,12,Monday,0,0
4705,2021-02-18 07:53:00,35.00294698,87.78904131,RD-331,183,67,Truck,High,Rain,4881,Under Maintenance,No,None,No,32.45,39.58,2021,2,18,7,Thursday,0,0
4706,2022-12-26 04:25:00,35.12325616,82.84102724,RD-339,121,112,Bus,Low,Fog,8173,Wet,No,None,No,32.67,42.31,2022,12,26,4,Monday,0,0
4707,2022-02-18 01:15:00,30.85115265,78.41219615,RD-32,400,86,Bike,Very High,Storm,5132,Slippery,No,None,No,43.55,77.31,2022,2,18,1,Friday,0,0
4708,2019-09-30 20:11:00,18.79682187,75.19078662,RD-47,114,14,Truck,Medium,Clear,7362,Slippery,No,None,No,25.87,40.03,2019,9,30,20,Monday,0,0
4709,2023-08-28 05:58:00,12.37177019,81.46047723,RD-112,71,62,Truck,High,Clear,243,Under Maintenance,No,None,Yes,44.61,31.71,2023,8,28,5,Monday,0,1
4710,2022-06-29 16:28:00,18.36263151,74.93484671,RD-419,16,107,Bike,Medium,Snow,4799,Slippery,No,None,Yes,39.46,67.76,2022,6,29,16,Wednesday,0,1
4711,2022-09-15 13:29:00,29.06077054,70.40256543,RD-72,24,7,Bus,Low,Storm,5555,Wet,No,None,Yes,32.57,88.56,2022,9,15,13,Thursday,0,1
4712,2019-05-11 01:09:00,17.72079899,92.53748169,RD-455,134,73,Bike,High,Rain,9450,Slippery,No,None,No,33.74,49.87,2019,5,11,1,Saturday,0,0
4713,2023-12-19 22:21:00,31.08147535,85.19227247,RD-298,423,59,Car,Very High,Clear,2145,Slippery,No,None,Yes,27.7,37.12,2023,12,19,22,Tuesday,0,1
4714,2021-12-28 21:40:00,27.51738583,78.54642009,RD-463,29,16,Bike,Low,Storm,2111,Wet,No,None,No,42.56,64.22,2021,12,28,21,Tuesday,0,0
4715,2018-02-07 11:57:00,26.26940874,80.95371944,RD-387,460,82,Truck,Very High,Fog,6928,Dry,No,None,No,35.39,84.38,2018,2,7,11,Wednesday,0,0
4716,2021-05-30 21:13:00,34.97686855,93.07999366,RD-326,351,49,Bus,High,Storm,1916,Wet,No,None,No,29.63,77.04,2021,5,30,21,Sunday,0,0
4717,2022-12-29 19:19:00,33.90907242,77.27546166,RD-415,377,45,Mixed,High,Fog,7863,Dry,No,None,No,37.88,67.35,2022,12,29,19,Thursday,0,0
4718,2022-05-02 03:34:00,28.63829854,79.02501838,RD-1,319,100,Bus,High,Fog,9422,Dry,No,None,No,49.87,48.9,2022,5,2,3,Monday,0,0
4719,2020-12-21 10:14:00,13.77817847,90.21633191,RD-388,443,46,Truck,Very High,Rain,5076,Under Maintenance,No,None,No,33.06,62.51,2020,12,21,10,Monday,0,0
4720,2020-12-22 06:26:00,35.22880252,73.81515572,RD-76,336,37,Bus,High,Clear,7963,Dry,No,None,No,47.62,35.47,2020,12,22,6,Tuesday,0,0
4721,2021-09-26 19:32:00,14.5865511,87.11861402,RD-339,104,74,Truck,Very High,Fog,3972,Under Maintenance,No,None,No,30.35,70.74,2021,9,26,19,Sunday,0,0
4722,2023-02-06 19:34:00,18.8049115,80.59539036,RD-77,442,98,Mixed,Low,Rain,6053,Slippery,No,None,No,21.64,73.51,2023,2,6,19,Monday,0,0
4723,2021-07-28 05:36:00,31.97665409,82.5045984,RD-232,258,10,Bike,Low,Storm,9914,Wet,No,None,No,26.13,87.9,2021,7,28,5,Wednesday,0,0
4724,2018-06-23 13:37:00,14.05105613,90.81952451,RD-273,315,99,Car,Very High,Clear,1776,Dry,No,None,No,32.56,45.62,2018,6,23,13,Saturday,0,0
4725,2023-09-19 03:08:00,26.51949396,96.80083833,RD-150,268,6,Bus,Very High,Clear,8610,Under Maintenance,No,None,No,26.59,31.11,2023,9,19,3,Tuesday,0,0
4726,2018-03-23 13:28:00,21.27725503,92.1138458,RD-200,383,30,Mixed,Very High,Rain,7589,Wet,Yes,None,No,20.01,62.74,2018,3,23,13,Friday,1,0
4727,2019-12-03 14:32:00,26.09696596,72.65577502,RD-316,116,52,Bus,Medium,Rain,880,Wet,No,None,No,47.45,72.41,2019,12,3,14,Tuesday,0,0
4728,2018-04-09 12:35:00,35.78347236,74.51200322,RD-296,457,100,Car,High,Snow,7519,Under Maintenance,No,None,No,45.32,77.42,2018,4,9,12,Monday,0,0
4729,2021-04-22 07:01:00,31.44256409,79.88798384,RD-229,256,61,Car,Very High,Storm,2533,Wet,Yes,Major,No,42.27,41.62,2021,4,22,7,Thursday,1,0
4730,2021-02-12 22:54:00,16.57885645,88.85756908,RD-101,55,73,Car,Medium,Snow,584,Dry,No,None,No,25.03,45.71,2021,2,12,22,Friday,0,0
4731,2022-05-31 08:31:00,9.660953737,82.77176379,RD-106,346,50,Mixed,Medium,Snow,2527,Slippery,No,None,No,23.61,60.76,2022,5,31,8,Tuesday,0,0
4732,2020-05-06 09:24:00,36.04428565,94.15221958,RD-349,380,52,Car,Medium,Clear,3197,Dry,No,None,No,22.03,49.84,2020,5,6,9,Wednesday,0,0
4733,2023-07-09 22:25:00,24.97000037,69.41158893,RD-450,415,45,Car,Very High,Snow,8015,Wet,No,None,No,41.72,81.63,2023,7,9,22,Sunday,0,0
4734,2021-07-07 15:03:00,13.02004904,75.49699239,RD-163,445,111,Car,Low,Storm,8600,Under Maintenance,No,None,No,47.86,58.43,2021,7,7,15,Wednesday,0,0
4735,2023-11-13 14:54:00,26.18615157,74.35887618,RD-154,46,20,Car,Medium,Rain,294,Slippery,No,None,No,32.92,77.97,2023,11,13,14,Monday,0,0
4736,2019-05-07 21:36:00,9.224277201,89.58095748,RD-292,134,56,Mixed,High,Clear,8075,Slippery,No,None,Yes,23.57,64.84,2019,5,7,21,Tuesday,0,1
4737,2021-11-29 21:57:00,13.43813795,81.4783749,RD-407,69,16,Bus,Very High,Clear,1065,Slippery,No,None,No,35.37,76.39,2021,11,29,21,Monday,0,0
4738,2019-12-24 03:44:00,26.34628219,68.43537818,RD-468,460,19,Mixed,High,Snow,315,Wet,No,None,No,30.46,49.96,2019,12,24,3,Tuesday,0,0
4739,2021-05-25 19:02:00,19.67184208,90.42966582,RD-348,441,89,Mixed,High,Storm,3354,Dry,No,None,No,31.24,79.88,2021,5,25,19,Tuesday,0,0
4740,2023-04-10 10:17:00,17.42766009,78.49229153,RD-156,423,105,Car,Medium,Rain,9749,Under Maintenance,No,None,No,38.64,46.47,2023,4,10,10,Monday,0,0
4741,2023-10-18 13:17:00,27.00934485,75.5533504,RD-471,225,25,Bike,Medium,Storm,7200,Under Maintenance,Yes,None,No,41.56,62.77,2023,10,18,13,Wednesday,1,0
4742,2019-08-29 15:13:00,33.12570199,73.29881278,RD-483,106,29,Bus,Medium,Fog,1608,Under Maintenance,No,None,No,23.32,42.84,2019,8,29,15,Thursday,0,0
4743,2019-01-24 18:07:00,27.67914188,95.43435342,RD-480,308,85,Bus,Very High,Storm,4038,Wet,No,None,No,21.07,58.53,2019,1,24,18,Thursday,0,0
4744,2018-01-01 10:31:00,21.43977278,95.3191028,RD-223,147,76,Bike,High,Fog,3138,Wet,No,None,No,49.83,49.09,2018,1,1,10,Monday,0,0
4745,2023-09-25 21:25:00,27.1070511,70.22003376,RD-368,336,34,Bus,Low,Clear,9309,Dry,No,None,No,26.98,46.0,2023,9,25,21,Monday,0,0
4746,2018-10-11 22:42:00,28.17391426,74.75025343,RD-469,473,37,Car,Medium,Storm,6069,Wet,No,None,Yes,21.61,88.02,2018,10,11,22,Thursday,0,1
4747,2020-10-14 01:07:00,30.47646799,86.73746034,RD-177,361,70,Car,Low,Storm,8315,Wet,No,None,No,25.7,39.6,2020,10,14,1,Wednesday,0,0
4748,2021-06-21 07:19:00,16.90440313,87.44231509,RD-46,11,37,Car,Medium,Storm,810,Wet,No,None,No,21.17,77.24,2021,6,21,7,Monday,0,0
4749,2022-02-11 02:09:00,11.31857728,80.11248057,RD-299,81,32,Car,Very High,Snow,3515,Dry,No,None,No,31.75,89.05,2022,2,11,2,Friday,0,0
4750,2019-04-06 03:46:00,27.77452175,84.48678588,RD-5,472,94,Truck,Very High,Clear,1960,Dry,No,None,No,44.07,31.19,2019,4,6,3,Saturday,0,0
4751,2018-08-12 04:27:00,11.51145847,88.37628691,RD-314,332,45,Car,Low,Storm,5761,Under Maintenance,No,None,No,30.24,71.94,2018,8,12,4,Sunday,0,0
4752,2019-10-29 09:33:00,21.39842404,95.56476692,RD-262,477,5,Truck,High,Rain,8938,Slippery,No,None,No,33.33,45.17,2019,10,29,9,Tuesday,0,0
4753,2021-07-03 12:52:00,14.69034736,89.02817264,RD-207,235,67,Bus,High,Clear,8083,Under Maintenance,Yes,None,Yes,40.27,32.43,2021,7,3,12,Saturday,1,1
4754,2018-11-30 08:14:00,17.63006025,71.1978483,RD-434,248,39,Bus,Medium,Storm,9486,Dry,No,None,No,35.27,54.17,2018,11,30,8,Friday,0,0
4755,2020-10-30 05:57:00,21.64811362,88.81755181,RD-66,183,52,Truck,Medium,Rain,2891,Dry,No,None,Yes,45.84,86.11,2020,10,30,5,Friday,0,1
4756,2021-10-04 08:09:00,33.98912235,69.96406353,RD-437,382,111,Bus,High,Snow,9491,Under Maintenance,No,None,No,45.98,30.71,2021,10,4,8,Monday,0,0
4757,2018-10-21 14:31:00,27.73228726,82.57270987,RD-151,178,43,Mixed,Low,Rain,8206,Under Maintenance,No,None,Yes,20.3,65.27,2018,10,21,14,Sunday,0,1
4758,2022-09-03 16:47:00,12.97746414,83.27996199,RD-32,13,24,Bike,Low,Clear,3445,Under Maintenance,No,None,No,43.34,60.08,2022,9,3,16,Saturday,0,0
4759,2021-05-29 07:57:00,33.50397553,90.56967647,RD-190,96,81,Mixed,High,Clear,8214,Slippery,No,None,No,33.82,82.4,2021,5,29,7,Saturday,0,0
4760,2019-05-30 02:22:00,22.51574714,68.33520083,RD-462,401,99,Truck,Medium,Fog,9229,Slippery,No,None,No,49.67,35.04,2019,5,30,2,Thursday,0,0
4761,2020-05-10 16:59:00,13.92336559,93.36780995,RD-282,19,42,Bike,Medium,Fog,5784,Wet,No,None,No,34.5,70.89,2020,5,10,16,Sunday,0,0
4762,2023-03-13 06:10:00,23.29570693,87.25265716,RD-496,122,27,Truck,Very High,Fog,9294,Slippery,No,None,No,49.61,70.81,2023,3,13,6,Monday,0,0
4763,2020-11-22 04:43:00,13.53684452,68.90453465,RD-28,111,16,Car,Medium,Snow,5163,Dry,No,None,No,42.64,70.14,2020,11,22,4,Sunday,0,0
4764,2023-07-03 22:31:00,18.65242796,72.640878,RD-1,14,10,Bike,High,Clear,7694,Slippery,No,None,Yes,27.46,86.54,2023,7,3,22,Monday,0,1
4765,2019-01-18 11:05:00,31.36019175,69.14600837,RD-361,83,92,Truck,Medium,Snow,877,Dry,No,None,No,36.15,79.39,2019,1,18,11,Friday,0,0
4766,2018-09-16 19:58:00,27.09985075,90.21224841,RD-287,99,102,Car,Medium,Clear,2283,Wet,No,None,No,49.76,32.52,2018,9,16,19,Sunday,0,0
4767,2018-05-30 09:20:00,21.86031644,72.95624768,RD-421,122,101,Bus,Low,Fog,3711,Wet,No,None,No,45.73,58.26,2018,5,30,9,Wednesday,0,0
4768,2021-06-25 18:08:00,14.5667409,69.32239953,RD-184,89,11,Truck,Very High,Fog,6312,Under Maintenance,No,None,No,22.92,53.88,2021,6,25,18,Friday,0,0
4769,2023-03-25 12:20:00,16.18291294,72.00164422,RD-57,130,55,Bike,High,Rain,1246,Slippery,No,None,No,41.19,48.61,2023,3,25,12,Saturday,0,0
4770,2023-08-06 14:45:00,36.36885587,84.22715311,RD-441,452,18,Bus,Medium,Fog,8611,Wet,No,None,No,30.37,57.08,2023,8,6,14,Sunday,0,0
4771,2020-06-05 03:50:00,17.94516613,82.36910923,RD-145,451,104,Truck,High,Fog,3816,Slippery,No,None,No,20.21,53.05,2020,6,5,3,Friday,0,0
4772,2023-06-27 05:30:00,25.86769897,75.14146324,RD-444,416,20,Truck,Very High,Storm,6877,Slippery,No,None,No,32.1,55.94,2023,6,27,5,Tuesday,0,0
4773,2020-01-26 13:52:00,22.49269744,95.34512314,RD-16,326,114,Bus,Low,Clear,2436,Wet,No,None,No,27.04,88.76,2020,1,26,13,Sunday,0,0
4774,2021-04-07 07:02:00,8.670018541,92.7894571,RD-121,410,27,Car,Very High,Fog,5771,Wet,No,None,No,44.57,35.32,2021,4,7,7,Wednesday,0,0
4775,2019-06-10 17:35:00,35.39556907,77.11936725,RD-222,293,22,Bike,High,Storm,4994,Dry,Yes,Fatal,Yes,30.12,85.33,2019,6,10,17,Monday,1,1
4776,2018-06-03 06:42:00,10.5499486,81.76258603,RD-360,155,97,Car,High,Storm,4503,Slippery,No,None,Yes,44.83,58.81,2018,6,3,6,Sunday,0,1
4777,2019-01-30 09:19:00,27.10252458,82.98787258,RD-303,317,11,Bike,Low,Storm,5561,Wet,No,None,No,20.02,67.42,2019,1,30,9,Wednesday,0,0
4778,2021-08-06 17:38:00,31.51970343,89.92909747,RD-202,67,72,Bus,High,Fog,7428,Wet,No,None,No,29.23,79.81,2021,8,6,17,Friday,0,0
4779,2018-11-15 14:55:00,29.71330609,80.41045009,RD-321,178,29,Car,Medium,Snow,9044,Wet,No,None,No,27.23,51.63,2018,11,15,14,Thursday,0,0
4780,2021-05-10 01:45:00,31.46825921,83.84765219,RD-163,212,37,Mixed,High,Snow,8086,Under Maintenance,No,None,No,27.01,55.83,2021,5,10,1,Monday,0,0
4781,2018-05-23 03:12:00,29.45188059,79.96440136,RD-365,235,55,Mixed,Medium,Clear,2472,Dry,No,None,No,22.05,54.57,2018,5,23,3,Wednesday,0,0
4782,2021-10-10 09:05:00,20.92159284,90.12180353,RD-196,88,92,Truck,Very High,Snow,6821,Dry,Yes,Fatal,No,25.61,52.48,2021,10,10,9,Sunday,1,0
4783,2018-06-16 14:13:00,33.99196317,84.1220856,RD-208,266,27,Car,Low,Fog,3199,Wet,No,None,No,36.67,85.53,2018,6,16,14,Saturday,0,0
4784,2018-01-02 13:26:00,34.46079158,92.00563769,RD-196,362,54,Truck,Medium,Clear,926,Wet,No,None,No,28.74,79.74,2018,1,2,13,Tuesday,0,0
4785,2023-12-18 15:41:00,20.67169146,69.55833787,RD-223,82,25,Car,Medium,Clear,7217,Wet,No,None,Yes,32.52,36.54,2023,12,18,15,Monday,0,1
4786,2022-07-09 14:22:00,22.05851414,94.22488446,RD-280,117,107,Bike,Low,Clear,1017,Wet,No,None,No,31.31,36.49,2022,7,9,14,Saturday,0,0
4787,2020-09-27 11:01:00,22.08374551,91.7623229,RD-109,154,67,Bike,Medium,Rain,2416,Slippery,No,None,No,46.28,55.67,2020,9,27,11,Sunday,0,0
4788,2020-11-03 22:06:00,16.08818176,91.73663619,RD-340,472,25,Bus,Medium,Fog,5696,Dry,No,None,No,47.16,35.92,2020,11,3,22,Tuesday,0,0
4789,2019-10-09 10:09:00,11.33316211,72.06895634,RD-89,269,116,Mixed,High,Fog,3468,Dry,No,None,No,34.79,67.15,2019,10,9,10,Wednesday,0,0
4790,2021-05-01 09:14:00,15.59740616,75.64071337,RD-244,110,31,Mixed,Very High,Snow,4996,Under Maintenance,No,None,No,29.9,38.62,2021,5,1,9,Saturday,0,0
4791,2020-05-05 12:44:00,32.47901045,96.42758714,RD-72,311,85,Bus,Very High,Snow,947,Under Maintenance,Yes,None,No,23.2,61.34,2020,5,5,12,Tuesday,1,0
4792,2020-11-13 11:06:00,23.74863061,95.55797673,RD-97,335,30,Bus,Medium,Fog,8574,Dry,No,None,No,48.6,30.43,2020,11,13,11,Friday,0,0
4793,2021-11-17 03:56:00,32.65574631,74.56979552,RD-285,15,23,Bus,Low,Rain,8151,Under Maintenance,No,None,No,21.81,49.0,2021,11,17,3,Wednesday,0,0
4794,2020-07-22 10:30:00,29.60969619,80.55417743,RD-197,348,101,Bus,High,Storm,4794,Under Maintenance,No,None,No,28.93,70.63,2020,7,22,10,Wednesday,0,0
4795,2023-05-17 08:31:00,18.10982092,72.52235012,RD-432,416,62,Car,High,Rain,1378,Under Maintenance,No,None,Yes,28.94,59.04,2023,5,17,8,Wednesday,0,1
4796,2021-08-24 16:18:00,13.37406251,75.61650698,RD-474,103,116,Bus,Medium,Rain,5950,Under Maintenance,No,None,No,29.61,88.7,2021,8,24,16,Tuesday,0,0
4797,2023-09-21 19:31:00,24.44937456,73.3571263,RD-185,129,11,Truck,High,Snow,6824,Slippery,No,None,No,24.93,82.45,2023,9,21,19,Thursday,0,0
4798,2018-04-16 08:21:00,35.13984446,70.34717391,RD-431,394,99,Bus,Low,Rain,1822,Under Maintenance,No,None,No,43.49,51.54,2018,4,16,8,Monday,0,0
4799,2019-05-10 09:35:00,32.343041,84.80488711,RD-214,210,107,Car,Low,Snow,8916,Dry,No,None,Yes,23.67,32.73,2019,5,10,9,Friday,0,1
4800,2022-04-20 10:59:00,30.15122929,74.98278509,RD-79,198,19,Mixed,Medium,Snow,6977,Dry,No,None,No,39.05,80.74,2022,4,20,10,Wednesday,0,0
4801,2023-07-12 10:58:00,30.16104837,96.77497314,RD-148,415,70,Mixed,Medium,Clear,679,Under Maintenance,No,None,No,23.72,84.67,2023,7,12,10,Wednesday,0,0
4802,2022-03-04 14:34:00,23.30484557,82.94775278,RD-447,202,113,Mixed,Low,Rain,5886,Slippery,No,None,No,22.12,79.24,2022,3,4,14,Friday,0,0
4803,2018-05-31 03:50:00,12.91626469,78.41373529,RD-344,388,70,Car,Low,Rain,3759,Under Maintenance,No,None,Yes,47.28,37.68,2018,5,31,3,Thursday,0,1
4804,2022-11-04 15:23:00,16.28079225,94.48170297,RD-65,322,85,Bus,Very High,Rain,9494,Dry,Yes,Major,No,25.7,89.87,2022,11,4,15,Friday,1,0
4805,2023-07-22 10:03:00,24.75889232,86.00163913,RD-69,429,102,Bike,Low,Fog,2561,Under Maintenance,No,None,No,44.64,45.52,2023,7,22,10,Saturday,0,0
4806,2020-05-22 03:05:00,17.17424932,71.68528576,RD-6,34,51,Mixed,High,Storm,1385,Wet,No,None,No,36.34,73.45,2020,5,22,3,Friday,0,0
4807,2023-10-20 23:02:00,30.66543601,82.43679324,RD-37,25,50,Mixed,Very High,Storm,2891,Wet,No,None,No,22.34,84.48,2023,10,20,23,Friday,0,0
4808,2023-01-31 11:28:00,18.82328607,80.79129537,RD-332,419,93,Bike,Very High,Fog,7357,Wet,No,None,No,48.66,44.14,2023,1,31,11,Tuesday,0,0
4809,2019-08-15 22:54:00,11.30299791,90.18882998,RD-9,229,116,Bus,Medium,Rain,7696,Under Maintenance,No,None,Yes,27.41,84.5,2019,8,15,22,Thursday,0,1
4810,2021-11-09 23:45:00,30.69378624,88.11955248,RD-74,14,79,Mixed,Medium,Snow,2939,Under Maintenance,No,None,No,45.79,48.57,2021,11,9,23,Tuesday,0,0
4811,2018-11-15 09:28:00,28.24577531,78.75294826,RD-370,377,48,Bus,Low,Fog,2715,Slippery,No,None,No,25.06,88.58,2018,11,15,9,Thursday,0,0
4812,2022-04-28 19:32:00,15.34154875,81.61490031,RD-454,159,13,Truck,Low,Snow,983,Slippery,No,None,No,45.62,46.88,2022,4,28,19,Thursday,0,0
4813,2021-01-25 05:43:00,36.45234166,83.04485384,RD-250,279,75,Bike,Medium,Fog,347,Dry,No,None,No,20.4,87.21,2021,1,25,5,Monday,0,0
4814,2021-12-03 12:17:00,19.69249618,80.25136701,RD-337,466,15,Car,High,Rain,9231,Dry,No,None,No,35.35,33.21,2021,12,3,12,Friday,0,0
4815,2020-09-07 16:51:00,27.73335953,71.12391985,RD-224,471,119,Bus,Medium,Rain,484,Wet,No,None,No,43.08,72.56,2020,9,7,16,Monday,0,0
4816,2020-11-14 16:22:00,34.40300477,94.25793051,RD-500,89,60,Bike,Medium,Fog,4058,Slippery,No,None,No,48.04,61.93,2020,11,14,16,Saturday,0,0
4817,2018-04-20 15:50:00,12.52390106,87.50423975,RD-70,136,8,Bike,Very High,Rain,4844,Dry,No,None,Yes,47.28,58.67,2018,4,20,15,Friday,0,1
4818,2019-05-27 08:31:00,33.49163193,81.62188721,RD-44,487,41,Bike,Medium,Clear,6922,Under Maintenance,No,None,No,44.59,43.41,2019,5,27,8,Monday,0,0
4819,2021-11-19 20:27:00,28.41347307,84.51802143,RD-71,233,94,Car,Very High,Fog,8518,Under Maintenance,No,None,No,46.65,72.34,2021,11,19,20,Friday,0,0
4820,2020-09-14 12:45:00,12.85932044,74.1817449,RD-329,335,38,Mixed,Very High,Rain,1798,Wet,No,None,No,25.98,41.45,2020,9,14,12,Monday,0,0
4821,2019-01-20 18:02:00,27.27085328,83.38613365,RD-413,282,84,Truck,Low,Snow,2256,Under Maintenance,Yes,Fatal,No,28.53,63.17,2019,1,20,18,Sunday,1,0
4822,2022-07-04 02:35:00,33.36269291,89.63480555,RD-213,266,109,Mixed,Very High,Storm,8911,Dry,No,None,No,28.67,45.19,2022,7,4,2,Monday,0,0
4823,2021-02-24 14:31:00,31.17144683,83.47655657,RD-441,155,51,Bus,Medium,Storm,6554,Wet,No,None,No,31.31,87.34,2021,2,24,14,Wednesday,0,0
4824,2022-05-26 22:47:00,30.0576022,81.93929581,RD-234,84,34,Bike,Medium,Rain,655,Wet,No,None,No,31.8,31.72,2022,5,26,22,Thursday,0,0
4825,2018-12-18 04:52:00,12.6787483,81.40918444,RD-458,20,50,Mixed,Medium,Snow,5366,Dry,No,None,No,36.34,41.98,2018,12,18,4,Tuesday,0,0
4826,2023-03-27 04:26:00,13.52809921,90.087061,RD-404,101,84,Car,Medium,Snow,7396,Wet,No,None,No,24.8,44.54,2023,3,27,4,Monday,0,0
4827,2022-09-15 16:39:00,23.88377719,89.84685042,RD-357,277,74,Car,Very High,Storm,5715,Dry,No,None,No,40.74,54.84,2022,9,15,16,Thursday,0,0
4828,2018-07-05 14:07:00,24.82423448,89.75203661,RD-310,171,37,Truck,Very High,Clear,3320,Under Maintenance,No,None,No,25.03,43.96,2018,7,5,14,Thursday,0,0
4829,2018-07-31 01:26:00,35.36509784,75.13892994,RD-477,89,54,Mixed,High,Clear,3895,Under Maintenance,No,None,No,29.31,59.48,2018,7,31,1,Tuesday,0,0
4830,2019-12-17 08:57:00,21.59175871,85.91895407,RD-218,211,19,Car,High,Fog,5640,Dry,No,None,Yes,35.1,82.35,2019,12,17,8,Tuesday,0,1
4831,2022-11-13 16:58:00,16.77257561,90.58831208,RD-320,259,24,Car,Low,Fog,9518,Under Maintenance,No,None,Yes,43.89,72.72,2022,11,13,16,Sunday,0,1
4832,2018-08-14 23:12:00,13.53241443,84.29493381,RD-93,254,80,Truck,Medium,Snow,5327,Dry,No,None,No,42.18,64.8,2018,8,14,23,Tuesday,0,0
4833,2019-06-30 02:14:00,9.57095772,90.5903431,RD-233,375,92,Bus,Low,Storm,1858,Wet,No,None,Yes,39.37,35.34,2019,6,30,2,Sunday,0,1
4834,2020-06-13 22:23:00,9.990953658,92.77769855,RD-261,263,44,Mixed,Very High,Rain,6106,Slippery,No,None,No,24.67,71.64,2020,6,13,22,Saturday,0,0
4835,2021-05-16 17:53:00,24.65084086,73.04281173,RD-218,112,36,Bus,Very High,Fog,6069,Slippery,No,None,No,36.41,39.98,2021,5,16,17,Sunday,0,0
4836,2018-10-09 18:07:00,13.11159678,76.88388394,RD-283,401,109,Bike,Medium,Clear,3171,Dry,No,None,No,22.62,77.18,2018,10,9,18,Tuesday,0,0
4837,2019-07-11 05:17:00,32.69689577,85.43797967,RD-420,227,101,Bus,Low,Snow,1017,Under Maintenance,Yes,None,Yes,31.32,45.0,2019,7,11,5,Thursday,1,1
4838,2023-05-20 22:09:00,25.29768277,76.4006732,RD-231,499,116,Car,Very High,Fog,6185,Wet,Yes,Fatal,No,32.41,55.02,2023,5,20,22,Saturday,1,0
4839,2022-05-26 09:47:00,33.08171018,95.30017596,RD-197,307,114,Car,Very High,Snow,3857,Under Maintenance,No,None,No,21.19,51.03,2022,5,26,9,Thursday,0,0
4840,2022-06-13 04:49:00,20.39639314,73.62989296,RD-182,243,16,Bus,Very High,Rain,209,Slippery,No,None,Yes,28.22,81.53,2022,6,13,4,Monday,0,1
4841,2022-12-26 20:32:00,25.27753286,78.35149136,RD-116,151,19,Bus,Medium,Fog,4252,Under Maintenance,Yes,Major,No,48.67,37.59,2022,12,26,20,Monday,1,0
4842,2023-07-13 10:41:00,23.23742079,96.83488277,RD-96,444,63,Bike,High,Storm,4873,Under Maintenance,No,None,No,48.61,63.94,2023,7,13,10,Thursday,0,0
4843,2018-10-31 03:25:00,36.61362574,73.48627064,RD-218,402,64,Bike,High,Rain,8138,Slippery,No,None,No,30.57,38.52,2018,10,31,3,Wednesday,0,0
4844,2021-08-06 04:46:00,31.1077769,81.01571353,RD-310,250,76,Mixed,Very High,Clear,9455,Slippery,No,None,No,21.29,72.29,2021,8,6,4,Friday,0,0
4845,2018-05-08 07:05:00,25.26660238,77.09968666,RD-4,92,8,Car,Medium,Snow,7968,Under Maintenance,No,None,Yes,25.37,84.3,2018,5,8,7,Tuesday,0,1
4846,2018-02-13 21:33:00,25.59099369,91.48417653,RD-296,363,31,Mixed,Low,Rain,9772,Under Maintenance,No,None,No,31.77,56.08,2018,2,13,21,Tuesday,0,0
4847,2022-03-21 00:09:00,15.21524967,76.82026995,RD-256,376,105,Mixed,Very High,Rain,2858,Wet,No,None,No,48.43,59.29,2022,3,21,0,Monday,0,0
4848,2021-10-31 00:19:00,29.30783536,72.68143968,RD-434,431,62,Bus,Medium,Rain,3957,Dry,No,None,No,24.24,85.65,2021,10,31,0,Sunday,0,0
4849,2021-04-08 14:30:00,36.50215303,95.06091878,RD-375,137,57,Car,Very High,Snow,6114,Wet,No,None,No,42.91,61.26,2021,4,8,14,Thursday,0,0
4850,2022-07-07 10:41:00,11.75350786,77.20466891,RD-122,422,82,Mixed,Very High,Storm,2221,Wet,No,None,No,23.26,59.26,2022,7,7,10,Thursday,0,0
4851,2023-07-31 03:55:00,26.48057474,89.51067839,RD-365,294,43,Bus,Medium,Snow,8462,Under Maintenance,Yes,Major,No,49.44,64.7,2023,7,31,3,Monday,1,0
4852,2020-04-07 06:48:00,23.01855832,76.42646403,RD-257,37,19,Truck,Medium,Snow,9069,Wet,No,None,No,31.45,71.35,2020,4,7,6,Tuesday,0,0
4853,2023-10-07 05:38:00,32.66192459,73.17886731,RD-138,249,23,Bike,Very High,Clear,5979,Wet,No,None,No,43.26,36.41,2023,10,7,5,Saturday,0,0
4854,2023-08-13 02:48:00,8.001359224,91.26995329,RD-211,250,18,Bus,High,Snow,9273,Wet,No,None,No,30.28,79.27,2023,8,13,2,Sunday,0,0
4855,2020-11-22 04:14:00,11.96096173,69.61187763,RD-475,353,75,Bus,Low,Snow,8868,Wet,No,None,Yes,38.83,56.13,2020,11,22,4,Sunday,0,1
4856,2022-03-20 05:17:00,9.075110797,77.62721285,RD-280,101,10,Mixed,High,Storm,4220,Under Maintenance,No,None,No,25.76,34.34,2022,3,20,5,Sunday,0,0
4857,2019-05-15 06:34:00,12.72506478,90.62236836,RD-296,115,38,Bus,Medium,Snow,8540,Slippery,No,None,No,24.38,77.17,2019,5,15,6,Wednesday,0,0
4858,2022-10-14 02:52:00,28.53015213,82.85198813,RD-188,245,92,Bus,Low,Snow,2481,Under Maintenance,Yes,Major,Yes,48.14,52.62,2022,10,14,2,Friday,1,1
4859,2022-09-04 20:11:00,12.05047131,87.99764071,RD-18,131,29,Mixed,Low,Snow,9852,Wet,No,None,No,47.53,36.02,2022,9,4,20,Sunday,0,0
4860,2018-10-13 14:41:00,26.04760049,69.93769031,RD-20,85,45,Bus,Very High,Snow,5750,Dry,No,None,No,46.62,68.03,2018,10,13,14,Saturday,0,0
4861,2018-04-04 19:37:00,33.17796697,89.74448974,RD-291,348,93,Bike,High,Clear,2487,Dry,No,None,No,38.76,82.81,2018,4,4,19,Wednesday,0,0
4862,2018-09-28 17:25:00,9.00408318,72.98627176,RD-248,271,54,Car,Medium,Clear,2994,Slippery,No,None,No,44.25,83.27,2018,9,28,17,Friday,0,0
4863,2018-07-28 16:19:00,8.776806061,91.45241705,RD-361,267,115,Mixed,Medium,Snow,8072,Dry,No,None,No,22.07,87.46,2018,7,28,16,Saturday,0,0
4864,2019-08-04 23:00:00,36.70559995,84.36106689,RD-189,62,83,Truck,Low,Snow,8235,Wet,Yes,Fatal,No,30.04,82.06,2019,8,4,23,Sunday,1,0
4865,2023-01-31 13:26:00,27.5249624,89.43569272,RD-58,265,46,Truck,High,Clear,2071,Under Maintenance,No,None,No,29.41,30.13,2023,1,31,13,Tuesday,0,0
4866,2023-10-01 23:43:00,12.08016143,74.17214805,RD-298,379,71,Car,High,Clear,4364,Under Maintenance,No,None,Yes,39.07,52.81,2023,10,1,23,Sunday,0,1
4867,2019-10-01 13:17:00,16.89406771,79.46733969,RD-247,368,104,Bike,Medium,Snow,5982,Dry,No,None,Yes,30.68,79.11,2019,10,1,13,Tuesday,0,1
4868,2022-10-04 05:11:00,36.56514944,91.26001064,RD-493,296,70,Bus,High,Snow,3545,Slippery,No,None,No,24.46,51.98,2022,10,4,5,Tuesday,0,0
4869,2023-02-04 20:17:00,14.58928065,94.41333033,RD-354,46,26,Truck,Low,Storm,3386,Under Maintenance,No,None,No,37.89,66.09,2023,2,4,20,Saturday,0,0
4870,2018-08-01 11:02:00,29.83197039,74.57059366,RD-41,193,32,Bus,Medium,Clear,2506,Slippery,No,None,No,44.43,66.38,2018,8,1,11,Wednesday,0,0
4871,2019-07-19 07:50:00,14.99428024,91.00841614,RD-73,127,100,Bike,Very High,Clear,7503,Under Maintenance,No,None,Yes,31.46,51.9,2019,7,19,7,Friday,0,1
4872,2022-06-22 18:21:00,19.55556128,71.14810017,RD-374,486,107,Mixed,Very High,Clear,3290,Dry,No,None,No,23.97,84.27,2022,6,22,18,Wednesday,0,0
4873,2019-10-02 06:26:00,33.5404233,80.34671118,RD-375,177,93,Car,Low,Fog,8141,Under Maintenance,No,None,No,25.9,60.19,2019,10,2,6,Wednesday,0,0
4874,2022-05-15 09:52:00,8.824729296,95.22287033,RD-270,149,5,Bike,High,Rain,2807,Wet,No,None,No,27.12,57.89,2022,5,15,9,Sunday,0,0
4875,2021-08-09 04:55:00,16.90981962,95.40895808,RD-440,258,48,Truck,Medium,Clear,3493,Dry,No,None,No,29.0,89.85,2021,8,9,4,Monday,0,0
4876,2023-07-25 22:18:00,22.12858854,76.60378386,RD-385,64,27,Truck,Low,Fog,2431,Under Maintenance,Yes,Minor,No,39.28,59.61,2023,7,25,22,Tuesday,1,0
4877,2022-06-01 10:07:00,26.1393474,73.59448879,RD-399,234,9,Car,Medium,Rain,2573,Slippery,Yes,None,No,38.03,40.7,2022,6,1,10,Wednesday,1,0
4878,2019-05-19 22:48:00,8.819007994,72.33510474,RD-144,194,116,Mixed,Medium,Rain,6660,Under Maintenance,No,None,No,40.88,60.78,2019,5,19,22,Sunday,0,0
4879,2023-08-30 01:31:00,19.90945803,81.94538235,RD-239,376,103,Bike,Low,Clear,7543,Wet,No,None,Yes,30.88,78.84,2023,8,30,1,Wednesday,0,1
4880,2022-08-03 19:10:00,17.98432828,70.67022796,RD-265,182,79,Truck,Very High,Rain,5489,Slippery,No,None,No,44.72,76.61,2022,8,3,19,Wednesday,0,0
4881,2020-03-09 03:02:00,8.779131456,78.34873852,RD-41,34,19,Truck,Medium,Fog,3260,Wet,No,None,No,26.12,77.31,2020,3,9,3,Monday,0,0
4882,2022-03-14 05:36:00,18.30566361,68.49332238,RD-268,179,73,Mixed,Medium,Clear,1775,Slippery,No,None,No,34.07,72.48,2022,3,14,5,Monday,0,0
4883,2020-08-21 06:16:00,35.01896038,75.52254522,RD-456,155,106,Truck,Medium,Snow,1970,Dry,No,None,No,44.03,45.25,2020,8,21,6,Friday,0,0
4884,2019-05-12 21:21:00,15.96422484,94.10803015,RD-313,167,8,Truck,Low,Snow,8668,Wet,No,None,Yes,25.4,81.73,2019,5,12,21,Sunday,0,1
4885,2020-11-07 09:02:00,24.98214763,80.96237341,RD-46,283,48,Bus,Low,Snow,5618,Under Maintenance,No,None,Yes,23.3,83.61,2020,11,7,9,Saturday,0,1
4886,2018-10-13 14:29:00,16.64477551,70.13861793,RD-126,144,78,Car,Very High,Fog,2709,Slippery,No,None,No,46.51,41.65,2018,10,13,14,Saturday,0,0
4887,2023-09-03 15:19:00,11.0933175,86.75826685,RD-242,88,77,Bus,Medium,Fog,6657,Slippery,No,None,No,30.29,37.83,2023,9,3,15,Sunday,0,0
4888,2022-06-19 08:08:00,16.40198092,95.71337326,RD-323,295,37,Truck,Low,Rain,6291,Slippery,No,None,No,40.52,88.54,2022,6,19,8,Sunday,0,0
4889,2022-11-20 21:52:00,21.65201503,81.43882112,RD-380,398,64,Mixed,Medium,Fog,7894,Dry,No,None,No,20.76,82.1,2022,11,20,21,Sunday,0,0
4890,2018-04-05 20:53:00,16.59004354,86.10434795,RD-340,206,110,Car,Very High,Clear,2948,Dry,No,None,No,40.7,83.59,2018,4,5,20,Thursday,0,0
4891,2019-05-25 00:52:00,26.10091031,94.6631222,RD-492,426,74,Bike,High,Storm,4925,Slippery,No,None,No,29.48,83.18,2019,5,25,0,Saturday,0,0
4892,2018-07-25 03:18:00,35.52357294,80.15388329,RD-343,15,50,Bike,High,Snow,8490,Under Maintenance,No,None,No,21.67,62.5,2018,7,25,3,Wednesday,0,0
4893,2022-08-14 18:13:00,10.00887536,87.27301737,RD-40,313,31,Mixed,High,Rain,4458,Slippery,Yes,None,Yes,38.29,68.78,2022,8,14,18,Sunday,1,1
4894,2020-01-27 18:50:00,28.79312646,80.78042395,RD-351,369,111,Bike,Very High,Rain,7025,Dry,No,None,No,27.22,62.72,2020,1,27,18,Monday,0,0
4895,2020-12-06 02:03:00,8.036435806,95.90179832,RD-325,397,32,Bus,Low,Snow,241,Dry,No,None,Yes,31.6,33.07,2020,12,6,2,Sunday,0,1
4896,2023-10-16 08:46:00,8.029623472,82.61024562,RD-277,150,50,Truck,Medium,Snow,4347,Wet,No,None,No,22.42,74.73,2023,10,16,8,Monday,0,0
4897,2021-10-27 23:42:00,11.85466129,93.68393395,RD-409,115,111,Bike,Low,Clear,5932,Under Maintenance,No,None,No,24.41,60.32,2021,10,27,23,Wednesday,0,0
4898,2022-05-16 20:01:00,21.91798462,82.70875645,RD-297,291,38,Bus,High,Rain,1763,Under Maintenance,No,None,Yes,28.94,68.86,2022,5,16,20,Monday,0,1
4899,2020-10-20 21:50:00,9.392117013,87.3831964,RD-160,442,33,Car,High,Snow,8624,Slippery,No,None,No,22.69,60.16,2020,10,20,21,Tuesday,0,0
4900,2022-04-26 07:16:00,28.94240127,79.19810313,RD-314,29,100,Mixed,Medium,Fog,2249,Under Maintenance,No,None,No,47.32,59.51,2022,4,26,7,Tuesday,0,0
4901,2019-11-14 13:13:00,8.849164809,94.60909694,RD-28,169,59,Car,Medium,Rain,2633,Dry,No,None,Yes,20.18,40.31,2019,11,14,13,Thursday,0,1
4902,2019-01-09 15:42:00,22.36752147,86.76132226,RD-463,233,61,Car,Very High,Fog,1717,Under Maintenance,No,None,No,34.52,46.72,2019,1,9,15,Wednesday,0,0
4903,2023-08-18 09:39:00,27.60686049,68.57745757,RD-176,123,26,Bus,Medium,Snow,4376,Slippery,Yes,Minor,No,23.7,39.53,2023,8,18,9,Friday,1,0
4904,2018-02-07 00:25:00,14.88896757,68.45359403,RD-274,494,19,Bike,Low,Clear,7855,Wet,Yes,Fatal,No,29.23,41.74,2018,2,7,0,Wednesday,1,0
4905,2019-04-13 13:38:00,24.79964598,87.60914803,RD-399,117,31,Bus,Low,Rain,660,Wet,No,None,No,47.78,88.38,2019,4,13,13,Saturday,0,0
4906,2018-12-02 11:35:00,15.59166103,71.31379701,RD-6,259,78,Bike,Medium,Rain,8301,Slippery,No,None,No,24.85,39.19,2018,12,2,11,Sunday,0,0
4907,2019-07-22 22:53:00,14.20882056,88.76876797,RD-241,458,93,Truck,Low,Snow,384,Dry,No,None,Yes,48.97,46.16,2019,7,22,22,Monday,0,1
4908,2019-11-29 19:52:00,31.73329302,77.33848661,RD-233,482,64,Mixed,Low,Fog,610,Wet,Yes,Fatal,No,26.17,65.44,2019,11,29,19,Friday,1,0
4909,2021-08-21 01:21:00,17.6544869,83.62867066,RD-263,482,79,Truck,High,Storm,4028,Slippery,No,None,No,42.25,66.61,2021,8,21,1,Saturday,0,0
4910,2019-04-10 14:31:00,31.60540744,73.05758804,RD-464,190,76,Bike,High,Snow,9017,Dry,No,None,No,36.4,39.24,2019,4,10,14,Wednesday,0,0
4911,2023-07-07 06:38:00,14.29037294,75.14043215,RD-241,74,25,Bike,Medium,Fog,8188,Under Maintenance,No,None,No,46.53,77.62,2023,7,7,6,Friday,0,0
4912,2023-07-14 05:32:00,18.32010155,80.67061479,RD-294,140,76,Car,Medium,Fog,7278,Slippery,No,None,No,36.62,77.11,2023,7,14,5,Friday,0,0
4913,2019-07-15 21:22:00,10.9771056,87.29884974,RD-376,368,41,Bike,Medium,Storm,2668,Slippery,No,None,No,36.04,44.24,2019,7,15,21,Monday,0,0
4914,2019-01-07 14:43:00,22.39851126,72.51621746,RD-170,414,28,Car,High,Rain,2472,Dry,No,None,No,25.86,47.32,2019,1,7,14,Monday,0,0
4915,2023-12-17 06:21:00,19.06623448,76.15721094,RD-216,308,114,Car,Low,Clear,2176,Slippery,No,None,No,24.99,86.28,2023,12,17,6,Sunday,0,0
4916,2020-07-02 12:37:00,8.17274197,74.00190965,RD-181,290,52,Mixed,Very High,Storm,7321,Under Maintenance,No,None,No,47.49,79.54,2020,7,2,12,Thursday,0,0
4917,2023-11-03 05:44:00,21.4807987,93.01755495,RD-492,350,27,Bike,Low,Snow,1252,Slippery,No,None,No,29.84,71.87,2023,11,3,5,Friday,0,0
4918,2023-10-06 10:35:00,10.15802446,86.79218831,RD-409,376,92,Truck,Very High,Fog,7845,Under Maintenance,No,None,No,31.16,34.93,2023,10,6,10,Friday,0,0
4919,2021-07-20 19:14:00,32.27172533,81.58637637,RD-151,460,17,Bus,High,Storm,9837,Dry,No,None,No,42.79,55.1,2021,7,20,19,Tuesday,0,0
4920,2018-04-30 17:19:00,22.31710206,95.46134857,RD-149,497,107,Car,Very High,Fog,7960,Slippery,No,None,No,30.16,63.56,2018,4,30,17,Monday,0,0
4921,2022-12-06 05:16:00,28.0114702,89.33896257,RD-86,230,63,Bus,Medium,Rain,6464,Dry,Yes,None,No,48.56,41.24,2022,12,6,5,Tuesday,1,0
4922,2019-02-08 02:30:00,31.81294387,95.0345573,RD-19,428,9,Car,Medium,Fog,3703,Under Maintenance,Yes,Major,Yes,42.14,56.89,2019,2,8,2,Friday,1,1
4923,2018-06-02 14:33:00,9.484159267,85.33019585,RD-356,95,19,Truck,Medium,Clear,9920,Dry,No,None,No,37.92,66.06,2018,6,2,14,Saturday,0,0
4924,2023-06-11 14:14:00,17.77873477,72.00365043,RD-473,160,28,Car,Medium,Snow,8512,Wet,Yes,Fatal,No,46.43,49.64,2023,6,11,14,Sunday,1,0
4925,2021-06-25 13:48:00,8.728416981,87.58738609,RD-306,278,79,Mixed,Low,Rain,980,Wet,No,None,No,21.49,76.86,2021,6,25,13,Friday,0,0
4926,2022-06-24 00:41:00,9.439170993,73.84324366,RD-384,491,60,Car,Medium,Fog,3456,Slippery,No,None,No,27.71,80.43,2022,6,24,0,Friday,0,0
4927,2022-07-27 15:10:00,9.097141086,78.03308916,RD-156,32,85,Bike,Very High,Clear,9164,Slippery,No,None,No,33.95,49.42,2022,7,27,15,Wednesday,0,0
4928,2019-05-16 09:25:00,21.85928969,82.77892008,RD-373,72,12,Mixed,High,Clear,5790,Slippery,No,None,No,26.81,80.32,2019,5,16,9,Thursday,0,0
4929,2022-09-29 18:24:00,21.06966338,72.56361348,RD-402,108,110,Car,Medium,Snow,466,Dry,No,None,No,42.32,36.21,2022,9,29,18,Thursday,0,0
4930,2020-08-02 02:58:00,9.775972938,68.6026601,RD-289,92,92,Car,Low,Rain,6890,Under Maintenance,No,None,No,47.58,80.26,2020,8,2,2,Sunday,0,0
4931,2019-02-06 20:48:00,15.60868552,77.48549226,RD-134,24,106,Bus,Medium,Snow,6809,Dry,No,None,No,32.71,39.17,2019,2,6,20,Wednesday,0,0
4932,2019-06-25 21:16:00,15.09024467,91.9051573,RD-32,126,95,Car,Medium,Snow,1222,Wet,No,None,No,30.26,34.98,2019,6,25,21,Tuesday,0,0
4933,2022-11-10 00:27:00,16.60183889,68.44601888,RD-323,472,46,Mixed,Low,Clear,9724,Wet,No,None,No,48.85,68.51,2022,11,10,0,Thursday,0,0
4934,2021-03-29 10:41:00,26.58210956,71.17358406,RD-243,253,119,Car,High,Storm,7873,Slippery,No,None,No,33.35,58.32,2021,3,29,10,Monday,0,0
4935,2023-01-22 01:21:00,28.21495089,91.39879085,RD-297,291,11,Bus,Low,Fog,3722,Dry,No,None,No,34.67,84.47,2023,1,22,1,Sunday,0,0
4936,2022-01-25 23:11:00,17.83307147,76.86969939,RD-87,368,28,Truck,Very High,Rain,6630,Under Maintenance,No,None,No,30.55,51.79,2022,1,25,23,Tuesday,0,0
4937,2019-02-09 10:20:00,30.8586885,95.20819192,RD-294,460,31,Bus,Low,Storm,6742,Dry,No,None,No,47.29,47.23,2019,2,9,10,Saturday,0,0
4938,2021-09-03 11:38:00,20.1179451,79.02708015,RD-27,346,105,Bus,Very High,Snow,2474,Dry,No,None,Yes,37.07,60.04,2021,9,3,11,Friday,0,1
4939,2018-07-28 06:24:00,23.14967803,91.10441394,RD-337,103,113,Car,Medium,Rain,4014,Wet,No,None,Yes,42.87,57.36,2018,7,28,6,Saturday,0,1
4940,2022-11-09 13:46:00,12.22093841,75.5049054,RD-150,70,7,Truck,Low,Snow,8653,Under Maintenance,No,None,No,44.35,50.67,2022,11,9,13,Wednesday,0,0
4941,2020-03-09 11:56:00,14.75396788,69.79310591,RD-415,165,90,Mixed,Medium,Rain,5540,Wet,No,None,No,30.26,71.62,2020,3,9,11,Monday,0,0
4942,2023-05-24 13:38:00,29.09910183,93.56508009,RD-378,299,52,Mixed,Low,Rain,5953,Dry,No,None,No,33.01,75.57,2023,5,24,13,Wednesday,0,0
4943,2019-07-14 22:56:00,36.33422486,94.89159779,RD-320,153,106,Bike,Very High,Fog,2893,Under Maintenance,No,None,No,45.45,81.18,2019,7,14,22,Sunday,0,0
4944,2022-07-23 16:57:00,28.43495311,88.53489008,RD-14,436,26,Bus,Low,Clear,9237,Dry,No,None,Yes,30.9,88.37,2022,7,23,16,Saturday,0,1
4945,2023-08-18 11:28:00,9.571753189,90.33196688,RD-147,242,44,Bus,Very High,Fog,4284,Dry,No,None,No,43.82,46.0,2023,8,18,11,Friday,0,0
4946,2022-05-07 11:36:00,12.14384924,68.20670098,RD-249,148,52,Bike,Medium,Fog,9275,Slippery,No,None,No,48.23,72.97,2022,5,7,11,Saturday,0,0
4947,2022-07-19 07:04:00,20.92757772,89.86088201,RD-43,161,53,Car,Low,Storm,602,Under Maintenance,No,None,Yes,38.7,53.66,2022,7,19,7,Tuesday,0,1
4948,2018-01-20 16:15:00,29.24461302,81.69369522,RD-65,480,33,Mixed,Low,Fog,610,Dry,No,None,No,42.25,70.62,2018,1,20,16,Saturday,0,0
4949,2023-05-09 17:36:00,12.81204128,81.13092318,RD-259,418,78,Mixed,Medium,Rain,2169,Dry,No,None,No,44.15,58.56,2023,5,9,17,Tuesday,0,0
4950,2020-04-08 22:59:00,29.77381296,83.66202769,RD-40,238,21,Bike,Low,Snow,3180,Wet,No,None,No,45.35,89.63,2020,4,8,22,Wednesday,0,0
4951,2023-09-19 06:02:00,24.11923599,75.86509627,RD-436,86,110,Bike,Very High,Storm,9914,Dry,No,None,No,31.85,73.73,2023,9,19,6,Tuesday,0,0
4952,2020-01-03 10:00:00,30.46175218,88.19236809,RD-402,412,11,Bike,Low,Rain,8305,Wet,No,None,No,21.54,87.15,2020,1,3,10,Friday,0,0
4953,2018-06-08 14:12:00,24.17149081,76.57207729,RD-143,299,47,Truck,Medium,Snow,1839,Under Maintenance,No,None,Yes,32.06,80.1,2018,6,8,14,Friday,0,1
4954,2022-10-09 10:54:00,25.47317216,84.1995925,RD-130,383,39,Bus,Low,Snow,2185,Wet,No,None,No,40.21,84.17,2022,10,9,10,Sunday,0,0
4955,2018-12-05 21:30:00,15.21366491,71.97088964,RD-68,331,44,Mixed,High,Storm,6772,Wet,No,None,No,33.51,78.87,2018,12,5,21,Wednesday,0,0
4956,2022-04-05 23:08:00,28.88550237,87.57719342,RD-316,209,71,Car,Low,Fog,469,Dry,Yes,None,No,42.47,57.55,2022,4,5,23,Tuesday,1,0
4957,2022-06-29 19:54:00,32.47641668,73.49877017,RD-144,142,81,Truck,Low,Storm,9471,Under Maintenance,Yes,Major,No,30.71,45.11,2022,6,29,19,Wednesday,1,0
4958,2023-06-22 07:25:00,33.26743343,72.94200559,RD-141,84,10,Bus,Low,Storm,5457,Slippery,No,None,No,39.04,52.22,2023,6,22,7,Thursday,0,0
4959,2018-12-11 00:19:00,8.854138526,68.70421171,RD-440,331,85,Truck,Medium,Storm,6509,Slippery,No,None,No,25.59,31.21,2018,12,11,0,Tuesday,0,0
4960,2023-03-21 22:12:00,26.11333623,71.5317875,RD-132,367,6,Bus,Medium,Snow,1379,Under Maintenance,No,None,No,42.48,61.44,2023,3,21,22,Tuesday,0,0
4961,2019-09-13 12:59:00,36.69661169,74.74453711,RD-8,191,43,Bike,Very High,Fog,8628,Dry,No,None,No,36.37,60.3,2019,9,13,12,Friday,0,0
4962,2020-06-16 00:15:00,25.02055404,74.44697146,RD-380,263,106,Car,High,Clear,6598,Under Maintenance,No,None,Yes,26.12,61.52,2020,6,16,0,Tuesday,0,1
4963,2019-06-30 09:46:00,12.96680122,77.50247145,RD-58,489,37,Bike,Medium,Snow,9286,Wet,Yes,Fatal,No,28.76,88.44,2019,6,30,9,Sunday,1,0
4964,2019-08-04 07:02:00,33.45063463,69.57807612,RD-310,289,110,Mixed,High,Storm,4982,Wet,No,None,Yes,42.46,84.69,2019,8,4,7,Sunday,0,1
4965,2019-11-27 12:42:00,15.66488603,95.12074254,RD-90,85,27,Mixed,Low,Snow,8844,Slippery,No,None,Yes,34.48,39.7,2019,11,27,12,Wednesday,0,1
4966,2020-04-07 17:27:00,9.305390327,71.4561005,RD-466,239,37,Mixed,Low,Rain,7642,Under Maintenance,No,None,No,26.48,52.13,2020,4,7,17,Tuesday,0,0
4967,2022-11-15 07:08:00,20.48502107,88.35695249,RD-303,345,93,Mixed,Low,Fog,8617,Dry,No,None,No,49.02,55.44,2022,11,15,7,Tuesday,0,0
4968,2021-03-29 18:56:00,10.90790811,83.51712193,RD-379,188,82,Truck,Low,Clear,8112,Wet,No,None,Yes,41.45,51.63,2021,3,29,18,Monday,0,1
4969,2023-04-28 14:35:00,11.34202632,84.03087534,RD-78,161,103,Car,High,Fog,1134,Dry,No,None,No,48.71,77.91,2023,4,28,14,Friday,0,0
4970,2018-07-05 00:51:00,21.43538528,71.05998794,RD-338,443,34,Car,Very High,Rain,582,Dry,No,None,Yes,32.81,61.44,2018,7,5,0,Thursday,0,1
4971,2023-03-20 12:43:00,25.76781895,75.05323332,RD-229,370,13,Mixed,High,Clear,6752,Under Maintenance,No,None,Yes,34.25,64.33,2023,3,20,12,Monday,0,1
4972,2020-02-29 23:51:00,34.25636979,90.61655754,RD-190,447,98,Bus,Low,Snow,3066,Slippery,No,None,Yes,46.94,81.18,2020,2,29,23,Saturday,0,1
4973,2019-04-29 15:38:00,28.45233509,81.44690729,RD-414,282,75,Bike,Very High,Clear,8584,Wet,No,None,No,35.75,78.36,2019,4,29,15,Monday,0,0
4974,2021-12-26 22:20:00,32.4354914,81.2549667,RD-90,489,66,Mixed,Very High,Storm,825,Dry,No,None,Yes,41.22,37.93,2021,12,26,22,Sunday,0,1
4975,2022-02-05 03:07:00,19.94174802,83.83144208,RD-134,477,76,Bus,Low,Rain,7789,Slippery,No,None,No,27.57,72.83,2022,2,5,3,Saturday,0,0
4976,2023-04-04 04:13:00,17.23915916,80.58037077,RD-401,428,75,Car,Very High,Storm,8329,Wet,No,None,No,33.4,56.13,2023,4,4,4,Tuesday,0,0
4977,2019-07-28 06:55:00,25.19236774,91.377942,RD-359,39,110,Bike,Medium,Rain,3376,Wet,No,None,No,23.7,47.68,2019,7,28,6,Sunday,0,0
4978,2019-01-30 16:59:00,28.16948746,89.71245074,RD-121,184,95,Car,Low,Snow,5681,Slippery,No,None,Yes,26.18,33.0,2019,1,30,16,Wednesday,0,1
4979,2021-01-17 07:36:00,24.4792629,77.19312229,RD-249,307,29,Car,Very High,Snow,8101,Slippery,No,None,No,20.03,59.23,2021,1,17,7,Sunday,0,0
4980,2020-09-07 05:11:00,15.67111694,91.55035228,RD-93,287,51,Truck,High,Storm,9579,Wet,No,None,No,21.18,51.33,2020,9,7,5,Monday,0,0
4981,2023-01-09 15:59:00,18.72199279,83.03958647,RD-410,40,55,Bike,Very High,Rain,1915,Slippery,No,None,No,49.32,45.09,2023,1,9,15,Monday,0,0
4982,2022-05-23 04:51:00,21.00083648,86.20436816,RD-271,60,92,Truck,High,Rain,2005,Under Maintenance,No,None,No,27.27,71.68,2022,5,23,4,Monday,0,0
4983,2021-07-15 07:11:00,8.410405219,93.11909912,RD-442,174,32,Mixed,Medium,Snow,2008,Dry,No,None,No,39.9,76.17,2021,7,15,7,Thursday,0,0
4984,2020-08-02 07:37:00,33.51532478,81.80380423,RD-17,481,102,Bike,Low,Fog,2787,Slippery,No,None,Yes,45.17,44.69,2020,8,2,7,Sunday,0,1
4985,2022-12-27 17:49:00,22.83089492,89.93155051,RD-176,353,78,Bus,Very High,Storm,2125,Dry,No,None,No,36.52,32.97,2022,12,27,17,Tuesday,0,0
4986,2023-01-26 03:26:00,29.77986847,86.21453341,RD-44,406,40,Car,Medium,Storm,7506,Under Maintenance,No,None,No,24.59,80.93,2023,1,26,3,Thursday,0,0
4987,2020-02-13 11:09:00,12.98542764,80.3756033,RD-496,98,83,Car,High,Rain,7183,Dry,No,None,No,41.84,30.6,2020,2,13,11,Thursday,0,0
4988,2023-05-24 17:13:00,24.14266705,90.88240262,RD-75,133,65,Truck,Medium,Clear,3707,Under Maintenance,No,None,No,38.01,86.23,2023,5,24,17,Wednesday,0,0
4989,2021-11-18 12:59:00,34.85780397,71.04961442,RD-305,168,106,Truck,Medium,Snow,6110,Slippery,No,None,No,41.94,67.66,2021,11,18,12,Thursday,0,0
4990,2023-07-17 22:57:00,14.21402678,84.8553863,RD-479,109,71,Truck,High,Snow,1692,Under Maintenance,No,None,No,43.09,49.31,2023,7,17,22,Monday,0,0
4991,2020-08-26 08:28:00,18.02982982,69.34591196,RD-421,151,80,Bike,Low,Fog,2968,Dry,No,None,Yes,49.26,44.79,2020,8,26,8,Wednesday,0,1
4992,2019-01-06 04:40:00,19.26137196,72.5289047,RD-79,126,37,Car,Medium,Clear,658,Slippery,No,None,No,37.21,30.54,2019,1,6,4,Sunday,0,0
4993,2022-01-07 23:19:00,19.11580473,85.36733548,RD-429,477,66,Bus,Medium,Clear,2252,Under Maintenance,No,None,No,30.25,44.13,2022,1,7,23,Friday,0,0
4994,2021-04-27 17:12:00,25.41805523,76.9205942,RD-254,48,30,Bike,High,Clear,2327,Dry,No,None,No,39.45,38.26,2021,4,27,17,Tuesday,0,0
4995,2023-05-16 04:40:00,19.41933715,75.61177467,RD-386,357,68,Car,High,Fog,6419,Wet,No,None,No,22.05,66.73,2023,5,16,4,Tuesday,0,0
4996,2020-08-16 02:19:00,27.5475804,95.71932207,RD-212,482,109,Mixed,Medium,Snow,1120,Slippery,No,None,No,46.92,39.99,2020,8,16,2,Sunday,0,0
4997,2021-02-03 21:32:00,22.05224952,78.61126306,RD-395,175,59,Mixed,Very High,Clear,3475,Slippery,No,None,No,23.58,61.72,2021,2,3,21,Wednesday,0,0
4998,2019-09-11 04:43:00,12.57115187,84.37750264,RD-197,116,109,Truck,High,Snow,1802,Under Maintenance,No,None,Yes,29.84,65.41,2019,9,11,4,Wednesday,0,1
4999,2020-04-03 14:52:00,35.50847883,83.49321437,RD-122,340,10,Truck,Low,Snow,6168,Wet,No,None,No,44.47,47.88,2020,4,3,14,Friday,0,0
5000,2018-05-30 16:28:00,14.94597396,69.79853427,RD-339,283,71,Truck,Very High,Fog,3341,Wet,No,None,No,37.92,32.1,2018,5,30,16,Wednesday,0,0
5001,2022-04-18 23:55:00,24.31162791,87.55399641,RD-226,48,95,Car,Very High,Snow,7580,Wet,No,None,No,31.81,32.24,2022,4,18,23,Monday,0,0
5002,2023-06-08 08:51:00,9.760127091,82.87413827,RD-372,92,109,Truck,Medium,Rain,7551,Wet,No,None,Yes,34.2,31.58,2023,6,8,8,Thursday,0,1
5003,2019-08-02 21:18:00,34.64002872,79.06109639,RD-327,332,18,Bus,Low,Snow,6271,Under Maintenance,No,None,No,45.64,74.35,2019,8,2,21,Friday,0,0
5004,2019-04-14 22:18:00,34.91188652,69.91448767,RD-86,306,117,Bus,Very High,Rain,2115,Slippery,No,None,No,30.2,49.08,2019,4,14,22,Sunday,0,0
5005,2021-02-21 13:44:00,18.57177379,76.49740556,RD-108,311,53,Mixed,High,Clear,4407,Dry,No,None,Yes,46.09,77.78,2021,2,21,13,Sunday,0,1
5006,2020-11-30 13:18:00,11.50842467,93.6387659,RD-296,442,54,Bike,Low,Rain,1930,Wet,No,None,No,22.64,55.9,2020,11,30,13,Monday,0,0
5007,2018-07-19 23:40:00,30.32953938,73.03762983,RD-376,164,79,Car,Low,Clear,4192,Wet,No,None,No,43.3,57.18,2018,7,19,23,Thursday,0,0
5008,2020-03-02 16:34:00,15.60532761,74.36067555,RD-432,131,119,Bike,Medium,Rain,4962,Slippery,Yes,Minor,Yes,45.43,60.77,2020,3,2,16,Monday,1,1
5009,2018-09-21 00:15:00,28.31785349,73.9535269,RD-177,32,21,Truck,Very High,Rain,1310,Dry,Yes,Major,No,25.45,72.78,2018,9,21,0,Friday,1,0
5010,2021-12-16 04:32:00,34.53929772,93.83333976,RD-28,44,59,Car,High,Clear,1488,Dry,No,None,No,32.91,46.41,2021,12,16,4,Thursday,0,0
5011,2018-06-26 07:33:00,25.11691037,88.299869,RD-329,239,64,Truck,Very High,Fog,2180,Slippery,No,None,Yes,24.96,37.3,2018,6,26,7,Tuesday,0,1
5012,2019-04-13 14:46:00,32.97588782,93.57344883,RD-136,150,50,Bike,Very High,Snow,6891,Slippery,Yes,Major,Yes,41.2,63.36,2019,4,13,14,Saturday,1,1
5013,2021-02-03 23:57:00,14.51480512,94.4986485,RD-387,391,67,Mixed,High,Rain,6126,Under Maintenance,No,None,No,36.06,49.62,2021,2,3,23,Wednesday,0,0
5014,2022-02-13 00:55:00,34.40249179,94.91105852,RD-420,291,52,Bus,Very High,Storm,8660,Dry,Yes,Major,No,39.06,56.55,2022,2,13,0,Sunday,1,0
5015,2019-06-18 08:20:00,14.57269201,82.08575277,RD-60,215,66,Bus,Low,Fog,8334,Dry,No,None,No,25.89,68.82,2019,6,18,8,Tuesday,0,0
5016,2022-04-16 15:46:00,14.54820327,81.81049168,RD-27,172,20,Bus,Medium,Snow,4785,Under Maintenance,Yes,Major,No,26.35,59.65,2022,4,16,15,Saturday,1,0
5017,2022-07-05 12:46:00,33.51619761,92.03876237,RD-86,434,111,Car,Medium,Fog,2738,Slippery,No,None,Yes,21.24,67.22,2022,7,5,12,Tuesday,0,1
5018,2018-02-15 15:23:00,24.09220104,77.62587355,RD-238,143,69,Truck,Low,Fog,1812,Under Maintenance,No,None,No,29.66,62.65,2018,2,15,15,Thursday,0,0
5019,2022-09-25 17:28:00,31.1838068,68.64412276,RD-205,81,52,Bus,Very High,Clear,8508,Wet,Yes,Fatal,No,36.79,74.39,2022,9,25,17,Sunday,1,0
5020,2021-06-22 19:40:00,31.27217365,77.61488379,RD-244,61,58,Truck,Very High,Storm,8603,Wet,No,None,No,45.74,72.36,2021,6,22,19,Tuesday,0,0
5021,2021-07-17 20:51:00,26.76187828,88.77415958,RD-155,497,66,Bus,Medium,Snow,4624,Dry,No,None,Yes,40.01,62.05,2021,7,17,20,Saturday,0,1
5022,2023-03-05 15:16:00,13.48313795,71.5848075,RD-244,62,10,Bike,Medium,Fog,6880,Slippery,Yes,Minor,Yes,33.06,70.73,2023,3,5,15,Sunday,1,1
5023,2023-04-01 18:52:00,28.07072702,90.75864488,RD-383,472,83,Mixed,High,Clear,6060,Wet,No,None,No,48.59,82.41,2023,4,1,18,Saturday,0,0
5024,2021-03-08 13:03:00,9.845405336,91.64875521,RD-486,401,37,Truck,High,Snow,8976,Slippery,No,None,No,41.58,55.94,2021,3,8,13,Monday,0,0
5025,2021-01-06 14:48:00,13.81937334,70.92645861,RD-386,184,75,Car,High,Clear,3568,Slippery,No,None,No,47.9,54.77,2021,1,6,14,Wednesday,0,0
5026,2018-06-05 04:42:00,26.64444314,70.83733931,RD-473,89,76,Bus,High,Snow,2867,Dry,No,None,Yes,35.83,75.85,2018,6,5,4,Tuesday,0,1
5027,2021-08-20 20:23:00,34.32648411,73.76555225,RD-273,102,46,Bike,Medium,Fog,4122,Slippery,No,None,No,27.77,64.95,2021,8,20,20,Friday,0,0
5028,2019-12-15 18:53:00,30.37909148,78.3352924,RD-120,73,34,Bus,Very High,Rain,7251,Slippery,No,None,No,21.58,34.26,2019,12,15,18,Sunday,0,0
5029,2019-02-10 20:55:00,17.64127499,83.44927349,RD-195,43,11,Mixed,Low,Storm,255,Slippery,No,None,No,41.78,83.53,2019,2,10,20,Sunday,0,0
5030,2018-02-27 19:02:00,31.88735164,82.08071794,RD-350,294,44,Bus,Medium,Rain,4089,Dry,Yes,Minor,No,23.64,31.85,2018,2,27,19,Tuesday,1,0
5031,2021-06-18 00:08:00,36.03132148,92.74188613,RD-362,428,65,Mixed,Low,Rain,243,Under Maintenance,No,None,Yes,29.08,74.9,2021,6,18,0,Friday,0,1
5032,2023-01-22 17:12:00,17.62655989,72.12472763,RD-200,313,113,Truck,Low,Fog,7733,Dry,Yes,Fatal,No,35.97,75.53,2023,1,22,17,Sunday,1,0
5033,2022-05-05 23:13:00,13.41793752,88.22960894,RD-243,211,18,Mixed,Very High,Clear,1741,Dry,No,None,No,36.93,87.19,2022,5,5,23,Thursday,0,0
5034,2022-07-26 11:08:00,13.72791924,83.91771097,RD-135,125,65,Bike,Very High,Storm,6758,Dry,No,None,No,38.02,33.25,2022,7,26,11,Tuesday,0,0
5035,2021-08-19 10:05:00,19.60938506,89.36791987,RD-75,202,68,Bike,Low,Rain,5174,Dry,No,None,No,24.99,65.81,2021,8,19,10,Thursday,0,0
5036,2020-03-27 01:35:00,9.517378825,77.91644638,RD-272,462,59,Truck,Medium,Clear,8890,Slippery,Yes,Minor,No,31.39,55.67,2020,3,27,1,Friday,1,0
5037,2022-05-03 21:04:00,22.14496299,81.67000923,RD-446,460,71,Car,Low,Storm,5879,Under Maintenance,No,None,Yes,38.52,49.84,2022,5,3,21,Tuesday,0,1
5038,2023-02-07 00:16:00,29.23665764,68.82919669,RD-223,368,94,Bike,Very High,Fog,7713,Dry,No,None,No,49.09,35.42,2023,2,7,0,Tuesday,0,0
5039,2019-03-03 22:38:00,23.38332665,71.36707136,RD-7,407,48,Truck,High,Storm,205,Under Maintenance,No,None,No,41.83,63.76,2019,3,3,22,Sunday,0,0
5040,2021-08-08 15:20:00,36.13145715,78.87487275,RD-148,183,62,Truck,Very High,Snow,4521,Under Maintenance,No,None,No,47.68,58.74,2021,8,8,15,Sunday,0,0
5041,2020-11-03 17:09:00,21.38932311,81.95638749,RD-475,36,38,Bike,Very High,Fog,9135,Wet,No,None,Yes,42.87,36.27,2020,11,3,17,Tuesday,0,1
5042,2019-09-17 08:49:00,8.384506509,70.4866599,RD-409,439,98,Truck,Medium,Rain,6714,Wet,No,None,No,37.75,66.75,2019,9,17,8,Tuesday,0,0
5043,2018-03-14 22:35:00,21.63360629,91.92465922,RD-230,422,98,Truck,Low,Snow,4444,Under Maintenance,No,None,No,25.76,74.28,2018,3,14,22,Wednesday,0,0
5044,2022-06-29 03:10:00,34.96658254,95.43551851,RD-196,266,61,Bus,Low,Clear,1457,Dry,No,None,No,40.0,76.04,2022,6,29,3,Wednesday,0,0
5045,2023-01-08 11:31:00,10.77997925,85.29552686,RD-348,347,33,Truck,Low,Rain,5154,Slippery,No,None,No,38.7,84.32,2023,1,8,11,Sunday,0,0
5046,2018-02-28 15:45:00,14.46605624,69.54865572,RD-162,140,41,Bike,High,Snow,5957,Wet,Yes,Fatal,Yes,38.07,54.57,2018,2,28,15,Wednesday,1,1
5047,2023-12-02 07:08:00,28.75121873,89.4259605,RD-493,35,112,Bike,High,Fog,6298,Dry,No,None,No,34.69,87.18,2023,12,2,7,Saturday,0,0
5048,2021-05-04 21:57:00,16.52891988,74.29774766,RD-272,414,93,Bike,High,Snow,290,Under Maintenance,No,None,No,35.86,81.93,2021,5,4,21,Tuesday,0,0
5049,2021-01-12 09:07:00,30.19198666,89.27589907,RD-350,127,72,Bus,High,Snow,2281,Dry,No,None,No,30.03,47.79,2021,1,12,9,Tuesday,0,0
5050,2020-07-30 18:47:00,20.16040289,80.59603444,RD-490,289,66,Bike,High,Rain,6522,Slippery,No,None,No,35.58,39.56,2020,7,30,18,Thursday,0,0
5051,2021-11-16 06:25:00,31.08594662,69.54937303,RD-22,310,5,Truck,Very High,Snow,4444,Under Maintenance,Yes,Fatal,No,25.93,56.12,2021,11,16,6,Tuesday,1,0
5052,2023-08-15 05:48:00,23.99445513,76.08371924,RD-50,125,76,Mixed,Medium,Storm,6802,Slippery,No,None,Yes,44.16,54.11,2023,8,15,5,Tuesday,0,1
5053,2018-02-08 13:06:00,10.39159037,80.38386884,RD-470,248,56,Bus,Medium,Rain,7219,Dry,No,None,No,25.57,64.54,2018,2,8,13,Thursday,0,0
5054,2020-06-28 03:28:00,19.19795139,89.35125991,RD-273,221,61,Mixed,Very High,Storm,6140,Wet,Yes,Minor,No,22.55,65.0,2020,6,28,3,Sunday,1,0
5055,2018-05-29 08:06:00,17.66420157,71.85900917,RD-327,422,61,Car,High,Snow,6305,Under Maintenance,Yes,Major,No,33.09,75.0,2018,5,29,8,Tuesday,1,0
5056,2020-08-10 06:07:00,31.49235469,76.32304864,RD-182,27,70,Mixed,Very High,Storm,4078,Under Maintenance,No,None,No,39.75,60.59,2020,8,10,6,Monday,0,0
5057,2018-03-30 17:21:00,26.12147092,70.42258115,RD-490,140,85,Truck,Very High,Fog,6572,Slippery,No,None,No,33.13,36.29,2018,3,30,17,Friday,0,0
5058,2023-03-06 03:44:00,30.54462345,85.85840265,RD-433,444,109,Bus,Very High,Fog,6392,Dry,No,None,No,28.3,81.5,2023,3,6,3,Monday,0,0
5059,2020-09-26 09:36:00,18.79234301,81.75387347,RD-222,393,65,Bike,Low,Snow,306,Under Maintenance,No,None,Yes,36.75,48.59,2020,9,26,9,Saturday,0,1
5060,2022-04-03 00:02:00,28.06055452,94.94114342,RD-313,120,56,Bike,Medium,Storm,4491,Dry,No,None,No,30.41,88.28,2022,4,3,0,Sunday,0,0
5061,2018-06-28 07:08:00,9.891797226,89.47603709,RD-471,137,111,Mixed,Very High,Snow,3166,Dry,Yes,Minor,No,47.99,37.07,2018,6,28,7,Thursday,1,0
5062,2020-12-12 13:47:00,9.064980271,90.55873351,RD-334,123,53,Mixed,High,Fog,4560,Under Maintenance,No,None,No,47.68,87.5,2020,12,12,13,Saturday,0,0
5063,2020-07-26 00:19:00,16.33656842,72.76738469,RD-440,234,27,Mixed,Very High,Storm,559,Under Maintenance,No,None,No,35.07,35.46,2020,7,26,0,Sunday,0,0
5064,2022-06-10 17:24:00,30.43727614,75.73205309,RD-140,155,89,Truck,High,Fog,8031,Dry,No,None,No,29.84,43.86,2022,6,10,17,Friday,0,0
5065,2018-09-01 05:05:00,23.48853683,82.88104676,RD-172,430,97,Bike,High,Storm,9535,Dry,No,None,No,42.11,32.79,2018,9,1,5,Saturday,0,0
5066,2023-01-10 11:30:00,19.85583193,68.39105053,RD-139,385,73,Car,Low,Rain,2649,Slippery,No,None,No,21.1,72.31,2023,1,10,11,Tuesday,0,0
5067,2020-11-23 22:52:00,34.00240422,93.23371616,RD-137,200,100,Truck,Medium,Snow,995,Wet,Yes,Fatal,No,34.24,81.02,2020,11,23,22,Monday,1,0
5068,2022-11-24 18:08:00,22.42348651,90.55447108,RD-411,478,25,Bike,Very High,Storm,7922,Slippery,No,None,No,30.09,56.04,2022,11,24,18,Thursday,0,0
5069,2019-02-06 05:31:00,25.78828517,69.68025087,RD-51,117,62,Bike,Medium,Storm,4836,Dry,No,None,No,47.62,85.71,2019,2,6,5,Wednesday,0,0
5070,2018-09-25 00:45:00,36.5890298,92.62198345,RD-131,28,13,Bike,High,Rain,1223,Slippery,No,None,No,20.36,65.42,2018,9,25,0,Tuesday,0,0
5071,2022-10-22 18:55:00,23.14936715,68.13015533,RD-336,160,75,Bike,Very High,Clear,7974,Under Maintenance,No,None,No,36.58,67.8,2022,10,22,18,Saturday,0,0
5072,2018-07-14 20:15:00,30.72157582,71.31236024,RD-300,349,86,Bus,Very High,Rain,7249,Under Maintenance,Yes,Minor,Yes,42.22,80.73,2018,7,14,20,Saturday,1,1
5073,2023-11-12 15:51:00,20.00094111,69.60557204,RD-201,192,83,Bike,Very High,Storm,7213,Slippery,No,None,No,34.55,47.81,2023,11,12,15,Sunday,0,0
5074,2019-03-10 03:45:00,9.053872341,81.89563802,RD-237,289,62,Mixed,Medium,Clear,4159,Slippery,No,None,No,22.56,51.26,2019,3,10,3,Sunday,0,0
5075,2020-03-17 15:38:00,32.19969004,90.73744362,RD-396,476,93,Bike,Very High,Fog,1718,Under Maintenance,No,None,No,49.17,84.36,2020,3,17,15,Tuesday,0,0
5076,2018-12-15 13:09:00,35.38773322,73.17763569,RD-346,163,52,Car,Low,Snow,5723,Wet,No,None,No,35.54,84.06,2018,12,15,13,Saturday,0,0
5077,2018-09-02 13:56:00,20.59707871,90.37310737,RD-384,234,84,Bus,Low,Clear,2549,Dry,No,None,Yes,38.43,88.59,2018,9,2,13,Sunday,0,1
5078,2018-07-05 11:23:00,22.60545179,73.36281868,RD-124,489,65,Car,Medium,Fog,4876,Dry,No,None,No,27.1,84.11,2018,7,5,11,Thursday,0,0
5079,2020-11-19 09:03:00,20.29999912,96.72555385,RD-376,63,88,Car,Very High,Storm,5021,Slippery,No,None,No,34.5,37.64,2020,11,19,9,Thursday,0,0
5080,2018-02-23 03:33:00,36.91026868,92.75076149,RD-345,108,113,Car,Low,Clear,3141,Slippery,Yes,Major,No,32.87,79.42,2018,2,23,3,Friday,1,0
5081,2019-02-27 17:11:00,34.19747055,89.37841644,RD-302,98,41,Truck,Very High,Rain,1786,Under Maintenance,No,None,No,22.25,54.59,2019,2,27,17,Wednesday,0,0
5082,2022-04-28 05:14:00,9.191941963,85.15896427,RD-395,170,102,Bike,High,Snow,534,Under Maintenance,Yes,Fatal,No,23.18,89.45,2022,4,28,5,Thursday,1,0
5083,2022-08-29 02:22:00,30.59154144,75.03389771,RD-100,481,119,Bike,High,Rain,6597,Slippery,No,None,No,45.12,58.34,2022,8,29,2,Monday,0,0
5084,2023-06-17 10:08:00,25.42426559,71.45876104,RD-267,66,9,Car,Very High,Rain,5027,Slippery,No,None,No,27.19,63.23,2023,6,17,10,Saturday,0,0
5085,2022-05-18 22:12:00,8.72910941,81.34889581,RD-173,131,37,Bike,Very High,Snow,8536,Slippery,No,None,No,25.85,61.79,2022,5,18,22,Wednesday,0,0
5086,2018-12-09 06:42:00,20.89665606,79.67714737,RD-347,378,69,Truck,Very High,Rain,3203,Dry,No,None,No,35.15,49.3,2018,12,9,6,Sunday,0,0
5087,2019-06-10 22:53:00,12.34163594,87.55994677,RD-354,402,116,Bike,High,Storm,6146,Wet,No,None,No,43.06,34.5,2019,6,10,22,Monday,0,0
5088,2018-02-24 13:06:00,33.31838491,72.93260279,RD-93,110,117,Bike,Low,Rain,2947,Slippery,No,None,No,21.86,83.74,2018,2,24,13,Saturday,0,0
5089,2022-01-20 15:51:00,8.368263947,84.30172554,RD-161,329,11,Car,High,Storm,1951,Under Maintenance,No,None,No,37.3,78.16,2022,1,20,15,Thursday,0,0
5090,2021-05-10 04:16:00,33.32006842,88.10715621,RD-281,238,46,Bus,Very High,Rain,8323,Wet,No,None,No,23.58,38.37,2021,5,10,4,Monday,0,0
5091,2022-02-05 18:19:00,35.28433531,76.6700215,RD-6,212,64,Bus,Medium,Storm,4560,Slippery,No,None,No,21.09,76.61,2022,2,5,18,Saturday,0,0
5092,2020-04-30 20:20:00,10.11654953,90.62041386,RD-345,94,8,Bike,Low,Clear,7931,Slippery,No,None,No,21.58,67.55,2020,4,30,20,Thursday,0,0
5093,2022-07-09 03:06:00,28.87528844,80.52344333,RD-5,68,8,Car,Medium,Storm,6682,Under Maintenance,No,None,No,45.02,54.55,2022,7,9,3,Saturday,0,0
5094,2020-09-23 07:41:00,23.91787358,72.71630178,RD-426,218,113,Bus,High,Snow,2411,Under Maintenance,No,None,No,23.54,45.24,2020,9,23,7,Wednesday,0,0
5095,2022-01-05 04:52:00,35.6740249,73.64833136,RD-35,25,81,Bus,Low,Rain,6866,Wet,No,None,No,21.35,81.58,2022,1,5,4,Wednesday,0,0
5096,2021-04-05 08:57:00,31.14634075,76.08805395,RD-7,398,103,Mixed,Low,Clear,1255,Slippery,Yes,None,Yes,33.14,72.01,2021,4,5,8,Monday,1,1
5097,2021-10-30 07:41:00,28.1380073,72.58566181,RD-211,53,111,Bus,Medium,Rain,7492,Wet,No,None,No,45.32,62.86,2021,10,30,7,Saturday,0,0
5098,2022-09-16 22:30:00,34.8397819,84.32466744,RD-51,55,22,Truck,Medium,Storm,3106,Dry,No,None,No,27.87,66.57,2022,9,16,22,Friday,0,0
5099,2018-02-10 01:42:00,12.6501422,95.52509405,RD-269,263,111,Mixed,Medium,Rain,8455,Dry,No,None,No,32.65,35.46,2018,2,10,1,Saturday,0,0
5100,2019-12-02 06:01:00,18.90283965,93.9861193,RD-54,403,54,Car,Medium,Fog,8487,Dry,Yes,None,No,21.2,58.44,2019,12,2,6,Monday,1,0
5101,2018-11-16 18:39:00,32.44531392,77.38886554,RD-351,342,114,Mixed,Low,Clear,5149,Wet,No,None,Yes,33.47,41.62,2018,11,16,18,Friday,0,1
5102,2022-01-08 06:28:00,10.94597826,93.07541033,RD-229,67,79,Bus,High,Fog,7106,Slippery,No,None,No,37.33,42.5,2022,1,8,6,Saturday,0,0
5103,2020-07-12 15:58:00,35.12797312,95.66666588,RD-180,79,17,Mixed,Medium,Rain,6264,Slippery,No,None,No,37.13,69.68,2020,7,12,15,Sunday,0,0
5104,2019-08-05 08:18:00,29.60950839,76.53084707,RD-113,238,111,Car,Very High,Storm,935,Dry,No,None,No,29.97,84.68,2019,8,5,8,Monday,0,0
5105,2020-04-19 08:13:00,20.74065507,94.25326152,RD-372,329,35,Bike,Low,Clear,1602,Wet,No,None,Yes,29.47,54.23,2020,4,19,8,Sunday,0,1
5106,2023-01-30 18:38:00,17.82291962,96.92544287,RD-146,217,107,Truck,Medium,Clear,4418,Under Maintenance,No,None,No,23.2,42.46,2023,1,30,18,Monday,0,0
5107,2022-01-20 09:49:00,12.28058569,91.13248248,RD-129,335,46,Bike,Very High,Storm,7722,Dry,No,None,Yes,31.0,68.92,2022,1,20,9,Thursday,0,1
5108,2018-09-15 21:15:00,10.71653222,79.31647628,RD-99,230,74,Car,High,Clear,8253,Under Maintenance,No,None,No,22.98,82.27,2018,9,15,21,Saturday,0,0
5109,2022-03-09 05:20:00,20.28424279,85.64770653,RD-18,392,106,Bike,High,Storm,6460,Wet,No,None,No,43.0,74.9,2022,3,9,5,Wednesday,0,0
5110,2023-03-12 08:49:00,32.44985628,78.56141282,RD-13,69,118,Truck,Medium,Fog,5609,Slippery,No,None,No,48.99,82.13,2023,3,12,8,Sunday,0,0
5111,2019-03-20 17:19:00,23.42366559,96.88287722,RD-318,290,15,Car,Very High,Rain,5064,Slippery,No,None,No,49.1,62.19,2019,3,20,17,Wednesday,0,0
5112,2022-03-11 10:24:00,21.08331461,69.96774389,RD-48,352,25,Bike,Medium,Clear,753,Slippery,No,None,No,45.95,75.11,2022,3,11,10,Friday,0,0
5113,2020-01-30 23:43:00,17.25223304,93.89932943,RD-30,276,30,Truck,Low,Clear,8195,Dry,No,None,No,38.02,38.4,2020,1,30,23,Thursday,0,0
5114,2022-10-07 10:56:00,12.55154743,70.16189586,RD-481,358,19,Mixed,Low,Clear,4266,Under Maintenance,No,None,No,41.03,50.9,2022,10,7,10,Friday,0,0
5115,2020-03-21 04:56:00,36.71287955,69.22373686,RD-305,350,28,Bike,Low,Fog,5668,Slippery,Yes,Minor,No,28.56,53.37,2020,3,21,4,Saturday,1,0
5116,2023-09-17 14:35:00,8.746245198,95.25824598,RD-337,328,64,Mixed,Medium,Storm,345,Wet,No,None,No,38.92,60.68,2023,9,17,14,Sunday,0,0
5117,2023-03-10 10:56:00,17.04266115,93.15117619,RD-458,393,86,Bus,Medium,Storm,6989,Under Maintenance,No,None,No,33.67,85.74,2023,3,10,10,Friday,0,0
5118,2018-10-14 23:42:00,30.31200391,78.48529061,RD-428,163,76,Mixed,Medium,Fog,4514,Wet,No,None,Yes,34.46,82.46,2018,10,14,23,Sunday,0,1
5119,2018-02-14 21:38:00,23.09618653,95.76843346,RD-112,50,109,Mixed,High,Rain,5486,Dry,No,None,No,42.73,38.07,2018,2,14,21,Wednesday,0,0
5120,2022-05-28 01:28:00,17.10179212,92.99384945,RD-487,318,39,Bus,High,Fog,6654,Dry,No,None,No,28.46,40.37,2022,5,28,1,Saturday,0,0
5121,2023-01-29 18:42:00,36.78943987,94.1575034,RD-307,494,32,Car,Very High,Clear,9276,Dry,No,None,Yes,29.54,51.46,2023,1,29,18,Sunday,0,1
5122,2021-01-24 01:10:00,25.95591968,85.2583491,RD-327,212,33,Bus,Medium,Rain,7002,Wet,No,None,No,47.74,47.44,2021,1,24,1,Sunday,0,0
5123,2021-12-07 11:59:00,16.55951771,95.79152755,RD-63,239,115,Mixed,Low,Snow,8778,Slippery,No,None,No,21.69,66.89,2021,12,7,11,Tuesday,0,0
5124,2022-07-30 07:00:00,32.59064115,91.47788402,RD-363,161,56,Car,Low,Rain,7228,Wet,No,None,No,34.57,84.17,2022,7,30,7,Saturday,0,0
5125,2019-12-24 08:53:00,12.3547604,95.25863295,RD-491,346,114,Bike,Medium,Fog,1837,Dry,No,None,No,47.38,87.74,2019,12,24,8,Tuesday,0,0
5126,2022-12-07 03:47:00,21.44364817,76.16381713,RD-62,466,66,Truck,Very High,Clear,9548,Wet,No,None,No,38.31,69.22,2022,12,7,3,Wednesday,0,0
5127,2020-06-15 13:03:00,32.34807509,83.43082945,RD-45,465,60,Car,Low,Rain,2481,Slippery,No,None,Yes,36.39,80.29,2020,6,15,13,Monday,0,1
5128,2019-10-12 22:42:00,36.52608352,93.16222205,RD-439,103,6,Mixed,Very High,Storm,252,Slippery,No,None,No,27.49,61.51,2019,10,12,22,Saturday,0,0
5129,2023-06-14 15:03:00,19.10867018,84.81214219,RD-310,400,86,Bike,Medium,Rain,6548,Dry,Yes,Major,No,30.3,42.5,2023,6,14,15,Wednesday,1,0
5130,2021-11-24 11:37:00,12.00518011,91.23185244,RD-67,137,69,Car,High,Snow,6227,Wet,No,None,No,45.56,61.48,2021,11,24,11,Wednesday,0,0
5131,2018-06-05 13:40:00,24.44095608,96.21981206,RD-193,238,67,Truck,Low,Rain,7948,Under Maintenance,Yes,Major,No,36.78,63.3,2018,6,5,13,Tuesday,1,0
5132,2020-02-20 21:06:00,35.37579811,91.33232219,RD-337,480,64,Mixed,Very High,Rain,3155,Dry,No,None,No,35.44,74.55,2020,2,20,21,Thursday,0,0
5133,2018-08-06 14:54:00,27.30274035,77.145429,RD-392,82,70,Bus,High,Rain,7434,Dry,No,None,No,22.99,43.19,2018,8,6,14,Monday,0,0
5134,2022-03-12 19:47:00,25.46262664,71.4422823,RD-461,92,113,Truck,Very High,Clear,2557,Dry,No,None,No,20.48,52.1,2022,3,12,19,Saturday,0,0
5135,2021-09-23 04:58:00,16.96946733,75.90965795,RD-332,245,113,Truck,High,Fog,2482,Under Maintenance,No,None,No,48.91,51.84,2021,9,23,4,Thursday,0,0
5136,2022-08-28 12:58:00,25.58385478,87.22094253,RD-290,201,18,Truck,Medium,Clear,5338,Dry,No,None,No,31.31,87.57,2022,8,28,12,Sunday,0,0
5137,2022-09-18 10:29:00,33.65566193,68.31738648,RD-412,465,32,Truck,High,Rain,5148,Wet,No,None,No,38.1,56.64,2022,9,18,10,Sunday,0,0
5138,2019-09-29 15:00:00,18.89025367,73.50184309,RD-496,377,48,Bike,Low,Storm,778,Dry,No,None,No,22.39,75.31,2019,9,29,15,Sunday,0,0
5139,2023-11-29 19:34:00,15.01955596,77.48017671,RD-95,55,64,Car,Medium,Storm,3150,Slippery,No,None,No,40.49,75.05,2023,11,29,19,Wednesday,0,0
5140,2020-05-10 07:46:00,21.94776959,93.38152337,RD-459,471,25,Truck,Medium,Storm,5570,Dry,No,None,No,47.98,45.93,2020,5,10,7,Sunday,0,0
5141,2023-08-22 18:07:00,18.90944604,69.4791203,RD-57,60,88,Truck,Low,Rain,5274,Slippery,No,None,No,37.27,64.31,2023,8,22,18,Tuesday,0,0
5142,2018-02-02 12:39:00,21.62785381,69.44814863,RD-357,229,38,Mixed,High,Rain,4043,Wet,Yes,Minor,No,23.78,83.66,2018,2,2,12,Friday,1,0
5143,2020-07-20 08:45:00,10.77615956,84.0016939,RD-95,108,102,Bus,Medium,Snow,9794,Dry,No,None,No,37.45,58.51,2020,7,20,8,Monday,0,0
5144,2022-12-10 02:09:00,17.75008998,73.15522131,RD-130,464,114,Mixed,Medium,Snow,8017,Wet,No,None,Yes,42.99,86.71,2022,12,10,2,Saturday,0,1
5145,2019-01-24 17:51:00,31.9698864,75.02424022,RD-151,399,58,Car,Medium,Fog,1745,Slippery,No,None,No,32.19,42.87,2019,1,24,17,Thursday,0,0
5146,2023-10-05 20:02:00,19.60931217,73.34284693,RD-240,295,43,Bike,Very High,Rain,6024,Slippery,No,None,No,46.4,34.45,2023,10,5,20,Thursday,0,0
5147,2023-06-04 05:27:00,36.06895793,84.86660699,RD-339,110,8,Bus,Low,Rain,5898,Wet,No,None,No,39.46,83.49,2023,6,4,5,Sunday,0,0
5148,2018-03-01 01:15:00,28.55649952,69.61088474,RD-480,153,111,Mixed,Low,Storm,5331,Dry,No,None,No,46.98,80.86,2018,3,1,1,Thursday,0,0
5149,2020-09-26 16:21:00,18.61506101,95.26000083,RD-39,244,32,Mixed,Medium,Snow,3162,Wet,Yes,Major,No,38.71,89.56,2020,9,26,16,Saturday,1,0
5150,2022-12-05 16:41:00,15.29824697,71.57101318,RD-328,384,43,Bike,Medium,Clear,9361,Dry,No,None,No,23.94,70.76,2022,12,5,16,Monday,0,0
5151,2023-04-13 13:19:00,27.87567163,95.59626956,RD-233,322,69,Bike,Low,Snow,9295,Slippery,No,None,No,29.29,86.2,2023,4,13,13,Thursday,0,0
5152,2022-04-05 15:46:00,16.77094821,90.56574188,RD-473,458,49,Bus,High,Fog,3963,Dry,No,None,Yes,26.05,79.62,2022,4,5,15,Tuesday,0,1
5153,2018-03-18 16:27:00,34.87989178,92.0124607,RD-142,371,76,Truck,Medium,Clear,9134,Under Maintenance,No,None,No,47.26,80.67,2018,3,18,16,Sunday,0,0
5154,2022-07-15 02:18:00,11.37374056,73.0114388,RD-394,326,65,Bike,Very High,Storm,8957,Slippery,No,None,No,42.81,64.15,2022,7,15,2,Friday,0,0
5155,2019-07-18 17:45:00,8.833469703,87.41976552,RD-219,282,64,Mixed,Low,Snow,1903,Slippery,No,None,Yes,40.29,52.94,2019,7,18,17,Thursday,0,1
5156,2021-09-14 04:55:00,14.40977649,91.69509239,RD-355,456,20,Mixed,High,Rain,4452,Wet,No,None,No,29.03,86.07,2021,9,14,4,Tuesday,0,0
5157,2022-06-12 06:08:00,25.59195487,84.18303066,RD-463,254,55,Truck,High,Fog,6415,Dry,No,None,No,25.52,55.93,2022,6,12,6,Sunday,0,0
5158,2019-07-21 12:10:00,32.21389806,83.98116653,RD-342,257,116,Truck,Low,Fog,5590,Wet,No,None,No,42.69,62.33,2019,7,21,12,Sunday,0,0
5159,2023-10-04 19:49:00,12.93371403,72.62298676,RD-395,272,49,Bike,Very High,Clear,2273,Under Maintenance,No,None,No,34.22,56.77,2023,10,4,19,Wednesday,0,0
5160,2021-03-10 14:01:00,24.95696291,80.01274249,RD-395,172,35,Truck,Medium,Clear,4907,Wet,No,None,Yes,26.77,63.89,2021,3,10,14,Wednesday,0,1
5161,2020-09-01 22:47:00,12.1804399,72.36565884,RD-166,130,11,Mixed,Low,Fog,1392,Dry,No,None,No,38.5,58.23,2020,9,1,22,Tuesday,0,0
5162,2020-07-20 14:27:00,24.3321808,96.212875,RD-132,206,55,Bike,Very High,Snow,3519,Slippery,No,None,No,21.21,32.88,2020,7,20,14,Monday,0,0
5163,2020-05-10 14:02:00,8.527286065,87.86065025,RD-83,356,9,Bus,Low,Rain,7108,Dry,No,None,No,29.79,82.92,2020,5,10,14,Sunday,0,0
5164,2022-03-18 01:59:00,24.17640556,69.40423585,RD-400,39,70,Car,High,Storm,2873,Dry,No,None,No,34.06,56.66,2022,3,18,1,Friday,0,0
5165,2019-02-07 22:51:00,23.1314993,81.82626949,RD-38,181,45,Bike,Medium,Rain,402,Slippery,No,None,No,24.44,65.34,2019,2,7,22,Thursday,0,0
5166,2018-10-30 23:59:00,9.242590239,86.50096035,RD-142,115,116,Bus,High,Snow,4261,Slippery,No,None,No,49.54,38.35,2018,10,30,23,Tuesday,0,0
5167,2021-12-09 19:43:00,27.99308984,70.77357104,RD-398,492,72,Mixed,Low,Clear,252,Under Maintenance,No,None,Yes,26.27,30.2,2021,12,9,19,Thursday,0,1
5168,2022-12-18 11:12:00,24.595382,87.28466868,RD-32,217,14,Bike,Very High,Storm,948,Slippery,No,None,No,23.91,44.72,2022,12,18,11,Sunday,0,0
5169,2023-12-03 05:39:00,26.06982109,73.14185213,RD-196,399,103,Bike,Low,Rain,1401,Dry,Yes,Major,No,26.11,72.28,2023,12,3,5,Sunday,1,0
5170,2020-02-06 22:30:00,23.36344445,79.82850274,RD-199,473,69,Bike,Medium,Rain,2987,Slippery,No,None,No,43.07,35.95,2020,2,6,22,Thursday,0,0
5171,2018-04-17 08:55:00,28.93781504,86.1410676,RD-171,65,107,Truck,Low,Storm,9151,Dry,No,None,Yes,32.77,84.53,2018,4,17,8,Tuesday,0,1
5172,2018-04-10 22:49:00,23.22511207,78.58656951,RD-31,145,7,Truck,Low,Fog,3752,Slippery,No,None,No,36.96,42.9,2018,4,10,22,Tuesday,0,0
5173,2018-05-03 19:28:00,34.7458233,79.04564173,RD-133,477,47,Mixed,High,Storm,9396,Slippery,No,None,No,20.63,42.28,2018,5,3,19,Thursday,0,0
5174,2021-07-25 01:33:00,35.36177066,92.46484369,RD-490,390,49,Bus,Medium,Rain,2662,Under Maintenance,No,None,No,21.03,40.89,2021,7,25,1,Sunday,0,0
5175,2023-02-27 22:33:00,29.07358926,76.96868041,RD-417,232,30,Bike,Low,Storm,8329,Slippery,No,None,No,33.37,30.84,2023,2,27,22,Monday,0,0
5176,2020-12-27 14:49:00,34.44109793,87.00063539,RD-136,29,85,Car,Medium,Rain,5628,Under Maintenance,Yes,None,No,44.5,76.31,2020,12,27,14,Sunday,1,0
5177,2019-09-03 12:57:00,34.77148984,92.62542715,RD-92,466,46,Car,Medium,Snow,1162,Dry,No,None,No,46.56,82.5,2019,9,3,12,Tuesday,0,0
5178,2018-01-03 17:08:00,15.59795545,72.4268263,RD-226,295,76,Car,Very High,Fog,7722,Under Maintenance,No,None,No,22.6,66.85,2018,1,3,17,Wednesday,0,0
5179,2022-02-20 12:01:00,36.82396066,69.33191139,RD-36,455,34,Truck,Very High,Storm,3455,Wet,No,None,No,36.15,41.29,2022,2,20,12,Sunday,0,0
5180,2021-03-15 23:54:00,15.75566804,91.94048727,RD-252,342,76,Mixed,High,Snow,8550,Dry,No,None,No,47.4,47.12,2021,3,15,23,Monday,0,0
5181,2018-02-13 06:23:00,8.537637035,83.98279296,RD-476,35,97,Bike,High,Snow,2699,Dry,No,None,No,31.64,58.56,2018,2,13,6,Tuesday,0,0
5182,2020-01-09 03:07:00,35.90452394,92.00333767,RD-103,75,119,Mixed,Very High,Fog,300,Wet,Yes,Fatal,No,44.89,87.26,2020,1,9,3,Thursday,1,0
5183,2022-08-10 08:00:00,14.48782322,74.17803339,RD-313,70,119,Truck,Low,Clear,4038,Wet,No,None,No,24.01,44.84,2022,8,10,8,Wednesday,0,0
5184,2021-02-21 00:48:00,24.93950503,92.14633446,RD-202,498,86,Bike,Low,Storm,6516,Wet,No,None,Yes,48.06,73.9,2021,2,21,0,Sunday,0,1
5185,2019-06-11 13:09:00,36.14937657,70.764002,RD-92,454,28,Bike,Medium,Fog,7476,Dry,No,None,No,42.54,56.37,2019,6,11,13,Tuesday,0,0
5186,2018-11-30 06:17:00,9.434061464,93.61288799,RD-331,54,77,Mixed,High,Fog,2026,Under Maintenance,Yes,Minor,No,48.24,47.87,2018,11,30,6,Friday,1,0
5187,2021-04-19 12:16:00,15.81004666,91.85347622,RD-252,311,88,Car,Very High,Rain,1596,Slippery,No,None,No,40.3,57.35,2021,4,19,12,Monday,0,0
5188,2021-03-10 19:44:00,25.65589521,84.45270726,RD-56,289,48,Car,Low,Fog,1453,Wet,No,None,No,30.9,34.27,2021,3,10,19,Wednesday,0,0
5189,2023-11-21 10:56:00,30.11418364,85.6418569,RD-74,342,17,Bus,Very High,Fog,3976,Slippery,No,None,No,48.15,77.92,2023,11,21,10,Tuesday,0,0
5190,2021-01-17 18:27:00,31.41362696,78.02948171,RD-277,124,41,Bus,Medium,Storm,4170,Dry,No,None,No,28.27,44.6,2021,1,17,18,Sunday,0,0
5191,2019-04-23 14:23:00,33.63151594,73.84686848,RD-394,25,23,Mixed,Very High,Fog,7883,Under Maintenance,No,None,No,29.97,73.52,2019,4,23,14,Tuesday,0,0
5192,2021-01-24 04:54:00,12.88464474,81.20770467,RD-221,347,9,Bike,Medium,Fog,316,Wet,Yes,Minor,Yes,41.02,34.1,2021,1,24,4,Sunday,1,1
5193,2023-02-16 09:41:00,18.73108259,87.06611133,RD-112,153,40,Truck,High,Clear,5175,Slippery,No,None,No,42.96,87.31,2023,2,16,9,Thursday,0,0
5194,2018-11-30 04:55:00,28.71337325,96.95548094,RD-315,331,92,Truck,Low,Snow,6016,Slippery,No,None,Yes,47.88,41.58,2018,11,30,4,Friday,0,1
5195,2021-01-10 06:55:00,28.7439911,91.70033891,RD-330,138,59,Bus,Low,Storm,734,Wet,Yes,Major,No,26.14,82.96,2021,1,10,6,Sunday,1,0
5196,2022-01-01 04:30:00,16.93358569,80.59492726,RD-55,83,56,Bus,Low,Clear,2607,Dry,No,None,Yes,43.94,78.57,2022,1,1,4,Saturday,0,1
5197,2019-03-21 13:04:00,16.82246812,89.55418773,RD-468,34,38,Truck,High,Storm,3166,Under Maintenance,No,None,Yes,42.16,88.07,2019,3,21,13,Thursday,0,1
5198,2023-10-04 09:35:00,17.29861839,71.13337758,RD-227,23,115,Car,Medium,Snow,790,Wet,No,None,No,21.91,58.67,2023,10,4,9,Wednesday,0,0
5199,2023-01-31 10:32:00,33.8703255,80.03604536,RD-367,218,12,Mixed,Low,Fog,6420,Slippery,No,None,No,31.62,73.64,2023,1,31,10,Tuesday,0,0
5200,2022-08-06 00:00:00,34.37581212,80.32281288,RD-133,475,114,Bus,High,Fog,3016,Slippery,No,None,No,28.48,52.24,2022,8,6,0,Saturday,0,0
5201,2020-10-12 04:56:00,8.429996792,96.96589053,RD-53,144,8,Bus,Low,Rain,8927,Under Maintenance,No,None,Yes,29.13,41.06,2020,10,12,4,Monday,0,1
5202,2018-11-01 08:20:00,17.42547536,79.33943395,RD-18,30,112,Truck,Low,Snow,6771,Slippery,Yes,Fatal,No,49.49,56.58,2018,11,1,8,Thursday,1,0
5203,2021-03-05 00:34:00,19.36903029,70.41516648,RD-38,358,106,Car,High,Fog,697,Dry,No,None,Yes,39.28,39.94,2021,3,5,0,Friday,0,1
5204,2023-06-17 12:39:00,36.48917907,69.94961059,RD-37,100,76,Truck,Low,Storm,2612,Under Maintenance,No,None,No,41.53,88.92,2023,6,17,12,Saturday,0,0
5205,2018-05-26 10:07:00,35.38086677,88.25314716,RD-293,58,77,Bus,Low,Storm,3988,Slippery,No,None,No,49.3,35.77,2018,5,26,10,Saturday,0,0
5206,2022-11-03 13:20:00,26.22142833,76.3836996,RD-373,397,45,Truck,Very High,Rain,9325,Under Maintenance,No,None,Yes,31.32,65.35,2022,11,3,13,Thursday,0,1
5207,2021-04-16 07:01:00,9.328353738,93.19848998,RD-129,21,116,Mixed,Very High,Fog,4479,Wet,No,None,No,44.06,67.59,2021,4,16,7,Friday,0,0
5208,2019-09-21 11:04:00,13.54529459,82.00548312,RD-398,31,45,Bus,Medium,Storm,2533,Dry,No,None,Yes,33.04,62.28,2019,9,21,11,Saturday,0,1
5209,2019-07-04 09:00:00,20.59198154,77.58079915,RD-229,369,35,Bus,High,Snow,1200,Slippery,No,None,No,46.09,69.73,2019,7,4,9,Thursday,0,0
5210,2020-01-29 09:44:00,35.81203312,90.01432049,RD-10,171,99,Bus,Very High,Rain,6156,Dry,No,None,No,25.42,36.97,2020,1,29,9,Wednesday,0,0
5211,2021-03-01 19:27:00,10.74642729,80.10844283,RD-460,419,64,Bus,Very High,Fog,4157,Dry,No,None,No,48.43,63.3,2021,3,1,19,Monday,0,0
5212,2022-03-29 12:25:00,30.94921821,89.3841165,RD-255,165,55,Bus,Low,Fog,6078,Wet,No,None,No,26.56,47.23,2022,3,29,12,Tuesday,0,0
5213,2020-12-11 14:24:00,13.54456258,88.708666,RD-77,412,44,Bike,Very High,Rain,2967,Wet,Yes,None,No,29.79,86.41,2020,12,11,14,Friday,1,0
5214,2022-07-25 09:01:00,22.72768212,88.97313173,RD-335,168,75,Bike,Medium,Clear,1849,Wet,No,None,No,42.69,75.72,2022,7,25,9,Monday,0,0
5215,2019-09-02 02:45:00,30.24215368,92.8565343,RD-328,279,29,Truck,Low,Storm,9229,Dry,Yes,Fatal,No,31.81,88.35,2019,9,2,2,Monday,1,0
5216,2021-09-09 06:05:00,28.08236509,92.60358253,RD-1,96,81,Bike,Low,Storm,3398,Slippery,No,None,No,38.25,32.25,2021,9,9,6,Thursday,0,0
5217,2020-11-05 01:09:00,30.49668676,87.27363926,RD-478,346,73,Bus,Medium,Rain,6925,Dry,No,None,No,33.34,47.11,2020,11,5,1,Thursday,0,0
5218,2019-06-20 00:32:00,31.59418803,95.75189429,RD-20,416,65,Bus,Low,Fog,2193,Wet,No,None,No,42.27,41.73,2019,6,20,0,Thursday,0,0
5219,2022-09-29 06:47:00,16.86653032,68.60109718,RD-341,218,22,Bus,Medium,Clear,1958,Dry,No,None,No,26.85,30.67,2022,9,29,6,Thursday,0,0
5220,2023-01-03 23:04:00,18.55688726,94.98226442,RD-200,17,75,Bike,Medium,Snow,2893,Under Maintenance,No,None,Yes,21.75,44.54,2023,1,3,23,Tuesday,0,1
5221,2019-12-29 10:36:00,31.65653756,72.29934919,RD-137,175,42,Bike,Medium,Fog,5056,Slippery,Yes,Fatal,No,29.0,70.73,2019,12,29,10,Sunday,1,0
5222,2019-04-02 04:44:00,9.120650243,74.13764899,RD-78,19,68,Car,Very High,Storm,1019,Dry,No,None,No,34.23,43.87,2019,4,2,4,Tuesday,0,0
5223,2021-04-19 06:36:00,22.91918623,91.70457242,RD-359,39,58,Bus,Low,Rain,9755,Dry,No,None,No,25.04,60.54,2021,4,19,6,Monday,0,0
5224,2018-07-10 10:06:00,34.69173384,79.612629,RD-169,272,110,Car,High,Clear,5034,Slippery,No,None,No,30.64,83.27,2018,7,10,10,Tuesday,0,0
5225,2018-05-07 09:05:00,33.66511579,80.33400282,RD-464,267,83,Car,Very High,Storm,9830,Slippery,No,None,No,32.0,71.63,2018,5,7,9,Monday,0,0
5226,2021-06-04 17:04:00,31.32481419,75.57558187,RD-201,287,53,Car,High,Storm,2500,Dry,No,None,No,21.72,53.68,2021,6,4,17,Friday,0,0
5227,2021-08-27 21:56:00,8.62491631,74.50879465,RD-295,142,49,Bus,Low,Fog,1173,Dry,No,None,No,37.5,52.35,2021,8,27,21,Friday,0,0
5228,2023-06-22 14:16:00,33.74292527,71.08097319,RD-2,460,66,Bike,Medium,Rain,3607,Slippery,Yes,None,No,46.53,57.34,2023,6,22,14,Thursday,1,0
5229,2022-07-09 20:22:00,34.43825503,73.70636539,RD-264,466,101,Bus,High,Clear,9994,Dry,No,None,No,24.55,40.62,2022,7,9,20,Saturday,0,0
5230,2021-10-25 02:50:00,27.24643176,84.43564408,RD-363,206,56,Bike,Very High,Fog,8880,Wet,No,None,No,37.93,68.04,2021,10,25,2,Monday,0,0
5231,2022-11-26 21:56:00,16.66850305,88.49165758,RD-482,65,35,Bus,Medium,Snow,5075,Wet,No,None,Yes,39.94,51.85,2022,11,26,21,Saturday,0,1
5232,2022-11-16 11:11:00,22.20789377,89.42633901,RD-395,285,60,Mixed,High,Storm,8457,Wet,No,None,No,32.58,81.14,2022,11,16,11,Wednesday,0,0
5233,2019-05-19 05:26:00,30.1159632,78.73357267,RD-252,486,77,Mixed,Low,Fog,5127,Wet,No,None,No,41.03,75.39,2019,5,19,5,Sunday,0,0
5234,2022-07-13 19:11:00,31.57783168,94.73668851,RD-245,207,23,Bus,High,Storm,2546,Wet,No,None,No,32.32,66.63,2022,7,13,19,Wednesday,0,0
5235,2018-04-02 03:54:00,17.95697558,77.53311364,RD-224,333,74,Bus,Very High,Fog,1077,Slippery,No,None,No,35.14,51.85,2018,4,2,3,Monday,0,0
5236,2023-05-08 14:56:00,17.45594675,71.22296266,RD-207,493,58,Bus,Low,Rain,1546,Dry,No,None,No,20.22,42.6,2023,5,8,14,Monday,0,0
5237,2019-03-11 04:07:00,29.34925524,95.4114603,RD-433,194,104,Mixed,Medium,Clear,7700,Wet,No,None,No,40.75,76.57,2019,3,11,4,Monday,0,0
5238,2021-08-02 16:06:00,27.90432058,83.6796371,RD-373,30,100,Bus,Very High,Rain,6448,Dry,No,None,No,39.84,59.18,2021,8,2,16,Monday,0,0
5239,2022-07-06 05:02:00,22.88271905,96.16991044,RD-400,26,32,Truck,Medium,Storm,2209,Slippery,Yes,None,No,21.15,43.49,2022,7,6,5,Wednesday,1,0
5240,2021-09-14 12:19:00,20.18755343,79.41633004,RD-416,88,63,Truck,Low,Storm,5056,Slippery,No,None,Yes,31.05,41.71,2021,9,14,12,Tuesday,0,1
5241,2022-03-31 09:34:00,27.05763255,89.96440522,RD-403,36,66,Truck,High,Fog,919,Wet,No,None,Yes,49.37,39.92,2022,3,31,9,Thursday,0,1
5242,2021-12-22 16:43:00,8.94056629,71.18816508,RD-36,176,54,Bus,Very High,Fog,9383,Dry,No,None,No,32.62,76.63,2021,12,22,16,Wednesday,0,0
5243,2021-06-27 13:19:00,10.1949977,92.76829482,RD-277,348,42,Car,Medium,Fog,7786,Under Maintenance,No,None,No,35.06,43.74,2021,6,27,13,Sunday,0,0
5244,2023-09-24 18:36:00,24.61951588,72.95029436,RD-116,244,14,Car,Low,Storm,4395,Slippery,No,None,Yes,47.3,61.6,2023,9,24,18,Sunday,0,1
5245,2018-04-27 07:34:00,14.09808348,69.99169311,RD-2,460,39,Bike,Low,Clear,7048,Slippery,No,None,No,41.52,57.09,2018,4,27,7,Friday,0,0
5246,2021-07-20 19:56:00,30.46873586,70.83484488,RD-197,485,50,Truck,High,Snow,963,Slippery,No,None,No,37.46,64.78,2021,7,20,19,Tuesday,0,0
5247,2023-07-06 16:06:00,30.39855526,84.16389219,RD-489,120,28,Mixed,Very High,Snow,3598,Under Maintenance,No,None,No,43.93,82.63,2023,7,6,16,Thursday,0,0
5248,2019-09-03 01:24:00,28.58890034,76.46433268,RD-353,223,102,Truck,High,Snow,5944,Wet,No,None,No,45.93,82.06,2019,9,3,1,Tuesday,0,0
5249,2021-12-21 09:37:00,34.20447788,95.86767537,RD-419,380,119,Truck,Low,Snow,4273,Wet,No,None,No,33.71,57.06,2021,12,21,9,Tuesday,0,0
5250,2020-08-04 23:12:00,12.08421321,92.72762118,RD-400,378,77,Bike,High,Rain,1591,Slippery,No,None,No,34.25,30.92,2020,8,4,23,Tuesday,0,0
5251,2022-01-17 12:31:00,15.51796979,91.29592469,RD-247,207,95,Truck,Very High,Clear,1042,Dry,No,None,No,31.58,55.59,2022,1,17,12,Monday,0,0
5252,2018-01-07 04:30:00,15.31667891,91.47951552,RD-63,488,102,Car,Low,Snow,7408,Wet,No,None,Yes,49.0,66.37,2018,1,7,4,Sunday,0,1
5253,2019-07-18 11:04:00,30.68927161,93.82964251,RD-291,206,83,Mixed,Medium,Clear,9418,Wet,No,None,No,40.91,63.47,2019,7,18,11,Thursday,0,0
5254,2021-12-07 02:15:00,23.11899509,93.09109319,RD-275,22,95,Car,Low,Clear,5137,Under Maintenance,No,None,No,22.5,69.08,2021,12,7,2,Tuesday,0,0
5255,2019-04-02 01:49:00,15.32759791,94.91801933,RD-479,122,95,Truck,High,Snow,3091,Slippery,No,None,No,45.89,39.24,2019,4,2,1,Tuesday,0,0
5256,2023-04-30 20:08:00,11.95638711,95.09662337,RD-184,107,36,Bus,High,Rain,7932,Slippery,No,None,No,34.42,68.79,2023,4,30,20,Sunday,0,0
5257,2021-09-07 07:13:00,33.89747371,76.65131844,RD-171,315,113,Mixed,High,Fog,8685,Wet,No,None,No,22.06,40.96,2021,9,7,7,Tuesday,0,0
5258,2019-03-26 05:55:00,28.07174235,74.36736092,RD-350,147,31,Mixed,High,Fog,6078,Under Maintenance,No,None,No,36.49,75.03,2019,3,26,5,Tuesday,0,0
5259,2023-03-02 10:33:00,23.32722476,86.6498458,RD-156,65,30,Bike,Low,Rain,5323,Under Maintenance,No,None,No,32.51,50.35,2023,3,2,10,Thursday,0,0
5260,2022-07-31 07:35:00,35.99865516,71.57660523,RD-206,113,48,Bike,Very High,Storm,3649,Slippery,No,None,No,46.33,72.59,2022,7,31,7,Sunday,0,0
5261,2020-03-03 14:49:00,32.63813754,74.1232083,RD-29,241,21,Mixed,Low,Snow,6160,Under Maintenance,No,None,Yes,26.12,32.87,2020,3,3,14,Tuesday,0,1
5262,2019-10-18 06:50:00,13.1655199,90.4157435,RD-324,181,20,Mixed,Very High,Storm,6105,Dry,No,None,No,44.79,54.47,2019,10,18,6,Friday,0,0
5263,2019-06-23 23:49:00,22.73578722,86.8307274,RD-491,37,103,Car,Low,Clear,5622,Dry,Yes,Minor,No,36.73,72.3,2019,6,23,23,Sunday,1,0
5264,2020-07-14 15:27:00,22.0962809,86.8747067,RD-332,478,30,Truck,Low,Fog,610,Under Maintenance,No,None,No,21.64,43.61,2020,7,14,15,Tuesday,0,0
5265,2023-05-06 09:45:00,32.48430621,95.56851639,RD-47,302,106,Mixed,Very High,Storm,3378,Slippery,No,None,No,49.16,77.72,2023,5,6,9,Saturday,0,0
5266,2020-04-06 13:01:00,12.32355407,87.36110938,RD-188,301,60,Bus,High,Clear,3555,Under Maintenance,No,None,No,35.38,67.85,2020,4,6,13,Monday,0,0
5267,2022-04-03 20:46:00,21.10180089,80.49340729,RD-274,449,98,Truck,Very High,Clear,3968,Wet,No,None,No,28.73,65.25,2022,4,3,20,Sunday,0,0
5268,2022-04-09 18:17:00,26.45967605,76.12964059,RD-437,101,110,Mixed,Very High,Rain,4881,Dry,No,None,Yes,34.08,51.21,2022,4,9,18,Saturday,0,1
5269,2021-11-18 03:07:00,35.41238383,77.81810609,RD-492,214,41,Bike,Medium,Clear,937,Wet,No,None,Yes,45.74,58.95,2021,11,18,3,Thursday,0,1
5270,2018-07-03 16:38:00,34.07868311,76.05659104,RD-175,322,82,Bike,Medium,Storm,3006,Dry,No,None,No,29.15,65.84,2018,7,3,16,Tuesday,0,0
5271,2019-08-04 06:16:00,23.48158823,69.01465389,RD-42,45,86,Bike,High,Clear,4684,Wet,No,None,No,25.78,58.35,2019,8,4,6,Sunday,0,0
5272,2018-10-21 12:44:00,25.59490293,75.58564665,RD-431,138,96,Bus,Medium,Snow,7771,Dry,No,None,Yes,23.87,71.9,2018,10,21,12,Sunday,0,1
5273,2019-05-25 18:27:00,32.71963895,92.22573197,RD-236,180,108,Car,Low,Rain,3070,Slippery,No,None,No,28.94,56.02,2019,5,25,18,Saturday,0,0
5274,2022-03-31 21:58:00,29.58725969,89.11864079,RD-390,402,20,Truck,Medium,Snow,8485,Wet,No,None,No,43.4,42.14,2022,3,31,21,Thursday,0,0
5275,2019-07-03 18:38:00,33.50073266,86.03330922,RD-393,477,6,Car,Very High,Storm,5864,Slippery,No,None,No,34.15,42.84,2019,7,3,18,Wednesday,0,0
5276,2021-08-01 16:05:00,33.98198782,94.16395562,RD-149,372,88,Car,Low,Clear,2439,Wet,No,None,No,26.82,30.35,2021,8,1,16,Sunday,0,0
5277,2021-10-27 15:28:00,32.14499458,75.65962622,RD-332,371,34,Car,Very High,Storm,8137,Dry,No,None,No,24.99,48.06,2021,10,27,15,Wednesday,0,0
5278,2021-06-29 22:32:00,8.271968087,84.75284878,RD-104,474,77,Bike,Low,Clear,9868,Wet,No,None,No,29.98,74.94,2021,6,29,22,Tuesday,0,0
5279,2022-08-07 18:29:00,17.01708232,68.90846631,RD-91,204,59,Truck,Very High,Clear,7556,Wet,No,None,Yes,48.2,77.65,2022,8,7,18,Sunday,0,1
5280,2021-09-25 02:11:00,19.70199264,93.86818982,RD-284,380,67,Bike,Low,Clear,4953,Under Maintenance,No,None,No,30.29,42.15,2021,9,25,2,Saturday,0,0
5281,2021-06-06 06:21:00,27.65954371,80.98437144,RD-21,41,119,Car,High,Rain,7028,Under Maintenance,No,None,No,49.64,87.54,2021,6,6,6,Sunday,0,0
5282,2022-10-15 08:13:00,16.89896846,73.15827147,RD-496,128,68,Mixed,Very High,Storm,5398,Wet,No,None,No,34.56,60.14,2022,10,15,8,Saturday,0,0
5283,2018-06-23 18:29:00,17.3831858,74.94018191,RD-197,389,69,Bus,Very High,Rain,2910,Wet,No,None,No,25.37,85.02,2018,6,23,18,Saturday,0,0
5284,2020-08-25 15:45:00,19.60588815,92.59893327,RD-339,492,31,Bus,Low,Clear,5625,Wet,No,None,No,46.73,72.41,2020,8,25,15,Tuesday,0,0
5285,2023-07-22 19:18:00,35.70467441,71.15537874,RD-98,79,13,Car,Very High,Rain,1867,Dry,No,None,No,33.81,73.35,2023,7,22,19,Saturday,0,0
5286,2018-04-27 10:26:00,20.67757755,94.83087958,RD-154,323,88,Bike,High,Rain,6355,Under Maintenance,No,None,Yes,41.29,35.1,2018,4,27,10,Friday,0,1
5287,2019-10-26 18:40:00,12.07949447,78.83041702,RD-357,445,95,Truck,Very High,Fog,9700,Slippery,No,None,No,49.51,43.2,2019,10,26,18,Saturday,0,0
5288,2022-10-29 19:57:00,8.184318394,75.28147268,RD-200,207,43,Bike,High,Rain,8287,Wet,No,None,No,21.51,30.53,2022,10,29,19,Saturday,0,0
5289,2021-02-03 03:24:00,14.86176717,77.62390212,RD-459,354,39,Truck,Medium,Storm,3672,Under Maintenance,No,None,No,22.9,72.97,2021,2,3,3,Wednesday,0,0
5290,2020-09-17 01:10:00,35.22551592,79.86051337,RD-55,293,37,Mixed,Medium,Snow,6432,Dry,No,None,No,41.61,50.67,2020,9,17,1,Thursday,0,0
5291,2021-03-28 18:51:00,35.69478353,83.89528074,RD-323,240,17,Truck,Medium,Storm,7748,Under Maintenance,No,None,Yes,28.45,77.2,2021,3,28,18,Sunday,0,1
5292,2019-10-19 19:07:00,23.34103932,85.01741733,RD-353,202,82,Truck,High,Storm,2172,Wet,No,None,No,25.53,50.34,2019,10,19,19,Saturday,0,0
5293,2019-09-15 05:42:00,26.744537,80.98675898,RD-184,177,57,Mixed,High,Snow,5006,Slippery,No,None,No,21.18,79.16,2019,9,15,5,Sunday,0,0
5294,2023-07-30 13:08:00,31.08162229,80.94455333,RD-250,473,5,Bus,Low,Rain,746,Under Maintenance,No,None,Yes,20.66,37.84,2023,7,30,13,Sunday,0,1
5295,2023-08-05 16:07:00,9.620741131,76.27369379,RD-44,413,54,Truck,Very High,Snow,7337,Under Maintenance,No,None,No,43.23,40.4,2023,8,5,16,Saturday,0,0
5296,2021-07-25 17:53:00,18.85491167,79.13048303,RD-454,97,75,Mixed,High,Snow,8930,Under Maintenance,No,None,Yes,24.03,50.45,2021,7,25,17,Sunday,0,1
5297,2018-06-22 14:16:00,26.62517177,81.5470118,RD-324,472,51,Truck,Low,Storm,3434,Dry,No,None,No,34.03,54.51,2018,6,22,14,Friday,0,0
5298,2023-02-03 00:01:00,34.04934945,85.33005268,RD-225,124,101,Bike,Medium,Storm,2775,Under Maintenance,No,None,No,38.18,50.92,2023,2,3,0,Friday,0,0
5299,2023-11-23 19:59:00,29.07805727,71.79029649,RD-377,147,107,Mixed,Very High,Fog,3942,Wet,No,None,No,32.85,75.82,2023,11,23,19,Thursday,0,0
5300,2020-07-08 10:28:00,18.15178251,90.15524004,RD-98,85,56,Car,High,Clear,3588,Wet,No,None,No,20.81,35.82,2020,7,8,10,Wednesday,0,0
5301,2022-04-25 01:59:00,34.38948723,87.73656569,RD-72,455,38,Truck,Low,Rain,2624,Slippery,No,None,No,43.51,51.07,2022,4,25,1,Monday,0,0
5302,2020-11-26 15:17:00,27.273964,76.66426764,RD-19,302,114,Truck,Low,Snow,4677,Under Maintenance,No,None,No,20.32,80.23,2020,11,26,15,Thursday,0,0
5303,2022-09-26 11:55:00,32.0768233,81.32097433,RD-99,236,96,Bike,High,Storm,953,Under Maintenance,No,None,No,42.86,34.01,2022,9,26,11,Monday,0,0
5304,2019-06-17 12:02:00,19.17971871,95.46094046,RD-13,325,11,Bike,Medium,Storm,3049,Under Maintenance,No,None,No,46.8,86.54,2019,6,17,12,Monday,0,0
5305,2022-04-09 03:49:00,8.062606382,68.59384408,RD-369,100,50,Car,Low,Rain,1352,Under Maintenance,Yes,Major,No,32.99,89.18,2022,4,9,3,Saturday,1,0
5306,2019-10-14 16:12:00,12.81888923,91.52919636,RD-304,86,92,Mixed,High,Fog,6416,Wet,No,None,Yes,36.07,35.31,2019,10,14,16,Monday,0,1
5307,2022-05-01 12:18:00,34.8881451,82.84001644,RD-123,359,83,Car,High,Storm,1715,Dry,No,None,No,34.31,47.48,2022,5,1,12,Sunday,0,0
5308,2022-06-24 00:43:00,8.960596979,85.94556227,RD-251,380,28,Car,Low,Snow,7796,Dry,No,None,No,31.68,52.34,2022,6,24,0,Friday,0,0
5309,2019-04-01 17:30:00,25.28513854,87.85144425,RD-200,332,95,Bus,Very High,Rain,4935,Slippery,No,None,Yes,46.62,76.58,2019,4,1,17,Monday,0,1
5310,2018-11-29 22:01:00,19.8646977,81.22458549,RD-33,189,43,Car,Very High,Snow,3585,Under Maintenance,No,None,No,46.82,65.76,2018,11,29,22,Thursday,0,0
5311,2020-04-12 05:27:00,20.45778179,73.56392846,RD-406,428,66,Truck,Very High,Clear,9908,Dry,No,None,No,30.07,68.66,2020,4,12,5,Sunday,0,0
5312,2023-12-09 19:40:00,19.62373212,94.37812638,RD-277,377,71,Car,Low,Storm,8563,Slippery,No,None,No,38.45,75.45,2023,12,9,19,Saturday,0,0
5313,2022-08-27 10:57:00,9.955349025,89.46553193,RD-330,199,78,Bike,Low,Rain,3122,Dry,No,None,No,47.81,37.08,2022,8,27,10,Saturday,0,0
5314,2019-07-28 06:52:00,11.54758439,84.22810125,RD-158,405,80,Bike,High,Storm,3631,Under Maintenance,Yes,Major,No,48.86,79.99,2019,7,28,6,Sunday,1,0
5315,2018-09-25 19:03:00,9.825241118,81.00523529,RD-256,251,45,Truck,High,Clear,1940,Under Maintenance,Yes,None,No,35.27,72.34,2018,9,25,19,Tuesday,1,0
5316,2020-08-28 15:10:00,9.563327915,82.48061722,RD-274,38,33,Bus,High,Rain,3776,Under Maintenance,No,None,Yes,33.58,64.64,2020,8,28,15,Friday,0,1
5317,2022-09-15 21:46:00,10.48270749,91.88260803,RD-495,295,76,Car,Medium,Snow,4973,Wet,No,None,No,28.36,83.38,2022,9,15,21,Thursday,0,0
5318,2018-03-20 10:12:00,28.20189856,68.3625988,RD-428,159,78,Mixed,Medium,Snow,8663,Under Maintenance,No,None,Yes,48.77,72.02,2018,3,20,10,Tuesday,0,1
5319,2023-02-27 14:01:00,11.31195081,93.09471483,RD-416,346,21,Bike,Very High,Clear,866,Under Maintenance,No,None,No,24.28,42.1,2023,2,27,14,Monday,0,0
5320,2021-06-03 14:10:00,15.58329891,69.35580722,RD-231,318,13,Truck,High,Storm,8108,Wet,No,None,No,37.39,55.78,2021,6,3,14,Thursday,0,0
5321,2021-12-12 22:04:00,27.05152633,85.86147893,RD-495,228,110,Mixed,Low,Rain,1079,Under Maintenance,No,None,No,28.48,59.64,2021,12,12,22,Sunday,0,0
5322,2022-08-18 11:58:00,11.25570422,77.6605546,RD-9,287,19,Car,High,Snow,7959,Wet,No,None,No,28.37,33.31,2022,8,18,11,Thursday,0,0
5323,2018-04-08 09:39:00,34.39743121,87.6688521,RD-19,453,8,Car,High,Snow,5965,Dry,No,None,No,32.15,87.28,2018,4,8,9,Sunday,0,0
5324,2018-05-26 14:54:00,21.84704116,70.48074456,RD-174,314,25,Car,Very High,Storm,495,Dry,No,None,No,49.96,37.71,2018,5,26,14,Saturday,0,0
5325,2019-02-22 01:37:00,35.92866722,84.13074382,RD-29,442,75,Mixed,Medium,Clear,8500,Dry,No,None,No,21.65,71.85,2019,2,22,1,Friday,0,0
5326,2019-03-12 07:02:00,13.58281142,92.80179231,RD-173,400,52,Car,High,Clear,5630,Slippery,Yes,Fatal,No,37.36,60.37,2019,3,12,7,Tuesday,1,0
5327,2019-05-11 03:22:00,8.88810723,82.34449794,RD-404,55,12,Bus,Low,Clear,9185,Wet,No,None,No,22.48,31.54,2019,5,11,3,Saturday,0,0
5328,2022-02-23 11:07:00,25.11816083,70.44605145,RD-370,20,50,Mixed,Very High,Snow,6369,Slippery,No,None,Yes,24.64,85.48,2022,2,23,11,Wednesday,0,1
5329,2023-09-14 06:05:00,17.53341323,69.08397432,RD-22,25,88,Bike,Medium,Snow,5565,Under Maintenance,No,None,No,33.19,81.11,2023,9,14,6,Thursday,0,0
5330,2020-04-24 02:57:00,24.59932572,86.01483912,RD-208,191,11,Bus,High,Snow,5163,Slippery,Yes,Minor,No,35.31,61.46,2020,4,24,2,Friday,1,0
5331,2018-04-02 05:57:00,21.73585495,70.01638671,RD-61,194,114,Truck,Medium,Snow,3447,Dry,No,None,Yes,27.76,43.74,2018,4,2,5,Monday,0,1
5332,2019-11-17 00:18:00,21.25752884,70.06737729,RD-109,45,74,Car,Low,Snow,1737,Dry,No,None,Yes,29.49,37.3,2019,11,17,0,Sunday,0,1
5333,2023-03-05 14:49:00,32.68415139,80.33774567,RD-414,60,13,Truck,Low,Snow,1480,Dry,No,None,No,22.61,51.8,2023,3,5,14,Sunday,0,0
5334,2022-01-27 17:28:00,13.56318611,74.07574124,RD-335,159,82,Bike,High,Fog,8525,Wet,No,None,Yes,29.1,45.33,2022,1,27,17,Thursday,0,1
5335,2023-05-26 22:37:00,22.48941252,73.92168093,RD-342,497,52,Truck,Very High,Rain,1726,Slippery,No,None,No,49.0,60.4,2023,5,26,22,Friday,0,0
5336,2021-08-19 01:25:00,20.06412359,81.94831023,RD-268,430,104,Bike,Very High,Clear,491,Dry,No,None,No,48.34,87.98,2021,8,19,1,Thursday,0,0
5337,2019-09-29 23:13:00,27.53931321,76.14325009,RD-235,268,56,Truck,Very High,Rain,726,Wet,No,None,Yes,30.05,64.5,2019,9,29,23,Sunday,0,1
5338,2021-01-21 17:49:00,9.453847335,74.35872833,RD-482,300,33,Bike,Very High,Storm,1416,Slippery,No,None,Yes,37.13,83.4,2021,1,21,17,Thursday,0,1
5339,2020-08-08 05:46:00,23.35319282,82.91802016,RD-348,122,7,Mixed,Very High,Clear,7194,Under Maintenance,No,None,Yes,47.29,69.05,2020,8,8,5,Saturday,0,1
5340,2022-05-03 23:26:00,21.87767904,76.43562844,RD-446,303,113,Mixed,High,Clear,2077,Wet,Yes,Minor,No,20.19,58.51,2022,5,3,23,Tuesday,1,0
5341,2019-03-23 02:05:00,36.23383773,70.32639262,RD-448,371,35,Truck,Medium,Snow,542,Wet,No,None,No,44.32,81.28,2019,3,23,2,Saturday,0,0
5342,2018-07-21 08:51:00,29.91883266,87.79943305,RD-275,64,92,Bus,Low,Snow,2318,Wet,No,None,No,48.45,58.28,2018,7,21,8,Saturday,0,0
5343,2019-05-08 14:16:00,12.49437994,84.9826326,RD-77,434,67,Bus,High,Storm,2514,Under Maintenance,No,None,No,22.74,82.12,2019,5,8,14,Wednesday,0,0
5344,2019-06-16 06:58:00,22.76721873,74.15139703,RD-380,303,28,Mixed,Low,Rain,2583,Under Maintenance,No,None,No,24.84,47.49,2019,6,16,6,Sunday,0,0
5345,2018-12-06 08:01:00,30.72837075,84.88514558,RD-297,225,52,Car,High,Rain,3565,Slippery,No,None,No,48.82,37.73,2018,12,6,8,Thursday,0,0
5346,2019-09-07 11:01:00,23.2125116,95.71210017,RD-120,383,104,Car,High,Rain,2815,Wet,No,None,No,36.13,81.32,2019,9,7,11,Saturday,0,0
5347,2018-06-29 02:40:00,18.34432233,95.73787797,RD-474,171,39,Bus,Low,Storm,7146,Slippery,No,None,No,20.43,65.24,2018,6,29,2,Friday,0,0
5348,2020-02-24 01:10:00,18.92300592,83.4263299,RD-37,492,29,Truck,High,Fog,8395,Under Maintenance,Yes,Minor,No,27.73,83.35,2020,2,24,1,Monday,1,0
5349,2020-02-19 02:09:00,18.64311443,70.84286176,RD-19,20,60,Bus,High,Rain,4261,Wet,No,None,No,33.5,86.27,2020,2,19,2,Wednesday,0,0
5350,2021-01-31 10:18:00,8.578679798,81.28738033,RD-377,216,107,Mixed,High,Clear,5061,Dry,Yes,Minor,No,40.79,33.22,2021,1,31,10,Sunday,1,0
5351,2018-05-08 10:32:00,29.18728824,68.78251813,RD-73,279,25,Truck,High,Clear,4290,Wet,No,None,Yes,41.99,60.06,2018,5,8,10,Tuesday,0,1
5352,2019-06-27 13:04:00,25.71562901,80.04083712,RD-251,346,19,Mixed,High,Snow,1403,Under Maintenance,Yes,None,No,49.86,52.5,2019,6,27,13,Thursday,1,0
5353,2018-12-23 04:11:00,15.79164814,94.37314622,RD-335,30,102,Bus,Very High,Snow,9645,Under Maintenance,Yes,Fatal,No,28.63,67.55,2018,12,23,4,Sunday,1,0
5354,2023-12-06 00:28:00,26.27067782,81.55586703,RD-10,421,77,Bus,High,Rain,7721,Dry,No,None,No,36.15,77.62,2023,12,6,0,Wednesday,0,0
5355,2018-09-14 08:37:00,16.95315205,83.96413404,RD-242,116,7,Mixed,High,Rain,6915,Under Maintenance,No,None,No,36.0,46.84,2018,9,14,8,Friday,0,0
5356,2018-07-10 20:07:00,15.05805916,72.58305857,RD-465,111,14,Truck,High,Snow,5993,Dry,No,None,Yes,32.17,63.41,2018,7,10,20,Tuesday,0,1
5357,2023-12-17 02:36:00,29.49343375,68.45386891,RD-471,351,54,Truck,Medium,Clear,9702,Under Maintenance,No,None,Yes,25.07,72.52,2023,12,17,2,Sunday,0,1
5358,2022-08-02 22:51:00,31.46417868,96.80813567,RD-317,69,83,Bike,High,Storm,6941,Dry,No,None,No,49.32,38.07,2022,8,2,22,Tuesday,0,0
5359,2019-01-29 17:50:00,26.14555013,77.809461,RD-24,43,84,Mixed,High,Storm,1114,Under Maintenance,No,None,No,45.6,78.84,2019,1,29,17,Tuesday,0,0
5360,2021-04-04 07:36:00,30.74025218,76.10114949,RD-125,74,17,Bus,Medium,Storm,5748,Dry,No,None,No,34.95,66.37,2021,4,4,7,Sunday,0,0
5361,2022-03-19 03:36:00,18.60530331,84.56716794,RD-360,224,48,Mixed,Medium,Rain,746,Under Maintenance,No,None,No,38.1,86.97,2022,3,19,3,Saturday,0,0
5362,2022-03-07 09:02:00,10.08230995,89.61423746,RD-333,489,112,Mixed,Low,Storm,9073,Slippery,No,None,No,26.82,50.37,2022,3,7,9,Monday,0,0
5363,2020-04-08 07:24:00,25.54168264,75.29082614,RD-67,269,5,Car,Low,Fog,6870,Dry,No,None,Yes,36.31,36.49,2020,4,8,7,Wednesday,0,1
5364,2021-03-07 07:16:00,15.42331122,83.19959165,RD-8,370,51,Bike,Low,Rain,1279,Under Maintenance,No,None,Yes,40.85,60.39,2021,3,7,7,Sunday,0,1
5365,2023-08-26 20:48:00,30.54690105,77.64643314,RD-89,244,59,Truck,Low,Fog,7085,Under Maintenance,Yes,Minor,No,35.46,35.15,2023,8,26,20,Saturday,1,0
5366,2018-12-06 03:40:00,18.3851191,81.94799972,RD-324,321,37,Car,Medium,Rain,5035,Dry,No,None,No,49.71,88.17,2018,12,6,3,Thursday,0,0
5367,2022-06-10 20:46:00,27.44951813,72.6779875,RD-26,79,76,Bike,Low,Rain,2231,Slippery,No,None,No,38.34,32.32,2022,6,10,20,Friday,0,0
5368,2023-11-13 04:38:00,24.0331174,82.79343012,RD-464,345,20,Car,High,Storm,526,Dry,Yes,Fatal,No,31.13,75.21,2023,11,13,4,Monday,1,0
5369,2023-07-15 01:32:00,31.70705886,69.37306308,RD-158,19,52,Bike,Medium,Rain,1373,Under Maintenance,Yes,Minor,No,43.16,61.51,2023,7,15,1,Saturday,1,0
5370,2023-10-19 04:26:00,32.13685723,92.35992268,RD-421,300,39,Bike,Very High,Fog,3438,Dry,No,None,No,25.11,52.12,2023,10,19,4,Thursday,0,0
5371,2022-10-11 03:30:00,9.980634372,86.20212975,RD-407,225,55,Mixed,High,Clear,7459,Slippery,No,None,Yes,31.54,33.95,2022,10,11,3,Tuesday,0,1
5372,2018-08-31 02:40:00,16.55835407,95.30322249,RD-50,261,64,Bike,Very High,Fog,8339,Under Maintenance,No,None,No,30.41,67.33,2018,8,31,2,Friday,0,0
5373,2021-08-02 09:18:00,33.25549499,85.39222552,RD-234,403,82,Bus,Low,Snow,6131,Dry,No,None,No,32.95,65.11,2021,8,2,9,Monday,0,0
5374,2023-04-12 18:39:00,19.71569926,73.28281644,RD-313,341,109,Bus,Low,Rain,2667,Slippery,Yes,Minor,No,43.45,46.85,2023,4,12,18,Wednesday,1,0
5375,2018-11-14 07:15:00,22.93121096,82.03747203,RD-88,200,95,Bus,High,Fog,453,Slippery,No,None,No,34.53,84.61,2018,11,14,7,Wednesday,0,0
5376,2018-12-12 06:30:00,13.31696982,87.27616738,RD-428,106,48,Bus,Low,Storm,3150,Under Maintenance,No,None,No,43.82,48.25,2018,12,12,6,Wednesday,0,0
5377,2018-03-27 21:05:00,24.02790176,78.8524769,RD-303,228,52,Car,Low,Snow,1756,Wet,No,None,No,37.29,56.98,2018,3,27,21,Tuesday,0,0
5378,2019-04-25 11:47:00,15.67383303,84.02684073,RD-33,418,5,Truck,Low,Clear,7539,Slippery,No,None,No,30.26,62.63,2019,4,25,11,Thursday,0,0
5379,2018-01-21 08:16:00,32.04777376,72.71796682,RD-419,211,107,Truck,Low,Fog,3093,Under Maintenance,No,None,No,44.3,36.01,2018,1,21,8,Sunday,0,0
5380,2023-11-03 01:27:00,13.80709672,90.53660059,RD-419,390,118,Bike,Very High,Fog,1358,Under Maintenance,No,None,No,27.15,85.93,2023,11,3,1,Friday,0,0
5381,2023-09-27 05:23:00,18.435801,94.3763691,RD-55,226,111,Truck,High,Fog,780,Slippery,No,None,No,26.73,52.47,2023,9,27,5,Wednesday,0,0
5382,2023-10-12 23:30:00,10.75714549,77.13142077,RD-59,297,98,Car,Low,Snow,6188,Dry,No,None,No,35.14,34.85,2023,10,12,23,Thursday,0,0
5383,2018-09-30 02:27:00,25.05148041,91.00661026,RD-255,115,39,Bus,Very High,Storm,1370,Slippery,No,None,No,27.83,53.24,2018,9,30,2,Sunday,0,0
5384,2020-11-18 10:29:00,35.31718987,70.66642028,RD-305,65,14,Bus,Medium,Snow,8992,Under Maintenance,No,None,No,20.27,66.01,2020,11,18,10,Wednesday,0,0
5385,2018-09-14 19:17:00,13.0215215,75.15443022,RD-410,163,99,Bus,High,Storm,8275,Wet,No,None,No,39.45,60.82,2018,9,14,19,Friday,0,0
5386,2023-10-16 17:12:00,8.572377916,81.39423193,RD-316,77,16,Truck,High,Storm,7931,Under Maintenance,No,None,Yes,35.33,71.67,2023,10,16,17,Monday,0,1
5387,2021-05-22 20:50:00,20.2514309,79.2058066,RD-113,466,108,Truck,Medium,Clear,9074,Under Maintenance,No,None,Yes,33.37,33.33,2021,5,22,20,Saturday,0,1
5388,2021-05-28 23:32:00,29.70403966,85.96914779,RD-33,420,39,Mixed,Low,Rain,1494,Dry,Yes,Minor,No,49.01,47.07,2021,5,28,23,Friday,1,0
5389,2021-08-28 13:10:00,36.27791865,84.32656488,RD-412,210,102,Mixed,High,Rain,811,Under Maintenance,No,None,No,37.14,79.15,2021,8,28,13,Saturday,0,0
5390,2021-03-05 01:50:00,9.487092959,70.53088757,RD-104,99,43,Truck,Medium,Fog,1414,Slippery,No,None,Yes,45.9,34.79,2021,3,5,1,Friday,0,1
5391,2023-03-07 06:22:00,30.79289472,71.81913777,RD-219,20,100,Bus,Medium,Rain,3677,Slippery,No,None,Yes,24.18,81.33,2023,3,7,6,Tuesday,0,1
5392,2023-12-27 08:56:00,18.69154811,69.49963719,RD-173,446,80,Truck,Very High,Fog,5303,Slippery,No,None,No,37.08,35.51,2023,12,27,8,Wednesday,0,0
5393,2022-03-22 02:45:00,12.45821343,95.62559477,RD-416,111,49,Car,Medium,Snow,9988,Wet,No,None,Yes,46.04,80.07,2022,3,22,2,Tuesday,0,1
5394,2018-11-06 21:51:00,13.57684954,86.71498309,RD-428,297,32,Mixed,High,Rain,3461,Dry,No,None,No,37.49,51.65,2018,11,6,21,Tuesday,0,0
5395,2018-09-14 18:05:00,34.79262911,92.81194747,RD-378,196,87,Bus,Medium,Clear,8141,Dry,No,None,No,41.54,66.73,2018,9,14,18,Friday,0,0
5396,2022-08-18 03:58:00,31.47136851,83.69665259,RD-348,423,28,Mixed,Medium,Clear,3796,Dry,No,None,Yes,31.16,39.17,2022,8,18,3,Thursday,0,1
5397,2021-05-27 05:59:00,17.04014323,73.62130743,RD-206,240,24,Bike,Medium,Clear,8063,Slippery,No,None,Yes,22.77,33.97,2021,5,27,5,Thursday,0,1
5398,2018-01-14 03:45:00,35.2655177,86.17142551,RD-167,146,90,Bike,High,Snow,2747,Wet,No,None,No,33.74,42.96,2018,1,14,3,Sunday,0,0
5399,2021-08-11 21:03:00,11.05234587,82.65482897,RD-62,20,15,Bike,Medium,Fog,7305,Slippery,No,None,No,31.83,37.67,2021,8,11,21,Wednesday,0,0
5400,2022-01-02 10:49:00,17.35355685,79.83757773,RD-500,352,32,Truck,Very High,Snow,8343,Slippery,No,None,No,46.01,48.74,2022,1,2,10,Sunday,0,0
5401,2022-04-20 08:36:00,26.9347139,78.78235316,RD-351,410,113,Mixed,High,Snow,9781,Dry,No,None,No,27.32,60.86,2022,4,20,8,Wednesday,0,0
5402,2019-08-26 22:31:00,36.98315322,86.85221907,RD-295,361,108,Car,Very High,Snow,2664,Wet,Yes,Fatal,No,49.0,65.33,2019,8,26,22,Monday,1,0
5403,2022-08-08 14:52:00,21.5036098,85.91508794,RD-280,276,24,Mixed,Very High,Storm,5704,Under Maintenance,No,None,No,48.74,77.39,2022,8,8,14,Monday,0,0
5404,2019-07-09 21:35:00,31.51073176,72.39541278,RD-71,66,73,Bus,High,Snow,8229,Dry,No,None,No,27.43,69.37,2019,7,9,21,Tuesday,0,0
5405,2021-12-10 17:36:00,34.56011088,91.67043956,RD-165,479,119,Truck,Medium,Rain,9618,Wet,No,None,No,30.44,66.53,2021,12,10,17,Friday,0,0
5406,2023-01-17 02:49:00,8.279224291,86.4466461,RD-429,59,67,Mixed,Low,Fog,2773,Under Maintenance,No,None,No,46.87,54.71,2023,1,17,2,Tuesday,0,0
5407,2023-12-06 20:04:00,16.37928113,83.53844553,RD-494,489,62,Truck,High,Clear,3180,Slippery,No,None,No,49.0,58.43,2023,12,6,20,Wednesday,0,0
5408,2020-03-02 07:16:00,10.91043284,89.71860809,RD-407,82,44,Truck,Medium,Storm,3820,Slippery,No,None,Yes,33.3,54.87,2020,3,2,7,Monday,0,1
5409,2023-11-25 14:31:00,30.50574722,72.45632463,RD-110,346,11,Car,High,Fog,8892,Dry,No,None,No,29.63,80.53,2023,11,25,14,Saturday,0,0
5410,2023-02-03 08:23:00,24.44446238,94.67176881,RD-392,62,90,Bus,Medium,Fog,6314,Wet,No,None,No,35.78,43.8,2023,2,3,8,Friday,0,0
5411,2018-08-23 13:03:00,10.77123837,75.84702893,RD-24,98,41,Car,Medium,Snow,1749,Wet,No,None,No,40.63,30.34,2018,8,23,13,Thursday,0,0
5412,2023-08-17 13:10:00,20.20100688,75.61996382,RD-304,261,109,Car,Low,Clear,4625,Wet,No,None,Yes,28.2,69.08,2023,8,17,13,Thursday,0,1
5413,2021-10-22 03:55:00,22.90511179,91.63217399,RD-89,217,33,Truck,High,Fog,3423,Slippery,No,None,No,42.09,42.15,2021,10,22,3,Friday,0,0
5414,2020-07-30 06:05:00,28.23479185,77.68574495,RD-172,119,80,Truck,High,Rain,5676,Under Maintenance,No,None,No,21.55,83.41,2020,7,30,6,Thursday,0,0
5415,2020-03-26 19:56:00,30.60504283,92.09053842,RD-33,234,97,Car,High,Clear,5353,Dry,No,None,Yes,21.48,81.54,2020,3,26,19,Thursday,0,1
5416,2022-01-15 09:25:00,10.54829386,77.51228637,RD-62,459,40,Bike,Very High,Rain,1852,Dry,No,None,No,31.59,34.6,2022,1,15,9,Saturday,0,0
5417,2020-05-31 01:47:00,22.14172228,83.96995154,RD-141,180,39,Bike,High,Storm,7185,Slippery,No,None,No,30.6,36.38,2020,5,31,1,Sunday,0,0
5418,2020-09-04 01:52:00,12.67257964,74.69450334,RD-73,304,111,Car,Very High,Fog,2197,Dry,Yes,Minor,No,29.47,59.71,2020,9,4,1,Friday,1,0
5419,2020-04-02 14:36:00,29.8444111,89.21409075,RD-388,51,26,Truck,Very High,Storm,7299,Under Maintenance,No,None,No,34.73,66.55,2020,4,2,14,Thursday,0,0
5420,2019-08-22 19:53:00,27.07239618,72.84129201,RD-213,213,22,Truck,Medium,Rain,2963,Slippery,Yes,Major,No,29.62,46.49,2019,8,22,19,Thursday,1,0
5421,2023-08-21 01:05:00,28.96702767,94.0835131,RD-87,427,61,Bus,Very High,Storm,8735,Wet,No,None,Yes,25.77,73.01,2023,8,21,1,Monday,0,1
5422,2020-06-04 20:42:00,10.17483346,78.77781608,RD-357,162,90,Truck,High,Rain,233,Wet,No,None,No,29.28,65.69,2020,6,4,20,Thursday,0,0
5423,2023-01-28 18:46:00,22.79941378,81.67565997,RD-190,87,87,Mixed,Low,Snow,2294,Under Maintenance,No,None,No,49.25,49.49,2023,1,28,18,Saturday,0,0
5424,2023-03-31 16:41:00,32.37683895,68.69663492,RD-284,402,38,Mixed,High,Snow,9252,Slippery,Yes,Major,No,32.33,31.52,2023,3,31,16,Friday,1,0
5425,2018-11-26 17:48:00,28.68690056,96.29790902,RD-85,388,77,Truck,Medium,Storm,1495,Under Maintenance,No,None,No,33.34,75.01,2018,11,26,17,Monday,0,0
5426,2020-09-23 09:04:00,32.99069139,91.58208427,RD-225,231,78,Car,Medium,Rain,1657,Wet,No,None,No,37.3,42.89,2020,9,23,9,Wednesday,0,0
5427,2021-08-20 01:07:00,13.97703151,80.96325831,RD-125,405,87,Mixed,Very High,Fog,2611,Slippery,No,None,No,49.5,80.07,2021,8,20,1,Friday,0,0
5428,2022-02-17 17:56:00,16.32011935,94.68757883,RD-474,275,106,Truck,Medium,Clear,1145,Wet,No,None,Yes,27.25,55.22,2022,2,17,17,Thursday,0,1
5429,2018-07-01 13:42:00,20.79709363,95.00072944,RD-298,225,13,Truck,Medium,Storm,9083,Dry,No,None,Yes,40.44,64.62,2018,7,1,13,Sunday,0,1
5430,2022-03-06 17:20:00,23.17445709,83.45851153,RD-21,171,55,Mixed,Very High,Fog,6730,Slippery,No,None,No,41.48,82.38,2022,3,6,17,Sunday,0,0
5431,2021-02-25 05:39:00,15.31272308,74.78167295,RD-69,85,32,Truck,Very High,Rain,7825,Dry,No,None,No,38.22,81.82,2021,2,25,5,Thursday,0,0
5432,2023-07-08 11:29:00,19.05588329,82.1261997,RD-52,35,98,Car,Medium,Rain,8047,Under Maintenance,No,None,No,22.66,52.29,2023,7,8,11,Saturday,0,0
5433,2022-05-10 15:28:00,27.92423842,77.41915961,RD-406,489,29,Bike,High,Storm,3784,Under Maintenance,No,None,No,40.31,42.53,2022,5,10,15,Tuesday,0,0
5434,2022-10-07 19:06:00,26.71605882,80.99158324,RD-434,44,86,Mixed,High,Fog,1486,Slippery,No,None,No,21.92,76.51,2022,10,7,19,Friday,0,0
5435,2018-09-13 15:48:00,11.20371952,94.43036889,RD-324,86,56,Mixed,Very High,Storm,4518,Dry,No,None,Yes,37.88,55.98,2018,9,13,15,Thursday,0,1
5436,2022-02-26 19:59:00,36.58537663,76.17320299,RD-314,220,30,Truck,Medium,Snow,705,Under Maintenance,No,None,No,42.19,41.52,2022,2,26,19,Saturday,0,0
5437,2021-07-10 23:49:00,24.31961143,92.33003705,RD-193,449,23,Car,Medium,Rain,1023,Slippery,No,None,No,26.33,84.27,2021,7,10,23,Saturday,0,0
5438,2018-09-05 05:06:00,22.0233092,95.12373057,RD-399,470,95,Mixed,High,Snow,727,Dry,Yes,Minor,No,45.25,41.89,2018,9,5,5,Wednesday,1,0
5439,2021-05-23 10:29:00,36.05016829,91.34653084,RD-81,321,104,Truck,Very High,Storm,3549,Under Maintenance,No,None,No,20.91,31.55,2021,5,23,10,Sunday,0,0
5440,2019-04-05 17:43:00,12.06955382,83.29034697,RD-9,479,72,Truck,Medium,Rain,8508,Slippery,No,None,No,45.31,31.22,2019,4,5,17,Friday,0,0
5441,2019-11-14 20:18:00,23.76652723,84.35534205,RD-451,57,53,Truck,Medium,Storm,9141,Wet,No,None,Yes,33.81,67.34,2019,11,14,20,Thursday,0,1
5442,2019-03-21 14:46:00,31.34724988,91.76941488,RD-250,32,30,Bus,Low,Clear,6344,Under Maintenance,No,None,No,26.53,69.7,2019,3,21,14,Thursday,0,0
5443,2021-04-19 04:55:00,19.56820698,69.29052359,RD-42,74,49,Bus,Low,Fog,8393,Slippery,No,None,No,24.01,48.66,2021,4,19,4,Monday,0,0
5444,2019-11-25 16:27:00,29.35283607,89.34196973,RD-4,17,71,Car,Very High,Rain,8098,Slippery,Yes,Minor,No,48.6,49.2,2019,11,25,16,Monday,1,0
5445,2018-02-20 07:29:00,34.07572533,83.33715716,RD-4,240,104,Bike,Low,Rain,5779,Slippery,No,None,No,22.18,50.37,2018,2,20,7,Tuesday,0,0
5446,2022-07-19 20:10:00,15.58793953,79.51698584,RD-92,382,11,Bus,Low,Snow,4365,Wet,No,None,No,25.97,70.81,2022,7,19,20,Tuesday,0,0
5447,2019-10-20 15:27:00,15.00234129,90.24090274,RD-475,235,14,Car,Medium,Clear,7404,Under Maintenance,No,None,No,30.43,33.49,2019,10,20,15,Sunday,0,0
5448,2022-07-02 05:12:00,18.45988053,75.7211696,RD-46,150,113,Truck,Medium,Snow,7384,Under Maintenance,No,None,No,38.61,85.75,2022,7,2,5,Saturday,0,0
5449,2020-03-17 22:07:00,20.13480382,93.9704781,RD-362,245,72,Truck,Very High,Fog,205,Under Maintenance,No,None,No,36.34,43.35,2020,3,17,22,Tuesday,0,0
5450,2023-07-20 06:35:00,11.22028676,87.96614557,RD-334,186,11,Bike,Very High,Storm,9800,Dry,No,None,No,23.77,89.98,2023,7,20,6,Thursday,0,0
5451,2021-09-19 06:42:00,14.70738124,85.6945121,RD-304,264,26,Mixed,Very High,Clear,1435,Wet,No,None,Yes,28.69,40.29,2021,9,19,6,Sunday,0,1
5452,2021-06-23 03:31:00,33.32361276,83.17048853,RD-455,114,98,Bus,Medium,Snow,7129,Wet,No,None,Yes,27.16,76.29,2021,6,23,3,Wednesday,0,1
5453,2019-03-22 05:50:00,24.43114135,74.1699721,RD-146,147,90,Bus,Medium,Storm,3920,Dry,No,None,Yes,26.41,43.4,2019,3,22,5,Friday,0,1
5454,2018-08-04 18:03:00,15.76678842,85.89140383,RD-214,140,57,Truck,Low,Fog,8935,Slippery,No,None,No,32.33,34.85,2018,8,4,18,Saturday,0,0
5455,2018-03-14 07:25:00,35.36424749,89.02250543,RD-356,37,33,Car,High,Fog,1368,Slippery,No,None,No,41.12,82.5,2018,3,14,7,Wednesday,0,0
5456,2021-09-20 12:07:00,30.45502199,68.33900182,RD-414,36,15,Bike,Medium,Clear,4436,Dry,No,None,No,26.52,81.53,2021,9,20,12,Monday,0,0
5457,2022-06-19 12:48:00,18.51048012,78.62615528,RD-406,350,67,Bike,Very High,Clear,3784,Wet,No,None,No,31.0,54.21,2022,6,19,12,Sunday,0,0
5458,2022-09-04 10:02:00,30.1978431,92.14145882,RD-396,20,84,Mixed,Very High,Rain,3821,Dry,Yes,Minor,No,31.73,72.14,2022,9,4,10,Sunday,1,0
5459,2023-03-11 14:43:00,25.28551642,86.33411301,RD-244,225,65,Mixed,Medium,Fog,237,Slippery,No,None,No,49.29,63.42,2023,3,11,14,Saturday,0,0
5460,2018-07-05 05:52:00,27.83073273,85.84284271,RD-355,21,60,Car,High,Rain,2795,Dry,No,None,No,48.64,81.18,2018,7,5,5,Thursday,0,0
5461,2022-04-12 14:24:00,17.3220301,74.62976787,RD-65,16,112,Car,High,Storm,9002,Under Maintenance,No,None,No,44.0,48.9,2022,4,12,14,Tuesday,0,0
5462,2022-04-26 05:13:00,14.0753678,86.33057327,RD-106,179,61,Bike,Very High,Clear,3041,Dry,Yes,Major,No,27.25,61.42,2022,4,26,5,Tuesday,1,0
5463,2018-07-31 17:52:00,15.35383888,90.79835195,RD-74,361,10,Truck,Very High,Rain,8695,Slippery,No,None,No,22.04,59.12,2018,7,31,17,Tuesday,0,0
5464,2022-08-05 09:02:00,10.42829933,79.65093516,RD-328,403,41,Car,Very High,Fog,8559,Wet,No,None,No,29.51,51.23,2022,8,5,9,Friday,0,0
5465,2022-03-03 23:58:00,21.66009092,73.28067221,RD-139,326,17,Car,High,Storm,6031,Under Maintenance,No,None,No,28.0,83.49,2022,3,3,23,Thursday,0,0
5466,2020-11-11 20:20:00,19.78076519,70.24095349,RD-268,73,101,Mixed,Very High,Clear,9598,Dry,Yes,Minor,No,35.18,39.95,2020,11,11,20,Wednesday,1,0
5467,2021-03-07 10:41:00,8.073650498,82.66517433,RD-231,293,51,Mixed,Very High,Fog,2651,Under Maintenance,No,None,No,43.33,38.97,2021,3,7,10,Sunday,0,0
5468,2019-02-20 19:19:00,32.83463334,87.8318992,RD-211,419,119,Mixed,Low,Snow,1476,Slippery,No,None,No,45.75,64.61,2019,2,20,19,Wednesday,0,0
5469,2021-08-15 04:46:00,27.77420735,72.71653857,RD-123,358,76,Truck,Medium,Storm,2723,Slippery,No,None,Yes,45.35,69.45,2021,8,15,4,Sunday,0,1
5470,2023-08-30 04:21:00,20.9554934,80.22186512,RD-481,356,79,Bike,Very High,Storm,3620,Wet,No,None,Yes,30.79,41.68,2023,8,30,4,Wednesday,0,1
5471,2020-05-22 02:52:00,36.04361554,84.49065307,RD-90,189,101,Truck,Low,Snow,7868,Slippery,No,None,No,40.62,53.44,2020,5,22,2,Friday,0,0
5472,2020-11-02 18:14:00,35.2757067,72.51989429,RD-313,467,68,Mixed,Low,Clear,8352,Wet,No,None,Yes,29.39,86.79,2020,11,2,18,Monday,0,1
5473,2018-03-03 14:06:00,10.75781092,75.82680864,RD-355,397,101,Bus,High,Fog,1313,Under Maintenance,No,None,No,21.83,44.8,2018,3,3,14,Saturday,0,0
5474,2022-02-26 09:05:00,25.83903791,85.6439882,RD-20,115,48,Bus,High,Storm,1083,Slippery,No,None,No,41.05,70.1,2022,2,26,9,Saturday,0,0
5475,2021-03-11 12:48:00,31.69365201,89.02569428,RD-306,159,52,Bike,Low,Rain,5761,Dry,No,None,No,20.29,74.41,2021,3,11,12,Thursday,0,0
5476,2023-02-03 16:46:00,13.01560368,86.44380873,RD-93,275,108,Mixed,Very High,Clear,4360,Dry,No,None,No,32.28,56.89,2023,2,3,16,Friday,0,0
5477,2022-04-25 20:45:00,11.7109001,88.69539216,RD-368,397,95,Mixed,Very High,Clear,1635,Dry,No,None,No,29.88,86.25,2022,4,25,20,Monday,0,0
5478,2021-02-23 16:35:00,15.53355559,84.86362989,RD-256,144,114,Truck,High,Fog,5844,Slippery,No,None,Yes,40.8,74.2,2021,2,23,16,Tuesday,0,1
5479,2018-03-21 18:12:00,16.11046322,92.23915443,RD-314,200,107,Bike,High,Snow,6916,Dry,No,None,No,42.99,57.48,2018,3,21,18,Wednesday,0,0
5480,2019-08-30 12:42:00,35.98455375,91.97534316,RD-487,251,22,Truck,High,Storm,3740,Under Maintenance,No,None,No,29.12,64.16,2019,8,30,12,Friday,0,0
5481,2019-05-10 15:47:00,30.63384259,91.09117848,RD-46,96,49,Mixed,Low,Storm,3666,Wet,Yes,Minor,No,44.35,71.56,2019,5,10,15,Friday,1,0
5482,2023-10-29 12:17:00,9.732399227,84.68828554,RD-322,204,36,Car,Low,Rain,802,Dry,Yes,Fatal,No,28.82,65.53,2023,10,29,12,Sunday,1,0
5483,2019-05-22 04:50:00,30.80796115,96.82977586,RD-424,97,113,Bus,Medium,Rain,1135,Dry,No,None,No,33.39,82.72,2019,5,22,4,Wednesday,0,0
5484,2023-02-25 16:14:00,12.91954603,69.1342484,RD-401,376,109,Mixed,Very High,Rain,8321,Slippery,No,None,No,41.81,51.41,2023,2,25,16,Saturday,0,0
5485,2018-11-10 07:40:00,18.36001677,73.6739399,RD-155,494,28,Car,High,Rain,4746,Wet,No,None,No,40.79,47.99,2018,11,10,7,Saturday,0,0
5486,2019-04-08 20:34:00,17.23706862,91.4574415,RD-179,423,90,Bus,Low,Fog,1783,Wet,No,None,No,49.62,42.83,2019,4,8,20,Monday,0,0
5487,2023-11-18 15:01:00,15.89906558,91.96248305,RD-215,370,54,Car,High,Fog,845,Under Maintenance,No,None,No,26.75,32.27,2023,11,18,15,Saturday,0,0
5488,2023-11-02 01:55:00,16.95398295,91.74383182,RD-3,125,63,Bike,Medium,Rain,1554,Dry,No,None,No,39.87,32.58,2023,11,2,1,Thursday,0,0
5489,2023-02-28 08:52:00,29.87184433,93.30870415,RD-286,341,7,Car,Very High,Rain,6636,Under Maintenance,No,None,No,38.29,82.2,2023,2,28,8,Tuesday,0,0
5490,2023-05-11 11:15:00,15.73006298,80.25563015,RD-121,286,71,Car,Very High,Rain,8174,Wet,No,None,Yes,47.45,70.7,2023,5,11,11,Thursday,0,1
5491,2021-06-11 15:21:00,31.22099881,95.02317214,RD-99,441,18,Bike,Medium,Storm,7604,Dry,No,None,No,24.69,69.63,2021,6,11,15,Friday,0,0
5492,2023-03-01 21:18:00,10.6394926,74.06594387,RD-61,282,100,Car,Very High,Fog,5742,Wet,No,None,Yes,42.55,66.88,2023,3,1,21,Wednesday,0,1
5493,2021-05-30 12:09:00,25.25992743,95.17150618,RD-272,460,77,Bus,Very High,Clear,8257,Under Maintenance,No,None,No,37.05,80.95,2021,5,30,12,Sunday,0,0
5494,2019-03-26 08:22:00,33.02702531,84.14367707,RD-49,472,20,Car,Medium,Fog,845,Under Maintenance,No,None,No,28.24,58.82,2019,3,26,8,Tuesday,0,0
5495,2021-08-07 14:56:00,10.29961791,72.75263809,RD-317,365,93,Car,Medium,Fog,857,Slippery,No,None,Yes,34.23,82.22,2021,8,7,14,Saturday,0,1
5496,2018-06-29 00:52:00,26.41174418,89.3462361,RD-186,489,73,Bike,Medium,Storm,5256,Under Maintenance,No,None,No,30.01,51.57,2018,6,29,0,Friday,0,0
5497,2019-04-23 23:23:00,22.8368858,76.58049869,RD-442,18,66,Bus,High,Storm,9625,Dry,No,None,No,37.38,85.6,2019,4,23,23,Tuesday,0,0
5498,2022-12-23 05:35:00,17.6262929,74.39326991,RD-390,433,81,Bike,Very High,Rain,1746,Dry,No,None,No,46.67,71.92,2022,12,23,5,Friday,0,0
5499,2019-01-18 19:05:00,10.91956159,72.99018282,RD-277,251,63,Car,Medium,Snow,7601,Under Maintenance,No,None,No,37.08,45.43,2019,1,18,19,Friday,0,0
5500,2023-12-21 05:42:00,27.61807359,68.85275411,RD-260,393,99,Bike,Low,Fog,2444,Wet,Yes,None,No,38.95,63.85,2023,12,21,5,Thursday,1,0
